2025-12-12 10:25:00 [INFO] :   🗑️ 移除数量: 0
2025-12-12 10:25:00 [INFO] :   📊 过滤率: 0.0%
2025-12-12 10:25:00 [INFO] : ✅ 创建批次记录: batch_20251212_102500_60067509, 工单数: 1
2025-12-12 10:25:00 [INFO] : ✅ 更新批次统计: batch_20251212_102500_60067509, 状态: COMPLETED
2025-12-12 10:25:00 [INFO] : ✅ 保存工单 1949331996534636545 去噪记录成功，批次: batch_20251212_102500_60067509
2025-12-12 10:25:00 [INFO] : ✅ 工单 1949331996534636545 去噪完成: 3 -> 3 条评论
2025-12-12 10:25:00 [INFO] : 🧾 工单 1949331996534636545 首响开关: work_type=URGE_PAYMENT, work_table_name=t_work_2025, is_after_sale=False, raw_comments=3, valid_comments=3
2025-12-12 10:25:00 [INFO] : ✅ 工单 1949331996534636545 有 3 条有效评论，构建完成对话数据
2025-12-12 10:25:00 [INFO] : 工单 1949331996534636545 AI状态更新为: PENDING
2025-12-12 10:25:00 [INFO] : 📋 处理工单 1949331858323931137 (21/50) - 评论表: t_work_comment_2025
2025-12-12 10:25:00 [INFO] : 从表 t_work_comment_2025 获取工单 1949331858323931137 的 5 条完整对话记录（包含客户和客服）
2025-12-12 10:25:00 [INFO] : 💭 工单 1949331858323931137 获取到 5 条原始评论
2025-12-12 10:25:00 [INFO] : 🔍 工单 1949331858323931137 开始去噪处理 5 条有效评论...
2025-12-12 10:25:00 [INFO] : 🔍 开始过滤评论，原始数量: 5
2025-12-12 10:25:00 [INFO] : ✅ 评论过滤完成:
2025-12-12 10:25:00 [INFO] :   📥 原始数量: 5
2025-12-12 10:25:00 [INFO] :   📤 过滤后数量: 5
2025-12-12 10:25:00 [INFO] :   🗑️ 移除数量: 0
2025-12-12 10:25:00 [INFO] :   📊 过滤率: 0.0%
2025-12-12 10:25:00 [INFO] : ✅ 创建批次记录: batch_20251212_102500_47895a71, 工单数: 1
2025-12-12 10:25:00 [INFO] : ✅ 更新批次统计: batch_20251212_102500_47895a71, 状态: COMPLETED
2025-12-12 10:25:00 [INFO] : ✅ 保存工单 1949331858323931137 去噪记录成功，批次: batch_20251212_102500_47895a71
2025-12-12 10:25:00 [INFO] : ✅ 工单 1949331858323931137 去噪完成: 5 -> 5 条评论
2025-12-12 10:25:00 [INFO] : 🧾 工单 1949331858323931137 首响开关: work_type=EXCHANGE, work_table_name=t_work_2025, is_after_sale=False, raw_comments=5, valid_comments=5
2025-12-12 10:25:00 [INFO] : ✅ 工单 1949331858323931137 有 5 条有效评论，构建完成对话数据
2025-12-12 10:25:00 [INFO] : 工单 1949331858323931137 AI状态更新为: PENDING
2025-12-12 10:25:00 [INFO] : 📋 处理工单 1949331733862154241 (22/50) - 评论表: t_work_comment_2025
2025-12-12 10:25:00 [INFO] : 从表 t_work_comment_2025 获取工单 1949331733862154241 的 4 条完整对话记录（包含客户和客服）
2025-12-12 10:25:00 [INFO] : 💭 工单 1949331733862154241 获取到 4 条原始评论
2025-12-12 10:25:00 [INFO] : 🔍 工单 1949331733862154241 开始去噪处理 4 条有效评论...
2025-12-12 10:25:00 [INFO] : 🔍 开始过滤评论，原始数量: 4
2025-12-12 10:25:00 [INFO] : ✅ 评论过滤完成:
2025-12-12 10:25:00 [INFO] :   📥 原始数量: 4
2025-12-12 10:25:00 [INFO] :   📤 过滤后数量: 4
2025-12-12 10:25:00 [INFO] :   🗑️ 移除数量: 0
2025-12-12 10:25:00 [INFO] :   📊 过滤率: 0.0%
2025-12-12 10:25:00 [INFO] : ✅ 创建批次记录: batch_20251212_102500_1ebc3565, 工单数: 1
2025-12-12 10:25:00 [INFO] : ✅ 更新批次统计: batch_20251212_102500_1ebc3565, 状态: COMPLETED
2025-12-12 10:25:00 [INFO] : ✅ 保存工单 1949331733862154241 去噪记录成功，批次: batch_20251212_102500_1ebc3565
2025-12-12 10:25:00 [INFO] : ✅ 工单 1949331733862154241 去噪完成: 4 -> 4 条评论
2025-12-12 10:25:00 [INFO] : ⏳ 工单 1949331733862154241 首响计算开始，评论总数=4
2025-12-12 10:25:00 [INFO] : 👀 工单 1949331733862154241 评论巡检: id=1949331734080258048, user_type=EMPLOYEE, oper_raw=True, is_service=True, is_customer=False, create_time=2025-07-27 12:51:16
2025-12-12 10:25:00 [INFO] : 👀 工单 1949331733862154241 评论巡检: id=1949331747673997312, user_type=EMPLOYEE, oper_raw=True, is_service=True, is_customer=False, create_time=2025-07-27 12:51:20
2025-12-12 10:25:00 [INFO] : 👀 工单 1949331733862154241 评论巡检: id=1949332282951073792, user_type=EMPLOYEE, oper_raw=True, is_service=True, is_customer=False, create_time=2025-07-27 12:53:27
2025-12-12 10:25:00 [INFO] : 👀 工单 1949331733862154241 评论巡检: id=1949332364614172672, user_type=EMPLOYEE, oper_raw=True, is_service=True, is_customer=False, create_time=2025-07-27 12:53:47
2025-12-12 10:25:00 [INFO] : ⏱️ 工单 1949331733862154241 首响计算: first_customer_message_time=None, first_service_reply_time=None, response_seconds=None, threshold_seconds=120, is_timeout=False
2025-12-12 10:25:00 [INFO] : 🧾 工单 1949331733862154241 首响开关: work_type=AFTER_SALE, work_table_name=t_work_2025, is_after_sale=True, raw_comments=4, valid_comments=4
2025-12-12 10:25:00 [INFO] : ✅ 工单 1949331733862154241 有 4 条有效评论，构建完成对话数据
2025-12-12 10:25:00 [INFO] : 工单 1949331733862154241 AI状态更新为: PENDING
2025-12-12 10:25:00 [INFO] : 📋 处理工单 1949331518555947009 (23/50) - 评论表: t_work_comment_2025
2025-12-12 10:25:00 [INFO] : 从表 t_work_comment_2025 获取工单 1949331518555947009 的 3 条完整对话记录（包含客户和客服）
2025-12-12 10:25:00 [INFO] : 💭 工单 1949331518555947009 获取到 3 条原始评论
2025-12-12 10:25:00 [INFO] : 🔍 工单 1949331518555947009 开始去噪处理 3 条有效评论...
2025-12-12 10:25:00 [INFO] : 🔍 开始过滤评论，原始数量: 3
2025-12-12 10:25:00 [INFO] : ✅ 评论过滤完成:
2025-12-12 10:25:00 [INFO] :   📥 原始数量: 3
2025-12-12 10:25:00 [INFO] :   📤 过滤后数量: 3
2025-12-12 10:25:00 [INFO] :   🗑️ 移除数量: 0
2025-12-12 10:25:00 [INFO] :   📊 过滤率: 0.0%
2025-12-12 10:25:00 [INFO] : ✅ 创建批次记录: batch_20251212_102500_12cb81c8, 工单数: 1
2025-12-12 10:25:00 [INFO] : ✅ 更新批次统计: batch_20251212_102500_12cb81c8, 状态: COMPLETED
2025-12-12 10:25:00 [INFO] : ✅ 保存工单 1949331518555947009 去噪记录成功，批次: batch_20251212_102500_12cb81c8
2025-12-12 10:25:00 [INFO] : ✅ 工单 1949331518555947009 去噪完成: 3 -> 3 条评论
2025-12-12 10:25:00 [INFO] : 🧾 工单 1949331518555947009 首响开关: work_type=URGE_PAYMENT, work_table_name=t_work_2025, is_after_sale=False, raw_comments=3, valid_comments=3
2025-12-12 10:25:00 [INFO] : ✅ 工单 1949331518555947009 有 3 条有效评论，构建完成对话数据
2025-12-12 10:25:00 [INFO] : 工单 1949331518555947009 AI状态更新为: PENDING
2025-12-12 10:25:00 [INFO] : 📋 处理工单 1949331484661776385 (24/50) - 评论表: t_work_comment_2025
2025-12-12 10:25:00 [INFO] : 从表 t_work_comment_2025 获取工单 1949331484661776385 的 5 条完整对话记录（包含客户和客服）
2025-12-12 10:25:00 [INFO] : 💭 工单 1949331484661776385 获取到 5 条原始评论
2025-12-12 10:25:00 [INFO] : 🔍 工单 1949331484661776385 开始去噪处理 5 条有效评论...
2025-12-12 10:25:00 [INFO] : 🔍 开始过滤评论，原始数量: 5
2025-12-12 10:25:00 [INFO] : ✅ 评论过滤完成:
2025-12-12 10:25:00 [INFO] :   📥 原始数量: 5
2025-12-12 10:25:00 [INFO] :   📤 过滤后数量: 5
2025-12-12 10:25:00 [INFO] :   🗑️ 移除数量: 0
2025-12-12 10:25:00 [INFO] :   📊 过滤率: 0.0%
2025-12-12 10:25:00 [INFO] : ✅ 创建批次记录: batch_20251212_102500_f81dfd87, 工单数: 1
2025-12-12 10:25:00 [INFO] : ✅ 更新批次统计: batch_20251212_102500_f81dfd87, 状态: COMPLETED
2025-12-12 10:25:00 [INFO] : ✅ 保存工单 1949331484661776385 去噪记录成功，批次: batch_20251212_102500_f81dfd87
2025-12-12 10:25:00 [INFO] : ✅ 工单 1949331484661776385 去噪完成: 5 -> 5 条评论
2025-12-12 10:25:00 [INFO] : 🧾 工单 1949331484661776385 首响开关: work_type=URGE_INSTALL, work_table_name=t_work_2025, is_after_sale=False, raw_comments=5, valid_comments=5
2025-12-12 10:25:00 [INFO] : ✅ 工单 1949331484661776385 有 5 条有效评论，构建完成对话数据
2025-12-12 10:25:00 [INFO] : 工单 1949331484661776385 AI状态更新为: PENDING
2025-12-12 10:25:00 [INFO] : 📋 处理工单 1949331403057397761 (25/50) - 评论表: t_work_comment_2025
2025-12-12 10:25:00 [INFO] : 从表 t_work_comment_2025 获取工单 1949331403057397761 的 6 条完整对话记录（包含客户和客服）
2025-12-12 10:25:00 [INFO] : 💭 工单 1949331403057397761 获取到 6 条原始评论
2025-12-12 10:25:00 [INFO] : 🔍 工单 1949331403057397761 开始去噪处理 6 条有效评论...
2025-12-12 10:25:00 [INFO] : 🔍 开始过滤评论，原始数量: 6
2025-12-12 10:25:00 [INFO] : ✅ 评论过滤完成:
2025-12-12 10:25:00 [INFO] :   📥 原始数量: 6
2025-12-12 10:25:00 [INFO] :   📤 过滤后数量: 6
2025-12-12 10:25:00 [INFO] :   🗑️ 移除数量: 0
2025-12-12 10:25:00 [INFO] :   📊 过滤率: 0.0%
2025-12-12 10:25:00 [INFO] : ✅ 创建批次记录: batch_20251212_102500_dc1e96c5, 工单数: 1
2025-12-12 10:25:00 [INFO] : ✅ 更新批次统计: batch_20251212_102500_dc1e96c5, 状态: COMPLETED
2025-12-12 10:25:00 [INFO] : ✅ 保存工单 1949331403057397761 去噪记录成功，批次: batch_20251212_102500_dc1e96c5
2025-12-12 10:25:00 [INFO] : ✅ 工单 1949331403057397761 去噪完成: 6 -> 6 条评论
2025-12-12 10:25:00 [INFO] : ⏳ 工单 1949331403057397761 首响计算开始，评论总数=6
2025-12-12 10:25:00 [INFO] : 👀 工单 1949331403057397761 评论巡检: id=1949331403279695872, user_type=EMPLOYEE, oper_raw=True, is_service=True, is_customer=False, create_time=2025-07-27 12:49:58
2025-12-12 10:25:00 [INFO] : 👀 工单 1949331403057397761 评论巡检: id=1949331438440546304, user_type=EMPLOYEE, oper_raw=True, is_service=True, is_customer=False, create_time=2025-07-27 12:50:06
2025-12-12 10:25:00 [INFO] : 👀 工单 1949331403057397761 评论巡检: id=1949331554605989888, user_type=EMPLOYEE, oper_raw=True, is_service=True, is_customer=False, create_time=2025-07-27 12:50:34
2025-12-12 10:25:00 [INFO] : 👀 工单 1949331403057397761 评论巡检: id=1949331644368289792, user_type=EMPLOYEE, oper_raw=True, is_service=True, is_customer=False, create_time=2025-07-27 12:50:55
2025-12-12 10:25:00 [INFO] : 👀 工单 1949331403057397761 评论巡检: id=1949332711868989440, user_type=EMPLOYEE, oper_raw=True, is_service=True, is_customer=False, create_time=2025-07-27 12:55:10
2025-12-12 10:25:00 [INFO] : 👀 工单 1949331403057397761 评论巡检: id=1949354818019524608, user_type=EMPLOYEE, oper_raw=True, is_service=True, is_customer=False, create_time=2025-07-27 14:23:00
2025-12-12 10:25:00 [INFO] : ⏱️ 工单 1949331403057397761 首响计算: first_customer_message_time=None, first_service_reply_time=None, response_seconds=None, threshold_seconds=120, is_timeout=False
2025-12-12 10:25:00 [INFO] : 🧾 工单 1949331403057397761 首响开关: work_type=AFTER_SALE, work_table_name=t_work_2025, is_after_sale=True, raw_comments=6, valid_comments=6
2025-12-12 10:25:00 [INFO] : ✅ 工单 1949331403057397761 有 6 条有效评论，构建完成对话数据
2025-12-12 10:25:00 [INFO] : 工单 1949331403057397761 AI状态更新为: PENDING
2025-12-12 10:25:00 [INFO] : 📋 处理工单 1949332991520014337 (26/50) - 评论表: t_work_comment_2025
2025-12-12 10:25:00 [INFO] : 从表 t_work_comment_2025 获取工单 1949332991520014337 的 5 条完整对话记录（包含客户和客服）
2025-12-12 10:25:00 [INFO] : 💭 工单 1949332991520014337 获取到 5 条原始评论
2025-12-12 10:25:00 [INFO] : 🔍 工单 1949332991520014337 开始去噪处理 5 条有效评论...
2025-12-12 10:25:00 [INFO] : 🔍 开始过滤评论，原始数量: 5
2025-12-12 10:25:00 [INFO] : ✅ 评论过滤完成:
2025-12-12 10:25:00 [INFO] :   📥 原始数量: 5
2025-12-12 10:25:00 [INFO] :   📤 过滤后数量: 5
2025-12-12 10:25:00 [INFO] :   🗑️ 移除数量: 0
2025-12-12 10:25:00 [INFO] :   📊 过滤率: 0.0%
2025-12-12 10:25:00 [INFO] : ✅ 创建批次记录: batch_20251212_102500_8bcffc33, 工单数: 1
2025-12-12 10:25:00 [INFO] : ✅ 更新批次统计: batch_20251212_102500_8bcffc33, 状态: COMPLETED
2025-12-12 10:25:00 [INFO] : ✅ 保存工单 1949332991520014337 去噪记录成功，批次: batch_20251212_102500_8bcffc33
2025-12-12 10:25:00 [INFO] : ✅ 工单 1949332991520014337 去噪完成: 5 -> 5 条评论
2025-12-12 10:25:00 [INFO] : ⏳ 工单 1949332991520014337 首响计算开始，评论总数=5
2025-12-12 10:25:00 [INFO] : 👀 工单 1949332991520014337 评论巡检: id=1949332991742312448, user_type=SELLER, oper_raw=True, is_service=False, is_customer=True, create_time=2025-07-27 12:56:16
2025-12-12 10:25:00 [INFO] : 🎯 工单 1949332991520014337 首条客户消息锁定: 2025-07-27 12:56:16
2025-12-12 10:25:00 [INFO] : 👀 工单 1949332991520014337 评论巡检: id=1949333011132579840, user_type=EMPLOYEE, oper_raw=True, is_service=True, is_customer=False, create_time=2025-07-27 12:56:21
2025-12-12 10:25:00 [INFO] : 🎯 工单 1949332991520014337 首条客服回复锁定: 2025-07-27 12:56:21
2025-12-12 10:25:00 [INFO] : ⏱️ 工单 1949332991520014337 首响计算: first_customer_message_time=2025-07-27 12:56:16, first_service_reply_time=2025-07-27 12:56:21, response_seconds=5, threshold_seconds=120, is_timeout=False
2025-12-12 10:25:00 [INFO] : 🧾 工单 1949332991520014337 首响开关: work_type=AFTER_SALE, work_table_name=t_work_2025, is_after_sale=True, raw_comments=5, valid_comments=5
2025-12-12 10:25:00 [INFO] : ✅ 工单 1949332991520014337 有 5 条有效评论，构建完成对话数据
2025-12-12 10:25:00 [INFO] : 工单 1949332991520014337 AI状态更新为: PENDING
2025-12-12 10:25:00 [INFO] : 📋 处理工单 1949334906618249217 (27/50) - 评论表: t_work_comment_2025
2025-12-12 10:25:00 [INFO] : 从表 t_work_comment_2025 获取工单 1949334906618249217 的 4 条完整对话记录（包含客户和客服）
2025-12-12 10:25:00 [INFO] : 💭 工单 1949334906618249217 获取到 4 条原始评论
2025-12-12 10:25:00 [INFO] : 🔍 工单 1949334906618249217 开始去噪处理 4 条有效评论...
2025-12-12 10:25:00 [INFO] : 🔍 开始过滤评论，原始数量: 4
2025-12-12 10:25:00 [INFO] : ✅ 评论过滤完成:
2025-12-12 10:25:00 [INFO] :   📥 原始数量: 4
2025-12-12 10:25:00 [INFO] :   📤 过滤后数量: 4
2025-12-12 10:25:00 [INFO] :   🗑️ 移除数量: 0
2025-12-12 10:25:00 [INFO] :   📊 过滤率: 0.0%
2025-12-12 10:25:00 [INFO] : ✅ 创建批次记录: batch_20251212_102500_9237fa50, 工单数: 1
2025-12-12 10:25:00 [INFO] : ✅ 更新批次统计: batch_20251212_102500_9237fa50, 状态: COMPLETED
2025-12-12 10:25:00 [INFO] : ✅ 保存工单 1949334906618249217 去噪记录成功，批次: batch_20251212_102500_9237fa50
2025-12-12 10:25:00 [INFO] : ✅ 工单 1949334906618249217 去噪完成: 4 -> 4 条评论
2025-12-12 10:25:00 [INFO] : 🧾 工单 1949334906618249217 首响开关: work_type=FILL_ORDER, work_table_name=t_work_2025, is_after_sale=False, raw_comments=4, valid_comments=4
2025-12-12 10:25:00 [INFO] : ✅ 工单 1949334906618249217 有 4 条有效评论，构建完成对话数据
2025-12-12 10:25:00 [INFO] : 工单 1949334906618249217 AI状态更新为: PENDING
2025-12-12 10:25:00 [INFO] : 📋 处理工单 1949334615038623745 (28/50) - 评论表: t_work_comment_2025
2025-12-12 10:25:00 [INFO] : 从表 t_work_comment_2025 获取工单 1949334615038623745 的 5 条完整对话记录（包含客户和客服）
2025-12-12 10:25:00 [INFO] : 💭 工单 1949334615038623745 获取到 5 条原始评论
2025-12-12 10:25:00 [INFO] : 🔍 工单 1949334615038623745 开始去噪处理 5 条有效评论...
2025-12-12 10:25:00 [INFO] : 🔍 开始过滤评论，原始数量: 5
2025-12-12 10:25:00 [INFO] : ✅ 评论过滤完成:
2025-12-12 10:25:00 [INFO] :   📥 原始数量: 5
2025-12-12 10:25:00 [INFO] :   📤 过滤后数量: 5
2025-12-12 10:25:00 [INFO] :   🗑️ 移除数量: 0
2025-12-12 10:25:00 [INFO] :   📊 过滤率: 0.0%
2025-12-12 10:25:00 [INFO] : ✅ 创建批次记录: batch_20251212_102500_46a5ba6e, 工单数: 1
2025-12-12 10:25:00 [INFO] : ✅ 更新批次统计: batch_20251212_102500_46a5ba6e, 状态: COMPLETED
2025-12-12 10:25:00 [INFO] : ✅ 保存工单 1949334615038623745 去噪记录成功，批次: batch_20251212_102500_46a5ba6e
2025-12-12 10:25:00 [INFO] : ✅ 工单 1949334615038623745 去噪完成: 5 -> 5 条评论
2025-12-12 10:25:00 [INFO] : ⏳ 工单 1949334615038623745 首响计算开始，评论总数=5
2025-12-12 10:25:00 [INFO] : 👀 工单 1949334615038623745 评论巡检: id=1949334615260921856, user_type=EMPLOYEE, oper_raw=True, is_service=True, is_customer=False, create_time=2025-07-27 13:02:43
2025-12-12 10:25:00 [INFO] : 👀 工单 1949334615038623745 评论巡检: id=1949334639814377472, user_type=EMPLOYEE, oper_raw=True, is_service=True, is_customer=False, create_time=2025-07-27 13:02:49
2025-12-12 10:25:00 [INFO] : 👀 工单 1949334615038623745 评论巡检: id=1949334927203893248, user_type=EMPLOYEE, oper_raw=True, is_service=True, is_customer=False, create_time=2025-07-27 13:03:58
2025-12-12 10:25:00 [INFO] : 👀 工单 1949334615038623745 评论巡检: id=1951160228531666944, user_type=EMPLOYEE, oper_raw=True, is_service=True, is_customer=False, create_time=2025-08-01 13:57:03
2025-12-12 10:25:00 [INFO] : 👀 工单 1949334615038623745 评论巡检: id=1951160297116925952, user_type=EMPLOYEE, oper_raw=True, is_service=True, is_customer=False, create_time=2025-08-01 13:57:20
2025-12-12 10:25:00 [INFO] : ⏱️ 工单 1949334615038623745 首响计算: first_customer_message_time=None, first_service_reply_time=None, response_seconds=None, threshold_seconds=120, is_timeout=False
2025-12-12 10:25:00 [INFO] : 🧾 工单 1949334615038623745 首响开关: work_type=AFTER_SALE, work_table_name=t_work_2025, is_after_sale=True, raw_comments=5, valid_comments=5
2025-12-12 10:25:00 [INFO] : ✅ 工单 1949334615038623745 有 5 条有效评论，构建完成对话数据
2025-12-12 10:25:00 [INFO] : 工单 1949334615038623745 AI状态更新为: PENDING
2025-12-12 10:25:00 [INFO] : 📋 处理工单 1949334519811145729 (29/50) - 评论表: t_work_comment_2025
2025-12-12 10:25:00 [INFO] : 从表 t_work_comment_2025 获取工单 1949334519811145729 的 7 条完整对话记录（包含客户和客服）
2025-12-12 10:25:00 [INFO] : 💭 工单 1949334519811145729 获取到 7 条原始评论
2025-12-12 10:25:00 [INFO] : 🔍 工单 1949334519811145729 开始去噪处理 7 条有效评论...
2025-12-12 10:25:00 [INFO] : 🔍 开始过滤评论，原始数量: 7
2025-12-12 10:25:00 [INFO] : ✅ 评论过滤完成:
2025-12-12 10:25:00 [INFO] :   📥 原始数量: 7
2025-12-12 10:25:00 [INFO] :   📤 过滤后数量: 7
2025-12-12 10:25:00 [INFO] :   🗑️ 移除数量: 0
2025-12-12 10:25:00 [INFO] :   📊 过滤率: 0.0%
2025-12-12 10:25:00 [INFO] : ✅ 创建批次记录: batch_20251212_102500_443e6f78, 工单数: 1
2025-12-12 10:25:00 [INFO] : ✅ 更新批次统计: batch_20251212_102500_443e6f78, 状态: COMPLETED
2025-12-12 10:25:00 [INFO] : ✅ 保存工单 1949334519811145729 去噪记录成功，批次: batch_20251212_102500_443e6f78
2025-12-12 10:25:00 [INFO] : ✅ 工单 1949334519811145729 去噪完成: 7 -> 7 条评论
2025-12-12 10:25:00 [INFO] : 🧾 工单 1949334519811145729 首响开关: work_type=REPAIR_CHU_JIU, work_table_name=t_work_2025, is_after_sale=False, raw_comments=7, valid_comments=7
2025-12-12 10:25:00 [INFO] : ✅ 工单 1949334519811145729 有 7 条有效评论，构建完成对话数据
2025-12-12 10:25:00 [INFO] : 工单 1949334519811145729 AI状态更新为: PENDING
2025-12-12 10:25:00 [INFO] : 📋 处理工单 1949334472449064961 (30/50) - 评论表: t_work_comment_2025
2025-12-12 10:25:00 [INFO] : 从表 t_work_comment_2025 获取工单 1949334472449064961 的 6 条完整对话记录（包含客户和客服）
2025-12-12 10:25:00 [INFO] : 💭 工单 1949334472449064961 获取到 6 条原始评论
2025-12-12 10:25:00 [INFO] : 🔍 工单 1949334472449064961 开始去噪处理 5 条有效评论...
2025-12-12 10:25:00 [INFO] : 🔍 开始过滤评论，原始数量: 5
2025-12-12 10:25:00 [INFO] : ✅ 评论过滤完成:
2025-12-12 10:25:00 [INFO] :   📥 原始数量: 5
2025-12-12 10:25:00 [INFO] :   📤 过滤后数量: 5
2025-12-12 10:25:00 [INFO] :   🗑️ 移除数量: 0
2025-12-12 10:25:00 [INFO] :   📊 过滤率: 0.0%
2025-12-12 10:25:00 [INFO] : ✅ 创建批次记录: batch_20251212_102500_e83ed0ca, 工单数: 1
2025-12-12 10:25:00 [INFO] : ✅ 更新批次统计: batch_20251212_102500_e83ed0ca, 状态: COMPLETED
2025-12-12 10:25:00 [INFO] : ✅ 保存工单 1949334472449064961 去噪记录成功，批次: batch_20251212_102500_e83ed0ca
2025-12-12 10:25:00 [INFO] : ✅ 工单 1949334472449064961 去噪完成: 5 -> 5 条评论
2025-12-12 10:25:00 [INFO] : ⏳ 工单 1949334472449064961 首响计算开始，评论总数=6
2025-12-12 10:25:00 [INFO] : 👀 工单 1949334472449064961 评论巡检: id=1949334472683945984, user_type=SELLER, oper_raw=True, is_service=False, is_customer=True, create_time=2025-07-27 13:02:09
2025-12-12 10:25:00 [INFO] : 🎯 工单 1949334472449064961 首条客户消息锁定: 2025-07-27 13:02:09
2025-12-12 10:25:00 [INFO] : 👀 工单 1949334472449064961 评论巡检: id=1949334547132841984, user_type=EMPLOYEE, oper_raw=True, is_service=True, is_customer=False, create_time=2025-07-27 13:02:27
2025-12-12 10:25:00 [INFO] : 🎯 工单 1949334472449064961 首条客服回复锁定: 2025-07-27 13:02:27
2025-12-12 10:25:00 [INFO] : ⏱️ 工单 1949334472449064961 首响计算: first_customer_message_time=2025-07-27 13:02:09, first_service_reply_time=2025-07-27 13:02:27, response_seconds=18, threshold_seconds=120, is_timeout=False
2025-12-12 10:25:00 [INFO] : 🧾 工单 1949334472449064961 首响开关: work_type=AFTER_SALE, work_table_name=t_work_2025, is_after_sale=True, raw_comments=6, valid_comments=5
2025-12-12 10:25:00 [INFO] : ✅ 工单 1949334472449064961 有 5 条有效评论，构建完成对话数据
2025-12-12 10:25:00 [INFO] : 工单 1949334472449064961 AI状态更新为: PENDING
2025-12-12 10:25:00 [INFO] : 📋 处理工单 1949334422012559360 (31/50) - 评论表: t_work_comment_2025
2025-12-12 10:25:00 [INFO] : 从表 t_work_comment_2025 获取工单 1949334422012559360 的 5 条完整对话记录（包含客户和客服）
2025-12-12 10:25:00 [INFO] : 💭 工单 1949334422012559360 获取到 5 条原始评论
2025-12-12 10:25:00 [INFO] : 🔍 工单 1949334422012559360 开始去噪处理 5 条有效评论...
2025-12-12 10:25:00 [INFO] : 🔍 开始过滤评论，原始数量: 5
2025-12-12 10:25:00 [INFO] : ✅ 评论过滤完成:
2025-12-12 10:25:00 [INFO] :   📥 原始数量: 5
2025-12-12 10:25:00 [INFO] :   📤 过滤后数量: 5
2025-12-12 10:25:00 [INFO] :   🗑️ 移除数量: 0
2025-12-12 10:25:00 [INFO] :   📊 过滤率: 0.0%
2025-12-12 10:25:00 [INFO] : ✅ 创建批次记录: batch_20251212_102500_675a8978, 工单数: 1
2025-12-12 10:25:00 [INFO] : ✅ 更新批次统计: batch_20251212_102500_675a8978, 状态: COMPLETED
2025-12-12 10:25:00 [INFO] : ✅ 保存工单 1949334422012559360 去噪记录成功，批次: batch_20251212_102500_675a8978
2025-12-12 10:25:00 [INFO] : ✅ 工单 1949334422012559360 去噪完成: 5 -> 5 条评论
2025-12-12 10:25:00 [INFO] : 🧾 工单 1949334422012559360 首响开关: work_type=URGE_INSTALL, work_table_name=t_work_2025, is_after_sale=False, raw_comments=5, valid_comments=5
2025-12-12 10:25:00 [INFO] : ✅ 工单 1949334422012559360 有 5 条有效评论，构建完成对话数据
2025-12-12 10:25:00 [INFO] : 工单 1949334422012559360 AI状态更新为: PENDING
2025-12-12 10:25:00 [INFO] : 📋 处理工单 1949334383940861952 (32/50) - 评论表: t_work_comment_2025
2025-12-12 10:25:00 [INFO] : 从表 t_work_comment_2025 获取工单 1949334383940861952 的 4 条完整对话记录（包含客户和客服）
2025-12-12 10:25:00 [INFO] : 💭 工单 1949334383940861952 获取到 4 条原始评论
2025-12-12 10:25:00 [INFO] : 🔍 工单 1949334383940861952 开始去噪处理 4 条有效评论...
2025-12-12 10:25:00 [INFO] : 🔍 开始过滤评论，原始数量: 4
2025-12-12 10:25:00 [INFO] : ✅ 评论过滤完成:
2025-12-12 10:25:00 [INFO] :   📥 原始数量: 4
2025-12-12 10:25:00 [INFO] :   📤 过滤后数量: 4
2025-12-12 10:25:00 [INFO] :   🗑️ 移除数量: 0
2025-12-12 10:25:00 [INFO] :   📊 过滤率: 0.0%
2025-12-12 10:25:00 [INFO] : ✅ 创建批次记录: batch_20251212_102500_4f91348d, 工单数: 1
2025-12-12 10:25:00 [INFO] : ✅ 更新批次统计: batch_20251212_102500_4f91348d, 状态: COMPLETED
2025-12-12 10:25:00 [INFO] : ✅ 保存工单 1949334383940861952 去噪记录成功，批次: batch_20251212_102500_4f91348d
2025-12-12 10:25:00 [INFO] : ✅ 工单 1949334383940861952 去噪完成: 4 -> 4 条评论
2025-12-12 10:25:00 [INFO] : 🧾 工单 1949334383940861952 首响开关: work_type=URGE_INSTALL, work_table_name=t_work_2025, is_after_sale=False, raw_comments=4, valid_comments=4
2025-12-12 10:25:00 [INFO] : ✅ 工单 1949334383940861952 有 4 条有效评论，构建完成对话数据
2025-12-12 10:25:00 [INFO] : 工单 1949334383940861952 AI状态更新为: PENDING
2025-12-12 10:25:00 [INFO] : 📋 处理工单 1949334265204310017 (33/50) - 评论表: t_work_comment_2025
2025-12-12 10:25:00 [INFO] : 从表 t_work_comment_2025 获取工单 1949334265204310017 的 13 条完整对话记录（包含客户和客服）
2025-12-12 10:25:00 [INFO] : 💭 工单 1949334265204310017 获取到 13 条原始评论
2025-12-12 10:25:00 [INFO] : 🔍 工单 1949334265204310017 开始去噪处理 9 条有效评论...
2025-12-12 10:25:00 [INFO] : 🔍 开始过滤评论，原始数量: 9
2025-12-12 10:25:00 [INFO] : ✅ 评论过滤完成:
2025-12-12 10:25:00 [INFO] :   📥 原始数量: 9
2025-12-12 10:25:00 [INFO] :   📤 过滤后数量: 9
2025-12-12 10:25:00 [INFO] :   🗑️ 移除数量: 0
2025-12-12 10:25:00 [INFO] :   📊 过滤率: 0.0%
2025-12-12 10:25:00 [INFO] : ✅ 创建批次记录: batch_20251212_102500_b6a041a9, 工单数: 1
2025-12-12 10:25:00 [INFO] : ✅ 更新批次统计: batch_20251212_102500_b6a041a9, 状态: COMPLETED
2025-12-12 10:25:00 [INFO] : ✅ 保存工单 1949334265204310017 去噪记录成功，批次: batch_20251212_102500_b6a041a9
2025-12-12 10:25:00 [INFO] : ✅ 工单 1949334265204310017 去噪完成: 9 -> 9 条评论
2025-12-12 10:25:00 [INFO] : ⏳ 工单 1949334265204310017 首响计算开始，评论总数=13
2025-12-12 10:25:00 [INFO] : 👀 工单 1949334265204310017 评论巡检: id=1949334265451773952, user_type=EMPLOYEE, oper_raw=True, is_service=True, is_customer=False, create_time=2025-07-27 13:01:20
2025-12-12 10:25:00 [INFO] : 👀 工单 1949334265204310017 评论巡检: id=1949334305658372096, user_type=EMPLOYEE, oper_raw=True, is_service=True, is_customer=False, create_time=2025-07-27 13:01:30
2025-12-12 10:25:00 [INFO] : 👀 工单 1949334265204310017 评论巡检: id=1949335924076707840, user_type=EMPLOYEE, oper_raw=True, is_service=True, is_customer=False, create_time=2025-07-27 13:07:55
2025-12-12 10:25:00 [INFO] : 👀 工单 1949334265204310017 评论巡检: id=1949678106654539776, user_type=EMPLOYEE, oper_raw=True, is_service=True, is_customer=False, create_time=2025-07-28 11:47:38
2025-12-12 10:25:00 [INFO] : 👀 工单 1949334265204310017 评论巡检: id=1949678227148505088, user_type=EMPLOYEE, oper_raw=True, is_service=True, is_customer=False, create_time=2025-07-28 11:48:07
2025-12-12 10:25:00 [INFO] : 👀 工单 1949334265204310017 评论巡检: id=1949680855114842112, user_type=EMPLOYEE, oper_raw=True, is_service=True, is_customer=False, create_time=2025-07-28 11:58:33
2025-12-12 10:25:00 [INFO] : 👀 工单 1949334265204310017 评论巡检: id=1949683067064942592, user_type=EMPLOYEE, oper_raw=True, is_service=True, is_customer=False, create_time=2025-07-28 12:07:21
2025-12-12 10:25:00 [INFO] : 👀 工单 1949334265204310017 评论巡检: id=1949684246830383104, user_type=EMPLOYEE, oper_raw=True, is_service=True, is_customer=False, create_time=2025-07-28 12:12:02
2025-12-12 10:25:00 [INFO] : 👀 工单 1949334265204310017 评论巡检: id=1949684300735578112, user_type=EMPLOYEE, oper_raw=True, is_service=True, is_customer=False, create_time=2025-07-28 12:12:15
2025-12-12 10:25:00 [INFO] : 👀 工单 1949334265204310017 评论巡检: id=1949685409113964544, user_type=EMPLOYEE, oper_raw=True, is_service=True, is_customer=False, create_time=2025-07-28 12:16:39
2025-12-12 10:25:00 [INFO] : 👀 工单 1949334265204310017 评论巡检: id=1949685881178685440, user_type=EMPLOYEE, oper_raw=True, is_service=True, is_customer=False, create_time=2025-07-28 12:18:32
2025-12-12 10:25:00 [INFO] : 👀 工单 1949334265204310017 评论巡检: id=1949686046069358592, user_type=EMPLOYEE, oper_raw=True, is_service=True, is_customer=False, create_time=2025-07-28 12:19:11
2025-12-12 10:25:00 [INFO] : 👀 工单 1949334265204310017 评论巡检: id=1949689513613721600, user_type=EMPLOYEE, oper_raw=True, is_service=True, is_customer=False, create_time=2025-07-28 12:32:58
2025-12-12 10:25:00 [INFO] : ⏱️ 工单 1949334265204310017 首响计算: first_customer_message_time=None, first_service_reply_time=None, response_seconds=None, threshold_seconds=120, is_timeout=False
2025-12-12 10:25:00 [INFO] : 🧾 工单 1949334265204310017 首响开关: work_type=AFTER_SALE, work_table_name=t_work_2025, is_after_sale=True, raw_comments=13, valid_comments=9
2025-12-12 10:25:00 [INFO] : ✅ 工单 1949334265204310017 有 9 条有效评论，构建完成对话数据
2025-12-12 10:25:00 [INFO] : 工单 1949334265204310017 AI状态更新为: PENDING
2025-12-12 10:25:00 [INFO] : 📋 处理工单 1949334139488436225 (34/50) - 评论表: t_work_comment_2025
2025-12-12 10:25:00 [INFO] : 从表 t_work_comment_2025 获取工单 1949334139488436225 的 17 条完整对话记录（包含客户和客服）
2025-12-12 10:25:00 [INFO] : 💭 工单 1949334139488436225 获取到 17 条原始评论
2025-12-12 10:25:00 [INFO] : 🔍 工单 1949334139488436225 开始去噪处理 17 条有效评论...
2025-12-12 10:25:00 [INFO] : 🔍 开始过滤评论，原始数量: 17
2025-12-12 10:25:00 [INFO] : ✅ 评论过滤完成:
2025-12-12 10:25:00 [INFO] :   📥 原始数量: 17
2025-12-12 10:25:00 [INFO] :   📤 过滤后数量: 17
2025-12-12 10:25:00 [INFO] :   🗑️ 移除数量: 0
2025-12-12 10:25:00 [INFO] :   📊 过滤率: 0.0%
2025-12-12 10:25:00 [INFO] : ✅ 创建批次记录: batch_20251212_102500_46f05d05, 工单数: 1
2025-12-12 10:25:00 [INFO] : ✅ 更新批次统计: batch_20251212_102500_46f05d05, 状态: COMPLETED
2025-12-12 10:25:00 [INFO] : ✅ 保存工单 1949334139488436225 去噪记录成功，批次: batch_20251212_102500_46f05d05
2025-12-12 10:25:00 [INFO] : ✅ 工单 1949334139488436225 去噪完成: 17 -> 17 条评论
2025-12-12 10:25:00 [INFO] : ⏳ 工单 1949334139488436225 首响计算开始，评论总数=17
2025-12-12 10:25:00 [INFO] : 👀 工单 1949334139488436225 评论巡检: id=1949334139710734336, user_type=EMPLOYEE, oper_raw=True, is_service=True, is_customer=False, create_time=2025-07-27 13:00:50
2025-12-12 10:25:00 [INFO] : 👀 工单 1949334139488436225 评论巡检: id=1949334183880949760, user_type=EMPLOYEE, oper_raw=True, is_service=True, is_customer=False, create_time=2025-07-27 13:01:00
2025-12-12 10:25:00 [INFO] : 👀 工单 1949334139488436225 评论巡检: id=1949336118432366592, user_type=EMPLOYEE, oper_raw=True, is_service=True, is_customer=False, create_time=2025-07-27 13:08:42
2025-12-12 10:25:00 [INFO] : 👀 工单 1949334139488436225 评论巡检: id=1949336225923989504, user_type=EMPLOYEE, oper_raw=True, is_service=True, is_customer=False, create_time=2025-07-27 13:09:07
2025-12-12 10:25:00 [INFO] : 👀 工单 1949334139488436225 评论巡检: id=1949336244441841664, user_type=EMPLOYEE, oper_raw=True, is_service=True, is_customer=False, create_time=2025-07-27 13:09:12
2025-12-12 10:25:00 [INFO] : 👀 工单 1949334139488436225 评论巡检: id=1949336264280899584, user_type=EMPLOYEE, oper_raw=True, is_service=True, is_customer=False, create_time=2025-07-27 13:09:16
2025-12-12 10:25:00 [INFO] : 👀 工单 1949334139488436225 评论巡检: id=1949336265438527488, user_type=EMPLOYEE, oper_raw=True, is_service=True, is_customer=False, create_time=2025-07-27 13:09:17
2025-12-12 10:25:00 [INFO] : 👀 工单 1949334139488436225 评论巡检: id=1949336291892002816, user_type=EMPLOYEE, oper_raw=True, is_service=True, is_customer=False, create_time=2025-07-27 13:09:23
2025-12-12 10:25:00 [INFO] : 👀 工单 1949334139488436225 评论巡检: id=1949336315124252672, user_type=EMPLOYEE, oper_raw=True, is_service=True, is_customer=False, create_time=2025-07-27 13:09:29
2025-12-12 10:25:00 [INFO] : 👀 工单 1949334139488436225 评论巡检: id=1949336325438046208, user_type=EMPLOYEE, oper_raw=True, is_service=True, is_customer=False, create_time=2025-07-27 13:09:31
2025-12-12 10:25:00 [INFO] : 👀 工单 1949334139488436225 评论巡检: id=1949336327677804544, user_type=EMPLOYEE, oper_raw=True, is_service=True, is_customer=False, create_time=2025-07-27 13:09:32
2025-12-12 10:25:00 [INFO] : 👀 工单 1949334139488436225 评论巡检: id=1949336333906345984, user_type=EMPLOYEE, oper_raw=True, is_service=True, is_customer=False, create_time=2025-07-27 13:09:33
2025-12-12 10:25:00 [INFO] : 👀 工单 1949334139488436225 评论巡检: id=1949336366059880448, user_type=EMPLOYEE, oper_raw=True, is_service=True, is_customer=False, create_time=2025-07-27 13:09:41
2025-12-12 10:25:00 [INFO] : 👀 工单 1949334139488436225 评论巡检: id=1949336382790959104, user_type=EMPLOYEE, oper_raw=True, is_service=True, is_customer=False, create_time=2025-07-27 13:09:45
2025-12-12 10:25:00 [INFO] : 👀 工单 1949334139488436225 评论巡检: id=1949336426143285248, user_type=EMPLOYEE, oper_raw=True, is_service=True, is_customer=False, create_time=2025-07-27 13:09:55
2025-12-12 10:25:00 [INFO] : 👀 工单 1949334139488436225 评论巡检: id=1949336464152068096, user_type=EMPLOYEE, oper_raw=True, is_service=True, is_customer=False, create_time=2025-07-27 13:10:04
2025-12-12 10:25:00 [INFO] : 👀 工单 1949334139488436225 评论巡检: id=1949336487384317952, user_type=EMPLOYEE, oper_raw=True, is_service=True, is_customer=False, create_time=2025-07-27 13:10:10
2025-12-12 10:25:00 [INFO] : ⏱️ 工单 1949334139488436225 首响计算: first_customer_message_time=None, first_service_reply_time=None, response_seconds=None, threshold_seconds=120, is_timeout=False
2025-12-12 10:25:00 [INFO] : 🧾 工单 1949334139488436225 首响开关: work_type=AFTER_SALE, work_table_name=t_work_2025, is_after_sale=True, raw_comments=17, valid_comments=17
2025-12-12 10:25:00 [INFO] : ✅ 工单 1949334139488436225 有 17 条有效评论，构建完成对话数据
2025-12-12 10:25:00 [INFO] : 工单 1949334139488436225 AI状态更新为: PENDING
2025-12-12 10:25:00 [INFO] : 📋 处理工单 1949334132790132737 (35/50) - 评论表: t_work_comment_2025
2025-12-12 10:25:00 [INFO] : 从表 t_work_comment_2025 获取工单 1949334132790132737 的 5 条完整对话记录（包含客户和客服）
2025-12-12 10:25:00 [INFO] : 💭 工单 1949334132790132737 获取到 5 条原始评论
2025-12-12 10:25:00 [INFO] : 🔍 工单 1949334132790132737 开始去噪处理 5 条有效评论...
2025-12-12 10:25:00 [INFO] : 🔍 开始过滤评论，原始数量: 5
2025-12-12 10:25:00 [INFO] : ✅ 评论过滤完成:
2025-12-12 10:25:00 [INFO] :   📥 原始数量: 5
2025-12-12 10:25:00 [INFO] :   📤 过滤后数量: 5
2025-12-12 10:25:00 [INFO] :   🗑️ 移除数量: 0
2025-12-12 10:25:00 [INFO] :   📊 过滤率: 0.0%
2025-12-12 10:25:00 [INFO] : ✅ 创建批次记录: batch_20251212_102500_af5816d1, 工单数: 1
2025-12-12 10:25:00 [INFO] : ✅ 更新批次统计: batch_20251212_102500_af5816d1, 状态: COMPLETED
2025-12-12 10:25:00 [INFO] : ✅ 保存工单 1949334132790132737 去噪记录成功，批次: batch_20251212_102500_af5816d1
2025-12-12 10:25:00 [INFO] : ✅ 工单 1949334132790132737 去噪完成: 5 -> 5 条评论
2025-12-12 10:25:00 [INFO] : 🧾 工单 1949334132790132737 首响开关: work_type=EXCHANGE, work_table_name=t_work_2025, is_after_sale=False, raw_comments=5, valid_comments=5
2025-12-12 10:25:00 [INFO] : ✅ 工单 1949334132790132737 有 5 条有效评论，构建完成对话数据
2025-12-12 10:25:00 [INFO] : 工单 1949334132790132737 AI状态更新为: PENDING
2025-12-12 10:25:00 [INFO] : 📋 处理工单 1949334099890012161 (36/50) - 评论表: t_work_comment_2025
2025-12-12 10:25:00 [INFO] : 从表 t_work_comment_2025 获取工单 1949334099890012161 的 6 条完整对话记录（包含客户和客服）
2025-12-12 10:25:00 [INFO] : 💭 工单 1949334099890012161 获取到 6 条原始评论
2025-12-12 10:25:00 [INFO] : 🔍 工单 1949334099890012161 开始去噪处理 6 条有效评论...
2025-12-12 10:25:00 [INFO] : 🔍 开始过滤评论，原始数量: 6
2025-12-12 10:25:00 [INFO] : ✅ 评论过滤完成:
2025-12-12 10:25:00 [INFO] :   📥 原始数量: 6
2025-12-12 10:25:00 [INFO] :   📤 过滤后数量: 5
2025-12-12 10:25:00 [INFO] :   🗑️ 移除数量: 1
2025-12-12 10:25:00 [INFO] :   📊 过滤率: 16.7%
2025-12-12 10:25:00 [INFO] : 🔍 过滤原因统计:
2025-12-12 10:25:00 [INFO] :   - 无效数据: 内容过短且非中文: 1 条
2025-12-12 10:25:00 [INFO] : ✅ 创建批次记录: batch_20251212_102500_4bcbcf41, 工单数: 1
2025-12-12 10:25:00 [INFO] : ✅ 更新批次统计: batch_20251212_102500_4bcbcf41, 状态: COMPLETED
2025-12-12 10:25:00 [INFO] : ✅ 保存工单 1949334099890012161 去噪记录成功，批次: batch_20251212_102500_4bcbcf41
2025-12-12 10:25:00 [INFO] : ✅ 工单 1949334099890012161 去噪完成: 6 -> 5 条评论
2025-12-12 10:25:00 [INFO] : 🗑️ 工单 1949334099890012161 去噪移除了 1 条评论
2025-12-12 10:25:00 [INFO] : 🧾 工单 1949334099890012161 首响开关: work_type=EXCHANGE, work_table_name=t_work_2025, is_after_sale=False, raw_comments=6, valid_comments=5
2025-12-12 10:25:00 [INFO] : ✅ 工单 1949334099890012161 有 5 条有效评论，构建完成对话数据
2025-12-12 10:25:00 [INFO] : 工单 1949334099890012161 AI状态更新为: PENDING
2025-12-12 10:25:00 [INFO] : 📋 处理工单 1949334055652687873 (37/50) - 评论表: t_work_comment_2025
2025-12-12 10:25:00 [INFO] : 从表 t_work_comment_2025 获取工单 1949334055652687873 的 13 条完整对话记录（包含客户和客服）
2025-12-12 10:25:00 [INFO] : 💭 工单 1949334055652687873 获取到 13 条原始评论
2025-12-12 10:25:00 [INFO] : 🔍 工单 1949334055652687873 开始去噪处理 10 条有效评论...
2025-12-12 10:25:00 [INFO] : 🔍 开始过滤评论，原始数量: 10
2025-12-12 10:25:00 [INFO] : ✅ 评论过滤完成:
2025-12-12 10:25:00 [INFO] :   📥 原始数量: 10
2025-12-12 10:25:00 [INFO] :   📤 过滤后数量: 10
2025-12-12 10:25:00 [INFO] :   🗑️ 移除数量: 0
2025-12-12 10:25:00 [INFO] :   📊 过滤率: 0.0%
2025-12-12 10:25:00 [INFO] : ✅ 创建批次记录: batch_20251212_102500_be14b62f, 工单数: 1
2025-12-12 10:25:00 [INFO] : ✅ 更新批次统计: batch_20251212_102500_be14b62f, 状态: COMPLETED
2025-12-12 10:25:00 [INFO] : ✅ 保存工单 1949334055652687873 去噪记录成功，批次: batch_20251212_102500_be14b62f
2025-12-12 10:25:00 [INFO] : ✅ 工单 1949334055652687873 去噪完成: 10 -> 10 条评论
2025-12-12 10:25:00 [INFO] : ⏳ 工单 1949334055652687873 首响计算开始，评论总数=13
2025-12-12 10:25:00 [INFO] : 👀 工单 1949334055652687873 评论巡检: id=1949334055874985984, user_type=EMPLOYEE, oper_raw=True, is_service=True, is_customer=False, create_time=2025-07-27 13:00:30
2025-12-12 10:25:00 [INFO] : 👀 工单 1949334055652687873 评论巡检: id=1949334079258230784, user_type=EMPLOYEE, oper_raw=True, is_service=True, is_customer=False, create_time=2025-07-27 13:00:36
2025-12-12 10:25:00 [INFO] : 👀 工单 1949334055652687873 评论巡检: id=1949336089189679104, user_type=EMPLOYEE, oper_raw=True, is_service=True, is_customer=False, create_time=2025-07-27 13:08:35
2025-12-12 10:25:00 [INFO] : 👀 工单 1949334055652687873 评论巡检: id=1949337255671758848, user_type=EMPLOYEE, oper_raw=True, is_service=True, is_customer=False, create_time=2025-07-27 13:13:13
2025-12-12 10:25:00 [INFO] : 👀 工单 1949334055652687873 评论巡检: id=1949337402342375424, user_type=EMPLOYEE, oper_raw=True, is_service=True, is_customer=False, create_time=2025-07-27 13:13:48
2025-12-12 10:25:00 [INFO] : 👀 工单 1949334055652687873 评论巡检: id=1949337849564233728, user_type=EMPLOYEE, oper_raw=True, is_service=True, is_customer=False, create_time=2025-07-27 13:15:34
2025-12-12 10:25:00 [INFO] : 👀 工单 1949334055652687873 评论巡检: id=1949340767763824640, user_type=SELLER, oper_raw=True, is_service=False, is_customer=True, create_time=2025-07-27 13:27:10
2025-12-12 10:25:00 [INFO] : 🎯 工单 1949334055652687873 首条客户消息锁定: 2025-07-27 13:27:10
2025-12-12 10:25:00 [INFO] : 👀 工单 1949334055652687873 评论巡检: id=1949340810768023552, user_type=EMPLOYEE, oper_raw=True, is_service=True, is_customer=False, create_time=2025-07-27 13:27:20
2025-12-12 10:25:00 [INFO] : 🎯 工单 1949334055652687873 首条客服回复锁定: 2025-07-27 13:27:20
2025-12-12 10:25:00 [INFO] : ⏱️ 工单 1949334055652687873 首响计算: first_customer_message_time=2025-07-27 13:27:10, first_service_reply_time=2025-07-27 13:27:20, response_seconds=10, threshold_seconds=120, is_timeout=False
2025-12-12 10:25:00 [INFO] : 🧾 工单 1949334055652687873 首响开关: work_type=AFTER_SALE, work_table_name=t_work_2025, is_after_sale=True, raw_comments=13, valid_comments=10
2025-12-12 10:25:00 [INFO] : ✅ 工单 1949334055652687873 有 10 条有效评论，构建完成对话数据
2025-12-12 10:25:00 [INFO] : 工单 1949334055652687873 AI状态更新为: PENDING
2025-12-12 10:25:00 [INFO] : 📋 处理工单 1949333889516306433 (38/50) - 评论表: t_work_comment_2025
2025-12-12 10:25:00 [INFO] : 从表 t_work_comment_2025 获取工单 1949333889516306433 的 4 条完整对话记录（包含客户和客服）
2025-12-12 10:25:00 [INFO] : 💭 工单 1949333889516306433 获取到 4 条原始评论
2025-12-12 10:25:00 [INFO] : 🔍 工单 1949333889516306433 开始去噪处理 4 条有效评论...
2025-12-12 10:25:00 [INFO] : 🔍 开始过滤评论，原始数量: 4
2025-12-12 10:25:00 [INFO] : ✅ 评论过滤完成:
2025-12-12 10:25:00 [INFO] :   📥 原始数量: 4
2025-12-12 10:25:00 [INFO] :   📤 过滤后数量: 4
2025-12-12 10:25:00 [INFO] :   🗑️ 移除数量: 0
2025-12-12 10:25:00 [INFO] :   📊 过滤率: 0.0%
2025-12-12 10:25:00 [INFO] : ✅ 创建批次记录: batch_20251212_102500_ca136904, 工单数: 1
2025-12-12 10:25:00 [INFO] : ✅ 更新批次统计: batch_20251212_102500_ca136904, 状态: COMPLETED
2025-12-12 10:25:00 [INFO] : ✅ 保存工单 1949333889516306433 去噪记录成功，批次: batch_20251212_102500_ca136904
2025-12-12 10:25:00 [INFO] : ✅ 工单 1949333889516306433 去噪完成: 4 -> 4 条评论
2025-12-12 10:25:00 [INFO] : 🧾 工单 1949333889516306433 首响开关: work_type=CHECK_SELLER, work_table_name=t_work_2025, is_after_sale=False, raw_comments=4, valid_comments=4
2025-12-12 10:25:00 [INFO] : ✅ 工单 1949333889516306433 有 4 条有效评论，构建完成对话数据
2025-12-12 10:25:00 [INFO] : 工单 1949333889516306433 AI状态更新为: PENDING
2025-12-12 10:25:00 [INFO] : 📋 处理工单 1949333863343849473 (39/50) - 评论表: t_work_comment_2025
2025-12-12 10:25:00 [INFO] : 从表 t_work_comment_2025 获取工单 1949333863343849473 的 5 条完整对话记录（包含客户和客服）
2025-12-12 10:25:00 [INFO] : 💭 工单 1949333863343849473 获取到 5 条原始评论
2025-12-12 10:25:00 [INFO] : 🔍 工单 1949333863343849473 开始去噪处理 5 条有效评论...
2025-12-12 10:25:00 [INFO] : 🔍 开始过滤评论，原始数量: 5
2025-12-12 10:25:00 [INFO] : ✅ 评论过滤完成:
2025-12-12 10:25:00 [INFO] :   📥 原始数量: 5
2025-12-12 10:25:00 [INFO] :   📤 过滤后数量: 5
2025-12-12 10:25:00 [INFO] :   🗑️ 移除数量: 0
2025-12-12 10:25:00 [INFO] :   📊 过滤率: 0.0%
2025-12-12 10:25:00 [INFO] : ✅ 创建批次记录: batch_20251212_102500_50f64dae, 工单数: 1
2025-12-12 10:25:00 [INFO] : ✅ 更新批次统计: batch_20251212_102500_50f64dae, 状态: COMPLETED
2025-12-12 10:25:00 [INFO] : ✅ 保存工单 1949333863343849473 去噪记录成功，批次: batch_20251212_102500_50f64dae
2025-12-12 10:25:00 [INFO] : ✅ 工单 1949333863343849473 去噪完成: 5 -> 5 条评论
2025-12-12 10:25:00 [INFO] : 🧾 工单 1949333863343849473 首响开关: work_type=ADD_WECHAT, work_table_name=t_work_2025, is_after_sale=False, raw_comments=5, valid_comments=5
2025-12-12 10:25:00 [INFO] : ✅ 工单 1949333863343849473 有 5 条有效评论，构建完成对话数据
2025-12-12 10:25:00 [INFO] : 工单 1949333863343849473 AI状态更新为: PENDING
2025-12-12 10:25:00 [INFO] : 📋 处理工单 1949333841017569281 (40/50) - 评论表: t_work_comment_2025
2025-12-12 10:25:00 [INFO] : 从表 t_work_comment_2025 获取工单 1949333841017569281 的 4 条完整对话记录（包含客户和客服）
2025-12-12 10:25:00 [INFO] : 💭 工单 1949333841017569281 获取到 4 条原始评论
2025-12-12 10:25:00 [INFO] : 🔍 工单 1949333841017569281 开始去噪处理 4 条有效评论...
2025-12-12 10:25:00 [INFO] : 🔍 开始过滤评论，原始数量: 4
2025-12-12 10:25:00 [INFO] : ✅ 评论过滤完成:
2025-12-12 10:25:00 [INFO] :   📥 原始数量: 4
2025-12-12 10:25:00 [INFO] :   📤 过滤后数量: 4
2025-12-12 10:25:00 [INFO] :   🗑️ 移除数量: 0
2025-12-12 10:25:00 [INFO] :   📊 过滤率: 0.0%
2025-12-12 10:25:00 [INFO] : ✅ 创建批次记录: batch_20251212_102500_67166420, 工单数: 1
2025-12-12 10:25:00 [INFO] : ✅ 更新批次统计: batch_20251212_102500_67166420, 状态: COMPLETED
2025-12-12 10:25:00 [INFO] : ✅ 保存工单 1949333841017569281 去噪记录成功，批次: batch_20251212_102500_67166420
2025-12-12 10:25:00 [INFO] : ✅ 工单 1949333841017569281 去噪完成: 4 -> 4 条评论
2025-12-12 10:25:00 [INFO] : 🧾 工单 1949333841017569281 首响开关: work_type=SETTLEMENT_OF_VERIFY, work_table_name=t_work_2025, is_after_sale=False, raw_comments=4, valid_comments=4
2025-12-12 10:25:00 [INFO] : ✅ 工单 1949333841017569281 有 4 条有效评论，构建完成对话数据
2025-12-12 10:25:00 [INFO] : 工单 1949333841017569281 AI状态更新为: PENDING
2025-12-12 10:25:00 [INFO] : 📋 处理工单 1949333735472103425 (41/50) - 评论表: t_work_comment_2025
2025-12-12 10:25:00 [INFO] : 从表 t_work_comment_2025 获取工单 1949333735472103425 的 2 条完整对话记录（包含客户和客服）
2025-12-12 10:25:00 [INFO] : 💭 工单 1949333735472103425 获取到 2 条原始评论
2025-12-12 10:25:00 [INFO] : 🔍 工单 1949333735472103425 开始去噪处理 2 条有效评论...
2025-12-12 10:25:00 [INFO] : 🔍 开始过滤评论，原始数量: 2
2025-12-12 10:25:00 [INFO] : ✅ 评论过滤完成:
2025-12-12 10:25:00 [INFO] :   📥 原始数量: 2
2025-12-12 10:25:00 [INFO] :   📤 过滤后数量: 2
2025-12-12 10:25:00 [INFO] :   🗑️ 移除数量: 0
2025-12-12 10:25:00 [INFO] :   📊 过滤率: 0.0%
2025-12-12 10:25:00 [INFO] : ✅ 创建批次记录: batch_20251212_102500_c431b101, 工单数: 1
2025-12-12 10:25:00 [INFO] : ✅ 更新批次统计: batch_20251212_102500_c431b101, 状态: COMPLETED
2025-12-12 10:25:00 [INFO] : ✅ 保存工单 1949333735472103425 去噪记录成功，批次: batch_20251212_102500_c431b101
2025-12-12 10:25:00 [INFO] : ✅ 工单 1949333735472103425 去噪完成: 2 -> 2 条评论
2025-12-12 10:25:00 [INFO] : 🧾 工单 1949333735472103425 首响开关: work_type=ORDER_FEEDBACK, work_table_name=t_work_2025, is_after_sale=False, raw_comments=2, valid_comments=2
2025-12-12 10:25:00 [INFO] : ✅ 工单 1949333735472103425 有 2 条有效评论，构建完成对话数据
2025-12-12 10:25:00 [INFO] : 工单 1949333735472103425 AI状态更新为: PENDING
2025-12-12 10:25:00 [INFO] : 📋 处理工单 1949333713804328961 (42/50) - 评论表: t_work_comment_2025
2025-12-12 10:25:00 [INFO] : 从表 t_work_comment_2025 获取工单 1949333713804328961 的 32 条完整对话记录（包含客户和客服）
2025-12-12 10:25:00 [INFO] : 💭 工单 1949333713804328961 获取到 32 条原始评论
2025-12-12 10:25:00 [INFO] : 🔍 工单 1949333713804328961 开始去噪处理 29 条有效评论...
2025-12-12 10:25:00 [INFO] : 🔍 开始过滤评论，原始数量: 29
2025-12-12 10:25:00 [INFO] : ✅ 评论过滤完成:
2025-12-12 10:25:00 [INFO] :   📥 原始数量: 29
2025-12-12 10:25:00 [INFO] :   📤 过滤后数量: 29
2025-12-12 10:25:00 [INFO] :   🗑️ 移除数量: 0
2025-12-12 10:25:00 [INFO] :   📊 过滤率: 0.0%
2025-12-12 10:25:00 [INFO] : ✅ 创建批次记录: batch_20251212_102500_ee853387, 工单数: 1
2025-12-12 10:25:00 [INFO] : ✅ 更新批次统计: batch_20251212_102500_ee853387, 状态: COMPLETED
2025-12-12 10:25:00 [INFO] : ✅ 保存工单 1949333713804328961 去噪记录成功，批次: batch_20251212_102500_ee853387
2025-12-12 10:25:00 [INFO] : ✅ 工单 1949333713804328961 去噪完成: 29 -> 29 条评论
2025-12-12 10:25:00 [INFO] : ⏳ 工单 1949333713804328961 首响计算开始，评论总数=32
2025-12-12 10:25:00 [INFO] : 👀 工单 1949333713804328961 评论巡检: id=1949333714039209984, user_type=EMPLOYEE, oper_raw=True, is_service=True, is_customer=False, create_time=2025-07-27 12:59:08
2025-12-12 10:25:00 [INFO] : 👀 工单 1949333713804328961 评论巡检: id=1949334328416665600, user_type=EMPLOYEE, oper_raw=True, is_service=True, is_customer=False, create_time=2025-07-27 13:01:35
2025-12-12 10:25:00 [INFO] : 👀 工单 1949333713804328961 评论巡检: id=1949334400554500096, user_type=EMPLOYEE, oper_raw=True, is_service=True, is_customer=False, create_time=2025-07-27 13:01:52
2025-12-12 10:25:00 [INFO] : 👀 工单 1949333713804328961 评论巡检: id=1949334464018513920, user_type=EMPLOYEE, oper_raw=True, is_service=True, is_customer=False, create_time=2025-07-27 13:02:07
2025-12-12 10:25:00 [INFO] : 👀 工单 1949333713804328961 评论巡检: id=1949335036259991552, user_type=EMPLOYEE, oper_raw=True, is_service=True, is_customer=False, create_time=2025-07-27 13:04:24
2025-12-12 10:25:00 [INFO] : 👀 工单 1949333713804328961 评论巡检: id=1949337531153645568, user_type=EMPLOYEE, oper_raw=True, is_service=True, is_customer=False, create_time=2025-07-27 13:14:19
2025-12-12 10:25:00 [INFO] : 👀 工单 1949333713804328961 评论巡检: id=1949337770170253312, user_type=EMPLOYEE, oper_raw=True, is_service=True, is_customer=False, create_time=2025-07-27 13:15:16
2025-12-12 10:25:00 [INFO] : 👀 工单 1949333713804328961 评论巡检: id=1949338513455448064, user_type=EMPLOYEE, oper_raw=True, is_service=True, is_customer=False, create_time=2025-07-27 13:18:13
2025-12-12 10:25:00 [INFO] : 👀 工单 1949333713804328961 评论巡检: id=1949338662663618560, user_type=EMPLOYEE, oper_raw=True, is_service=True, is_customer=False, create_time=2025-07-27 13:18:48
2025-12-12 10:25:00 [INFO] : 👀 工单 1949333713804328961 评论巡检: id=1949339328131891200, user_type=EMPLOYEE, oper_raw=True, is_service=True, is_customer=False, create_time=2025-07-27 13:21:27
2025-12-12 10:25:00 [INFO] : 👀 工单 1949333713804328961 评论巡检: id=1949341027160555520, user_type=EMPLOYEE, oper_raw=True, is_service=True, is_customer=False, create_time=2025-07-27 13:28:12
2025-12-12 10:25:00 [INFO] : 👀 工单 1949333713804328961 评论巡检: id=1949341089466941440, user_type=EMPLOYEE, oper_raw=True, is_service=True, is_customer=False, create_time=2025-07-27 13:28:27
2025-12-12 10:25:00 [INFO] : 👀 工单 1949333713804328961 评论巡检: id=1949343483458224128, user_type=EMPLOYEE, oper_raw=True, is_service=True, is_customer=False, create_time=2025-07-27 13:37:58
2025-12-12 10:25:00 [INFO] : 👀 工单 1949333713804328961 评论巡检: id=1949794421797027840, user_type=EMPLOYEE, oper_raw=True, is_service=True, is_customer=False, create_time=2025-07-28 19:29:50
2025-12-12 10:25:00 [INFO] : 👀 工单 1949333713804328961 评论巡检: id=1949795055413755904, user_type=EMPLOYEE, oper_raw=True, is_service=True, is_customer=False, create_time=2025-07-28 19:32:21
2025-12-12 10:25:00 [INFO] : 👀 工单 1949333713804328961 评论巡检: id=1949795748505714688, user_type=EMPLOYEE, oper_raw=True, is_service=True, is_customer=False, create_time=2025-07-28 19:35:06
2025-12-12 10:25:00 [INFO] : 👀 工单 1949333713804328961 评论巡检: id=1950003835137163264, user_type=EMPLOYEE, oper_raw=True, is_service=True, is_customer=False, create_time=2025-07-29 09:21:58
2025-12-12 10:25:00 [INFO] : 👀 工单 1949333713804328961 评论巡检: id=1950003881488416768, user_type=EMPLOYEE, oper_raw=True, is_service=True, is_customer=False, create_time=2025-07-29 09:22:09
2025-12-12 10:25:00 [INFO] : 👀 工单 1949333713804328961 评论巡检: id=1950016994182955008, user_type=EMPLOYEE, oper_raw=True, is_service=True, is_customer=False, create_time=2025-07-29 10:14:15
2025-12-12 10:25:00 [INFO] : 👀 工单 1949333713804328961 评论巡检: id=1950135066025787392, user_type=EMPLOYEE, oper_raw=True, is_service=True, is_customer=False, create_time=2025-07-29 18:03:26
2025-12-12 10:25:00 [INFO] : 👀 工单 1949333713804328961 评论巡检: id=1950135115908644864, user_type=EMPLOYEE, oper_raw=True, is_service=True, is_customer=False, create_time=2025-07-29 18:03:38
2025-12-12 10:25:00 [INFO] : 👀 工单 1949333713804328961 评论巡检: id=1950136762080690176, user_type=EMPLOYEE, oper_raw=True, is_service=True, is_customer=False, create_time=2025-07-29 18:10:10
2025-12-12 10:25:00 [INFO] : 👀 工单 1949333713804328961 评论巡检: id=1950430231198171136, user_type=EMPLOYEE, oper_raw=True, is_service=True, is_customer=False, create_time=2025-07-30 13:36:19
2025-12-12 10:25:00 [INFO] : 👀 工单 1949333713804328961 评论巡检: id=1950433463337222144, user_type=EMPLOYEE, oper_raw=True, is_service=True, is_customer=False, create_time=2025-07-30 13:49:09
2025-12-12 10:25:00 [INFO] : 👀 工单 1949333713804328961 评论巡检: id=1950433738127048704, user_type=EMPLOYEE, oper_raw=True, is_service=True, is_customer=False, create_time=2025-07-30 13:50:15
2025-12-12 10:25:00 [INFO] : 👀 工单 1949333713804328961 评论巡检: id=1950434020365959168, user_type=EMPLOYEE, oper_raw=True, is_service=True, is_customer=False, create_time=2025-07-30 13:51:22
2025-12-12 10:25:00 [INFO] : 👀 工单 1949333713804328961 评论巡检: id=1950434538047930368, user_type=EMPLOYEE, oper_raw=True, is_service=True, is_customer=False, create_time=2025-07-30 13:53:25
2025-12-12 10:25:00 [INFO] : 👀 工单 1949333713804328961 评论巡检: id=1950435879407321088, user_type=EMPLOYEE, oper_raw=True, is_service=True, is_customer=False, create_time=2025-07-30 13:58:45
2025-12-12 10:25:00 [INFO] : 👀 工单 1949333713804328961 评论巡检: id=1950436633392185344, user_type=EMPLOYEE, oper_raw=True, is_service=True, is_customer=False, create_time=2025-07-30 14:01:45
2025-12-12 10:25:00 [INFO] : 👀 工单 1949333713804328961 评论巡检: id=1950437343353634816, user_type=EMPLOYEE, oper_raw=True, is_service=True, is_customer=False, create_time=2025-07-30 14:04:34
2025-12-12 10:25:00 [INFO] : 👀 工单 1949333713804328961 评论巡检: id=1952298903156031488, user_type=EMPLOYEE, oper_raw=True, is_service=True, is_customer=False, create_time=2025-08-04 17:21:45
2025-12-12 10:25:00 [INFO] : 👀 工单 1949333713804328961 评论巡检: id=1952298916573609984, user_type=EMPLOYEE, oper_raw=True, is_service=True, is_customer=False, create_time=2025-08-04 17:21:48
2025-12-12 10:25:00 [INFO] : ⏱️ 工单 1949333713804328961 首响计算: first_customer_message_time=None, first_service_reply_time=None, response_seconds=None, threshold_seconds=120, is_timeout=False
2025-12-12 10:25:00 [INFO] : 🧾 工单 1949333713804328961 首响开关: work_type=AFTER_SALE, work_table_name=t_work_2025, is_after_sale=True, raw_comments=32, valid_comments=29
2025-12-12 10:25:00 [INFO] : ✅ 工单 1949333713804328961 有 29 条有效评论，构建完成对话数据
2025-12-12 10:25:00 [INFO] : 工单 1949333713804328961 AI状态更新为: PENDING
2025-12-12 10:25:00 [INFO] : 📋 处理工单 1949333621332508673 (43/50) - 评论表: t_work_comment_2025
2025-12-12 10:25:00 [INFO] : 从表 t_work_comment_2025 获取工单 1949333621332508673 的 9 条完整对话记录（包含客户和客服）
2025-12-12 10:25:00 [INFO] : 💭 工单 1949333621332508673 获取到 9 条原始评论
2025-12-12 10:25:00 [INFO] : 🔍 工单 1949333621332508673 开始去噪处理 9 条有效评论...
2025-12-12 10:25:00 [INFO] : 🔍 开始过滤评论，原始数量: 9
2025-12-12 10:25:00 [INFO] : ✅ 评论过滤完成:
2025-12-12 10:25:00 [INFO] :   📥 原始数量: 9
2025-12-12 10:25:00 [INFO] :   📤 过滤后数量: 9
2025-12-12 10:25:00 [INFO] :   🗑️ 移除数量: 0
2025-12-12 10:25:00 [INFO] :   📊 过滤率: 0.0%
2025-12-12 10:25:00 [INFO] : ✅ 创建批次记录: batch_20251212_102500_ad934574, 工单数: 1
2025-12-12 10:25:00 [INFO] : ✅ 更新批次统计: batch_20251212_102500_ad934574, 状态: COMPLETED
2025-12-12 10:25:00 [INFO] : ✅ 保存工单 1949333621332508673 去噪记录成功，批次: batch_20251212_102500_ad934574
2025-12-12 10:25:00 [INFO] : ✅ 工单 1949333621332508673 去噪完成: 9 -> 9 条评论
2025-12-12 10:25:00 [INFO] : ⏳ 工单 1949333621332508673 首响计算开始，评论总数=9
2025-12-12 10:25:00 [INFO] : 👀 工单 1949333621332508673 评论巡检: id=1949333621571584000, user_type=SELLER, oper_raw=True, is_service=False, is_customer=True, create_time=2025-07-27 12:58:46
2025-12-12 10:25:00 [INFO] : 🎯 工单 1949333621332508673 首条客户消息锁定: 2025-07-27 12:58:46
2025-12-12 10:25:00 [INFO] : 👀 工单 1949333621332508673 评论巡检: id=1949334013038559232, user_type=EMPLOYEE, oper_raw=True, is_service=True, is_customer=False, create_time=2025-07-27 13:00:20
2025-12-12 10:25:00 [INFO] : 🎯 工单 1949333621332508673 首条客服回复锁定: 2025-07-27 13:00:20
2025-12-12 10:25:00 [INFO] : ⏱️ 工单 1949333621332508673 首响计算: first_customer_message_time=2025-07-27 12:58:46, first_service_reply_time=2025-07-27 13:00:20, response_seconds=94, threshold_seconds=120, is_timeout=False
2025-12-12 10:25:00 [INFO] : 🧾 工单 1949333621332508673 首响开关: work_type=AFTER_SALE, work_table_name=t_work_2025, is_after_sale=True, raw_comments=9, valid_comments=9
2025-12-12 10:25:00 [INFO] : ✅ 工单 1949333621332508673 有 9 条有效评论，构建完成对话数据
2025-12-12 10:25:00 [INFO] : 工单 1949333621332508673 AI状态更新为: PENDING
2025-12-12 10:25:00 [INFO] : 📋 处理工单 1949333576633810945 (44/50) - 评论表: t_work_comment_2025
2025-12-12 10:25:00 [INFO] : 从表 t_work_comment_2025 获取工单 1949333576633810945 的 2 条完整对话记录（包含客户和客服）
2025-12-12 10:25:00 [INFO] : 💭 工单 1949333576633810945 获取到 2 条原始评论
2025-12-12 10:25:00 [INFO] : 🔍 工单 1949333576633810945 开始去噪处理 2 条有效评论...
2025-12-12 10:25:00 [INFO] : 🔍 开始过滤评论，原始数量: 2
2025-12-12 10:25:00 [INFO] : ✅ 评论过滤完成:
2025-12-12 10:25:00 [INFO] :   📥 原始数量: 2
2025-12-12 10:25:00 [INFO] :   📤 过滤后数量: 2
2025-12-12 10:25:00 [INFO] :   🗑️ 移除数量: 0
2025-12-12 10:25:00 [INFO] :   📊 过滤率: 0.0%
2025-12-12 10:25:00 [INFO] : ✅ 创建批次记录: batch_20251212_102500_fe575951, 工单数: 1
2025-12-12 10:25:00 [INFO] : ✅ 更新批次统计: batch_20251212_102500_fe575951, 状态: COMPLETED
2025-12-12 10:25:00 [INFO] : ✅ 保存工单 1949333576633810945 去噪记录成功，批次: batch_20251212_102500_fe575951
2025-12-12 10:25:00 [INFO] : ✅ 工单 1949333576633810945 去噪完成: 2 -> 2 条评论
2025-12-12 10:25:00 [INFO] : 🧾 工单 1949333576633810945 首响开关: work_type=ORDER_FEEDBACK, work_table_name=t_work_2025, is_after_sale=False, raw_comments=2, valid_comments=2
2025-12-12 10:25:00 [INFO] : ✅ 工单 1949333576633810945 有 2 条有效评论，构建完成对话数据
2025-12-12 10:25:00 [INFO] : 工单 1949333576633810945 AI状态更新为: PENDING
2025-12-12 10:25:00 [INFO] : 📋 处理工单 1949333458476072961 (45/50) - 评论表: t_work_comment_2025
2025-12-12 10:25:00 [INFO] : 从表 t_work_comment_2025 获取工单 1949333458476072961 的 5 条完整对话记录（包含客户和客服）
2025-12-12 10:25:00 [INFO] : 💭 工单 1949333458476072961 获取到 5 条原始评论
2025-12-12 10:25:00 [INFO] : 🔍 工单 1949333458476072961 开始去噪处理 5 条有效评论...
2025-12-12 10:25:00 [INFO] : 🔍 开始过滤评论，原始数量: 5
2025-12-12 10:25:00 [INFO] : ✅ 评论过滤完成:
2025-12-12 10:25:00 [INFO] :   📥 原始数量: 5
2025-12-12 10:25:00 [INFO] :   📤 过滤后数量: 5
2025-12-12 10:25:00 [INFO] :   🗑️ 移除数量: 0
2025-12-12 10:25:00 [INFO] :   📊 过滤率: 0.0%
2025-12-12 10:25:00 [INFO] : ✅ 创建批次记录: batch_20251212_102500_226795ec, 工单数: 1
2025-12-12 10:25:00 [INFO] : ✅ 更新批次统计: batch_20251212_102500_226795ec, 状态: COMPLETED
2025-12-12 10:25:00 [INFO] : ✅ 保存工单 1949333458476072961 去噪记录成功，批次: batch_20251212_102500_226795ec
2025-12-12 10:25:00 [INFO] : ✅ 工单 1949333458476072961 去噪完成: 5 -> 5 条评论
2025-12-12 10:25:00 [INFO] : 🧾 工单 1949333458476072961 首响开关: work_type=EXCHANGE, work_table_name=t_work_2025, is_after_sale=False, raw_comments=5, valid_comments=5
2025-12-12 10:25:00 [INFO] : ✅ 工单 1949333458476072961 有 5 条有效评论，构建完成对话数据
2025-12-12 10:25:00 [INFO] : 工单 1949333458476072961 AI状态更新为: PENDING
2025-12-12 10:25:00 [INFO] : 📋 处理工单 1949333407112626177 (46/50) - 评论表: t_work_comment_2025
2025-12-12 10:25:00 [INFO] : 从表 t_work_comment_2025 获取工单 1949333407112626177 的 4 条完整对话记录（包含客户和客服）
2025-12-12 10:25:00 [INFO] : 💭 工单 1949333407112626177 获取到 4 条原始评论
2025-12-12 10:25:00 [INFO] : 🔍 工单 1949333407112626177 开始去噪处理 3 条有效评论...
2025-12-12 10:25:00 [INFO] : 🔍 开始过滤评论，原始数量: 3
2025-12-12 10:25:00 [INFO] : ✅ 评论过滤完成:
2025-12-12 10:25:00 [INFO] :   📥 原始数量: 3
2025-12-12 10:25:00 [INFO] :   📤 过滤后数量: 3
2025-12-12 10:25:00 [INFO] :   🗑️ 移除数量: 0
2025-12-12 10:25:00 [INFO] :   📊 过滤率: 0.0%
2025-12-12 10:25:00 [INFO] : ✅ 创建批次记录: batch_20251212_102500_fb7d34aa, 工单数: 1
2025-12-12 10:25:00 [INFO] : ✅ 更新批次统计: batch_20251212_102500_fb7d34aa, 状态: COMPLETED
2025-12-12 10:25:00 [INFO] : ✅ 保存工单 1949333407112626177 去噪记录成功，批次: batch_20251212_102500_fb7d34aa
2025-12-12 10:25:00 [INFO] : ✅ 工单 1949333407112626177 去噪完成: 3 -> 3 条评论
2025-12-12 10:25:00 [INFO] : 🧾 工单 1949333407112626177 首响开关: work_type=URGE_INSTALL, work_table_name=t_work_2025, is_after_sale=False, raw_comments=4, valid_comments=3
2025-12-12 10:25:00 [INFO] : ✅ 工单 1949333407112626177 有 3 条有效评论，构建完成对话数据
2025-12-12 10:25:00 [INFO] : 工单 1949333407112626177 AI状态更新为: PENDING
2025-12-12 10:25:00 [INFO] : 📋 处理工单 1949333345804484609 (47/50) - 评论表: t_work_comment_2025
2025-12-12 10:25:00 [INFO] : 从表 t_work_comment_2025 获取工单 1949333345804484609 的 5 条完整对话记录（包含客户和客服）
2025-12-12 10:25:00 [INFO] : 💭 工单 1949333345804484609 获取到 5 条原始评论
2025-12-12 10:25:00 [INFO] : 🔍 工单 1949333345804484609 开始去噪处理 5 条有效评论...
2025-12-12 10:25:00 [INFO] : 🔍 开始过滤评论，原始数量: 5
2025-12-12 10:25:00 [INFO] : ✅ 评论过滤完成:
2025-12-12 10:25:00 [INFO] :   📥 原始数量: 5
2025-12-12 10:25:00 [INFO] :   📤 过滤后数量: 5
2025-12-12 10:25:00 [INFO] :   🗑️ 移除数量: 0
2025-12-12 10:25:00 [INFO] :   📊 过滤率: 0.0%
2025-12-12 10:25:00 [INFO] : ✅ 创建批次记录: batch_20251212_102500_47e126c7, 工单数: 1
2025-12-12 10:25:00 [INFO] : ✅ 更新批次统计: batch_20251212_102500_47e126c7, 状态: COMPLETED
2025-12-12 10:25:00 [INFO] : ✅ 保存工单 1949333345804484609 去噪记录成功，批次: batch_20251212_102500_47e126c7
2025-12-12 10:25:00 [INFO] : ✅ 工单 1949333345804484609 去噪完成: 5 -> 5 条评论
2025-12-12 10:25:00 [INFO] : ⏳ 工单 1949333345804484609 首响计算开始，评论总数=5
2025-12-12 10:25:00 [INFO] : 👀 工单 1949333345804484609 评论巡检: id=1949333346022588416, user_type=SELLER, oper_raw=True, is_service=False, is_customer=True, create_time=2025-07-27 12:57:41
2025-12-12 10:25:00 [INFO] : 🎯 工单 1949333345804484609 首条客户消息锁定: 2025-07-27 12:57:41
2025-12-12 10:25:00 [INFO] : 👀 工单 1949333345804484609 评论巡检: id=1949333470979293184, user_type=EMPLOYEE, oper_raw=True, is_service=True, is_customer=False, create_time=2025-07-27 12:58:11
2025-12-12 10:25:00 [INFO] : 🎯 工单 1949333345804484609 首条客服回复锁定: 2025-07-27 12:58:11
2025-12-12 10:25:00 [INFO] : ⏱️ 工单 1949333345804484609 首响计算: first_customer_message_time=2025-07-27 12:57:41, first_service_reply_time=2025-07-27 12:58:11, response_seconds=30, threshold_seconds=120, is_timeout=False
2025-12-12 10:25:00 [INFO] : 🧾 工单 1949333345804484609 首响开关: work_type=AFTER_SALE, work_table_name=t_work_2025, is_after_sale=True, raw_comments=5, valid_comments=5
2025-12-12 10:25:00 [INFO] : ✅ 工单 1949333345804484609 有 5 条有效评论，构建完成对话数据
2025-12-12 10:25:00 [INFO] : 工单 1949333345804484609 AI状态更新为: PENDING
2025-12-12 10:25:00 [INFO] : 📋 处理工单 1949333315739713537 (48/50) - 评论表: t_work_comment_2025
2025-12-12 10:25:00 [INFO] : 从表 t_work_comment_2025 获取工单 1949333315739713537 的 5 条完整对话记录（包含客户和客服）
2025-12-12 10:25:00 [INFO] : 💭 工单 1949333315739713537 获取到 5 条原始评论
2025-12-12 10:25:00 [INFO] : 🔍 工单 1949333315739713537 开始去噪处理 5 条有效评论...
2025-12-12 10:25:00 [INFO] : 🔍 开始过滤评论，原始数量: 5
2025-12-12 10:25:00 [INFO] : ✅ 评论过滤完成:
2025-12-12 10:25:00 [INFO] :   📥 原始数量: 5
2025-12-12 10:25:00 [INFO] :   📤 过滤后数量: 5
2025-12-12 10:25:00 [INFO] :   🗑️ 移除数量: 0
2025-12-12 10:25:00 [INFO] :   📊 过滤率: 0.0%
2025-12-12 10:25:00 [INFO] : ✅ 创建批次记录: batch_20251212_102500_fe861361, 工单数: 1
2025-12-12 10:25:00 [INFO] : ✅ 更新批次统计: batch_20251212_102500_fe861361, 状态: COMPLETED
2025-12-12 10:25:00 [INFO] : ✅ 保存工单 1949333315739713537 去噪记录成功，批次: batch_20251212_102500_fe861361
2025-12-12 10:25:00 [INFO] : ✅ 工单 1949333315739713537 去噪完成: 5 -> 5 条评论
2025-12-12 10:25:00 [INFO] : 🧾 工单 1949333315739713537 首响开关: work_type=EXCHANGE, work_table_name=t_work_2025, is_after_sale=False, raw_comments=5, valid_comments=5
2025-12-12 10:25:00 [INFO] : ✅ 工单 1949333315739713537 有 5 条有效评论，构建完成对话数据
2025-12-12 10:25:00 [INFO] : 工单 1949333315739713537 AI状态更新为: PENDING
2025-12-12 10:25:00 [INFO] : 📋 处理工单 1949333133987938305 (49/50) - 评论表: t_work_comment_2025
2025-12-12 10:25:00 [INFO] : 从表 t_work_comment_2025 获取工单 1949333133987938305 的 8 条完整对话记录（包含客户和客服）
2025-12-12 10:25:00 [INFO] : 💭 工单 1949333133987938305 获取到 8 条原始评论
2025-12-12 10:25:00 [INFO] : 🔍 工单 1949333133987938305 开始去噪处理 7 条有效评论...
2025-12-12 10:25:00 [INFO] : 🔍 开始过滤评论，原始数量: 7
2025-12-12 10:25:00 [INFO] : ✅ 评论过滤完成:
2025-12-12 10:25:00 [INFO] :   📥 原始数量: 7
2025-12-12 10:25:00 [INFO] :   📤 过滤后数量: 7
2025-12-12 10:25:00 [INFO] :   🗑️ 移除数量: 0
2025-12-12 10:25:00 [INFO] :   📊 过滤率: 0.0%
2025-12-12 10:25:00 [INFO] : ✅ 创建批次记录: batch_20251212_102500_562bfce2, 工单数: 1
2025-12-12 10:25:00 [INFO] : ✅ 更新批次统计: batch_20251212_102500_562bfce2, 状态: COMPLETED
2025-12-12 10:25:00 [INFO] : ✅ 保存工单 1949333133987938305 去噪记录成功，批次: batch_20251212_102500_562bfce2
2025-12-12 10:25:00 [INFO] : ✅ 工单 1949333133987938305 去噪完成: 7 -> 7 条评论
2025-12-12 10:25:00 [INFO] : 🧾 工单 1949333133987938305 首响开关: work_type=EXCHANGE, work_table_name=t_work_2025, is_after_sale=False, raw_comments=8, valid_comments=7
2025-12-12 10:25:00 [INFO] : ✅ 工单 1949333133987938305 有 7 条有效评论，构建完成对话数据
2025-12-12 10:25:00 [INFO] : 工单 1949333133987938305 AI状态更新为: PENDING
2025-12-12 10:25:00 [INFO] : 📋 处理工单 1949332914319654913 (50/50) - 评论表: t_work_comment_2025
2025-12-12 10:25:00 [INFO] : 从表 t_work_comment_2025 获取工单 1949332914319654913 的 4 条完整对话记录（包含客户和客服）
2025-12-12 10:25:00 [INFO] : 💭 工单 1949332914319654913 获取到 4 条原始评论
2025-12-12 10:25:00 [INFO] : 🔍 工单 1949332914319654913 开始去噪处理 4 条有效评论...
2025-12-12 10:25:00 [INFO] : 🔍 开始过滤评论，原始数量: 4
2025-12-12 10:25:00 [INFO] : ✅ 评论过滤完成:
2025-12-12 10:25:00 [INFO] :   📥 原始数量: 4
2025-12-12 10:25:00 [INFO] :   📤 过滤后数量: 4
2025-12-12 10:25:00 [INFO] :   🗑️ 移除数量: 0
2025-12-12 10:25:00 [INFO] :   📊 过滤率: 0.0%
2025-12-12 10:25:00 [INFO] : ✅ 创建批次记录: batch_20251212_102500_ad0a9236, 工单数: 1
2025-12-12 10:25:00 [INFO] : ✅ 更新批次统计: batch_20251212_102500_ad0a9236, 状态: COMPLETED
2025-12-12 10:25:00 [INFO] : ✅ 保存工单 1949332914319654913 去噪记录成功，批次: batch_20251212_102500_ad0a9236
2025-12-12 10:25:00 [INFO] : ✅ 工单 1949332914319654913 去噪完成: 4 -> 4 条评论
2025-12-12 10:25:00 [INFO] : ⏳ 工单 1949332914319654913 首响计算开始，评论总数=4
2025-12-12 10:25:00 [INFO] : 👀 工单 1949332914319654913 评论巡检: id=1949332914546147328, user_type=SELLER, oper_raw=True, is_service=False, is_customer=True, create_time=2025-07-27 12:55:58
2025-12-12 10:25:00 [INFO] : 🎯 工单 1949332914319654913 首条客户消息锁定: 2025-07-27 12:55:58
2025-12-12 10:25:00 [INFO] : 👀 工单 1949332914319654913 评论巡检: id=1949332940521472000, user_type=EMPLOYEE, oper_raw=True, is_service=True, is_customer=False, create_time=2025-07-27 12:56:04
2025-12-12 10:25:00 [INFO] : 🎯 工单 1949332914319654913 首条客服回复锁定: 2025-07-27 12:56:04
2025-12-12 10:25:00 [INFO] : ⏱️ 工单 1949332914319654913 首响计算: first_customer_message_time=2025-07-27 12:55:58, first_service_reply_time=2025-07-27 12:56:04, response_seconds=6, threshold_seconds=120, is_timeout=False
2025-12-12 10:25:00 [INFO] : 🧾 工单 1949332914319654913 首响开关: work_type=AFTER_SALE, work_table_name=t_work_2025, is_after_sale=True, raw_comments=4, valid_comments=4
2025-12-12 10:25:00 [INFO] : ✅ 工单 1949332914319654913 有 4 条有效评论，构建完成对话数据
2025-12-12 10:25:00 [INFO] : 工单 1949332914319654913 AI状态更新为: PENDING
2025-12-12 10:25:00 [INFO] : ============================================================
2025-12-12 10:25:00 [INFO] : 📋 pending工单数据拉取完成总结:
2025-12-12 10:25:00 [INFO] :   📥 查询到工单总数: 50
2025-12-12 10:25:00 [INFO] :   💬 有评论可分析: 50
2025-12-12 10:25:00 [INFO] :   💭 无评论已完成: 0
2025-12-12 10:25:00 [INFO] :   🔍 执行去噪处理: 1
2025-12-12 10:25:00 [INFO] : ============================================================
2025-12-12 10:25:00 [INFO] : 📊 步骤1: pending数据拉取结果 - success: True
2025-12-12 10:25:00 [INFO] : ✅ 步骤1完成: 拉取pending数据成功，获取到 50 个工单
2025-12-12 10:25:00 [INFO] : 📊 pending工单统计详情:
2025-12-12 10:25:00 [INFO] :   📥 拉取工单总数: 50
2025-12-12 10:25:00 [INFO] :   💬 有评论待分析: 50
2025-12-12 10:25:00 [INFO] :   💭 无评论已处理: 0
2025-12-12 10:25:00 [INFO] :   🔍 去噪处理数量: 1
2025-12-12 10:25:00 [INFO] : 🔄 步骤2: 开始批量AI分析处理...
2025-12-12 10:25:00 [INFO] : ================================================================================
2025-12-12 10:25:00 [INFO] : 🧠 开始批量分析处理 50 个工单
2025-12-12 10:25:00 [INFO] : 📊 批量分析前预处理统计:
2025-12-12 10:25:00 [INFO] :   📥 输入工单总数: 50
2025-12-12 10:25:00 [INFO] :   🔄 去重后工单数: 50
2025-12-12 10:25:00 [INFO] :   💬 有评论可分析: 50
2025-12-12 10:25:00 [INFO] :   💭 无评论跳过: 0
2025-12-12 10:25:00 [INFO] : 🔒 开始原子性标记 50 个工单为处理中状态...
2025-12-12 10:25:00 [INFO] : ✅ 工单 1949332259160981505 成功标记为处理中 (1/50)
2025-12-12 10:25:00 [INFO] : ✅ 工单 1949332881096572929 成功标记为处理中 (2/50)
2025-12-12 10:25:00 [INFO] : ✅ 工单 1949332879536291840 成功标记为处理中 (3/50)
2025-12-12 10:25:00 [INFO] : ✅ 工单 1949332788721221633 成功标记为处理中 (4/50)
2025-12-12 10:25:00 [INFO] : ✅ 工单 1949332703262277633 成功标记为处理中 (5/50)
2025-12-12 10:25:00 [INFO] : ✅ 工单 1949332702662492161 成功标记为处理中 (6/50)
2025-12-12 10:25:00 [INFO] : ✅ 工单 1949332609473445888 成功标记为处理中 (7/50)
2025-12-12 10:25:00 [INFO] : ✅ 工单 1949332535754358785 成功标记为处理中 (8/50)
2025-12-12 10:25:00 [INFO] : ✅ 工单 1949332456427487233 成功标记为处理中 (9/50)
2025-12-12 10:25:00 [INFO] : ✅ 工单 1949332453407588354 成功标记为处理中 (10/50)
2025-12-12 10:25:00 [INFO] : ✅ 工单 1949332367277555713 成功标记为处理中 (11/50)
2025-12-12 10:25:00 [INFO] : ✅ 工单 1949332343789453313 成功标记为处理中 (12/50)
2025-12-12 10:25:00 [INFO] : ✅ 工单 1949332264101871617 成功标记为处理中 (13/50)
2025-12-12 10:25:00 [INFO] : ✅ 工单 1949334685880418305 成功标记为处理中 (14/50)
2025-12-12 10:25:00 [INFO] : ✅ 工单 1949332249975455745 成功标记为处理中 (15/50)
2025-12-12 10:25:00 [INFO] : ✅ 工单 1949332137836544000 成功标记为处理中 (16/50)
2025-12-12 10:25:00 [INFO] : ✅ 工单 1949332124548988929 成功标记为处理中 (17/50)
2025-12-12 10:25:00 [INFO] : ✅ 工单 1949332089786597376 成功标记为处理中 (18/50)
2025-12-12 10:25:00 [INFO] : ✅ 工单 1949332088998068225 成功标记为处理中 (19/50)
2025-12-12 10:25:00 [INFO] : ✅ 工单 1949331996534636545 成功标记为处理中 (20/50)
2025-12-12 10:25:00 [INFO] : ✅ 工单 1949331858323931137 成功标记为处理中 (21/50)
2025-12-12 10:25:00 [INFO] : ✅ 工单 1949331733862154241 成功标记为处理中 (22/50)
2025-12-12 10:25:00 [INFO] : ✅ 工单 1949331518555947009 成功标记为处理中 (23/50)
2025-12-12 10:25:00 [INFO] : ✅ 工单 1949331484661776385 成功标记为处理中 (24/50)
2025-12-12 10:25:00 [INFO] : ✅ 工单 1949331403057397761 成功标记为处理中 (25/50)
2025-12-12 10:25:00 [INFO] : ✅ 工单 1949332991520014337 成功标记为处理中 (26/50)
2025-12-12 10:25:00 [INFO] : ✅ 工单 1949334906618249217 成功标记为处理中 (27/50)
2025-12-12 10:25:00 [INFO] : ✅ 工单 1949334615038623745 成功标记为处理中 (28/50)
2025-12-12 10:25:00 [INFO] : ✅ 工单 1949334519811145729 成功标记为处理中 (29/50)
2025-12-12 10:25:00 [INFO] : ✅ 工单 1949334472449064961 成功标记为处理中 (30/50)
2025-12-12 10:25:00 [INFO] : ✅ 工单 1949334422012559360 成功标记为处理中 (31/50)
2025-12-12 10:25:00 [INFO] : ✅ 工单 1949334383940861952 成功标记为处理中 (32/50)
2025-12-12 10:25:00 [INFO] : ✅ 工单 1949334265204310017 成功标记为处理中 (33/50)
2025-12-12 10:25:00 [INFO] : ✅ 工单 1949334139488436225 成功标记为处理中 (34/50)
2025-12-12 10:25:00 [INFO] : ✅ 工单 1949334132790132737 成功标记为处理中 (35/50)
2025-12-12 10:25:00 [INFO] : ✅ 工单 1949334099890012161 成功标记为处理中 (36/50)
2025-12-12 10:25:00 [INFO] : ✅ 工单 1949334055652687873 成功标记为处理中 (37/50)
2025-12-12 10:25:00 [INFO] : ✅ 工单 1949333889516306433 成功标记为处理中 (38/50)
2025-12-12 10:25:00 [INFO] : ✅ 工单 1949333863343849473 成功标记为处理中 (39/50)
2025-12-12 10:25:00 [INFO] : ✅ 工单 1949333841017569281 成功标记为处理中 (40/50)
2025-12-12 10:25:00 [INFO] : ✅ 工单 1949333735472103425 成功标记为处理中 (41/50)
2025-12-12 10:25:00 [INFO] : ✅ 工单 1949333713804328961 成功标记为处理中 (42/50)
2025-12-12 10:25:00 [INFO] : ✅ 工单 1949333621332508673 成功标记为处理中 (43/50)
2025-12-12 10:25:00 [INFO] : ✅ 工单 1949333576633810945 成功标记为处理中 (44/50)
2025-12-12 10:25:00 [INFO] : ✅ 工单 1949333458476072961 成功标记为处理中 (45/50)
2025-12-12 10:25:00 [INFO] : ✅ 工单 1949333407112626177 成功标记为处理中 (46/50)
2025-12-12 10:25:00 [INFO] : ✅ 工单 1949333345804484609 成功标记为处理中 (47/50)
2025-12-12 10:25:00 [INFO] : ✅ 工单 1949333315739713537 成功标记为处理中 (48/50)
2025-12-12 10:25:00 [INFO] : ✅ 工单 1949333133987938305 成功标记为处理中 (49/50)
2025-12-12 10:25:00 [INFO] : ✅ 工单 1949332914319654913 成功标记为处理中 (50/50)
2025-12-12 10:25:00 [INFO] : 🔒 批量状态标记完成: 50/50 个工单成功标记为处理中状态
2025-12-12 10:25:00 [INFO] : 📋 工单 #1: ID=1949332259160981505, 评论数=2
2025-12-12 10:25:00 [INFO] : 📋 工单 #2: ID=1949332881096572929, 评论数=5
2025-12-12 10:25:00 [INFO] : 📋 工单 #3: ID=1949332879536291840, 评论数=3
2025-12-12 10:25:00 [INFO] : 🔄 准备创建 50 个分析任务，并发数: 5
2025-12-12 10:25:00 [INFO] : ⚡ 开始执行批量分析任务 - 目标工单数: 50, 并发数: 5
2025-12-12 10:25:00 [INFO] : 🔍 开始分析工单 1949332259160981505 的对话
2025-12-12 10:25:00 [INFO] : 从数据库加载分析关键词配置
2025-12-12 10:25:00 [INFO] : 成功加载 1 个分析关键词配置分类
2025-12-12 10:25:00 [INFO] : 成功从数据库加载 1 个关键词配置分类
2025-12-12 10:25:00 [INFO] : 📊 工单 1949332259160981505 关键词筛选结果: 可疑=False, 置信度=0.000
2025-12-12 10:25:00 [INFO] : ⏭️ 工单 1949332259160981505 未命中关键词阈值（置信度: 0.000），判定为低风险，不保存
2025-12-12 10:25:00 [INFO] : 🔍 开始分析工单 1949332881096572929 的对话
2025-12-12 10:25:00 [INFO] : 成功从数据库加载 1 个关键词配置分类
2025-12-12 10:25:00 [INFO] : 📊 工单 1949332881096572929 关键词筛选结果: 可疑=False, 置信度=0.000
2025-12-12 10:25:00 [INFO] : ⏭️ 工单 1949332881096572929 未命中关键词阈值（置信度: 0.000），判定为低风险，不保存
2025-12-12 10:25:00 [INFO] : 🔍 开始分析工单 1949332879536291840 的对话
2025-12-12 10:25:00 [INFO] : 成功从数据库加载 1 个关键词配置分类
2025-12-12 10:25:00 [INFO] : 📊 工单 1949332879536291840 关键词筛选结果: 可疑=False, 置信度=0.000
2025-12-12 10:25:00 [INFO] : ⏭️ 工单 1949332879536291840 未命中关键词阈值（置信度: 0.000），判定为低风险，不保存
2025-12-12 10:25:00 [INFO] : 🔍 开始分析工单 1949332788721221633 的对话
2025-12-12 10:25:00 [INFO] : 成功从数据库加载 1 个关键词配置分类
2025-12-12 10:25:00 [INFO] : 📊 工单 1949332788721221633 关键词筛选结果: 可疑=False, 置信度=0.000
2025-12-12 10:25:00 [INFO] : ⏭️ 工单 1949332788721221633 未命中关键词阈值（置信度: 0.000），判定为低风险，不保存
2025-12-12 10:25:00 [INFO] : 🔍 开始分析工单 1949332703262277633 的对话
2025-12-12 10:25:00 [INFO] : 成功从数据库加载 1 个关键词配置分类
2025-12-12 10:25:00 [INFO] : 📊 工单 1949332703262277633 关键词筛选结果: 可疑=False, 置信度=0.000
2025-12-12 10:25:00 [INFO] : ⏭️ 工单 1949332703262277633 未命中关键词阈值（置信度: 0.000），判定为低风险，不保存
2025-12-12 10:25:00 [INFO] : 🔍 开始分析工单 1949332702662492161 的对话
2025-12-12 10:25:00 [INFO] : 成功从数据库加载 1 个关键词配置分类
2025-12-12 10:25:00 [INFO] : 📊 工单 1949332702662492161 关键词筛选结果: 可疑=False, 置信度=0.200
2025-12-12 10:25:00 [INFO] : ⏭️ 工单 1949332702662492161 未命中关键词阈值（置信度: 0.200），判定为低风险，不保存
2025-12-12 10:25:00 [INFO] : 🔍 开始分析工单 1949332609473445888 的对话
2025-12-12 10:25:00 [INFO] : 成功从数据库加载 1 个关键词配置分类
2025-12-12 10:25:00 [INFO] : 📊 工单 1949332609473445888 关键词筛选结果: 可疑=False, 置信度=0.000
2025-12-12 10:25:00 [INFO] : ⏭️ 工单 1949332609473445888 未命中关键词阈值（置信度: 0.000），判定为低风险，不保存
2025-12-12 10:25:00 [INFO] : 🔍 开始分析工单 1949332535754358785 的对话
2025-12-12 10:25:00 [INFO] : 成功从数据库加载 1 个关键词配置分类
2025-12-12 10:25:00 [INFO] : 📊 工单 1949332535754358785 关键词筛选结果: 可疑=False, 置信度=0.000
2025-12-12 10:25:00 [INFO] : ⏭️ 工单 1949332535754358785 未命中关键词阈值（置信度: 0.000），判定为低风险，不保存
2025-12-12 10:25:00 [INFO] : 🔍 开始分析工单 1949332456427487233 的对话
2025-12-12 10:25:00 [INFO] : 成功从数据库加载 1 个关键词配置分类
2025-12-12 10:25:00 [INFO] : 📊 工单 1949332456427487233 关键词筛选结果: 可疑=False, 置信度=0.000
2025-12-12 10:25:00 [INFO] : ⏭️ 工单 1949332456427487233 未命中关键词阈值（置信度: 0.000），判定为低风险，不保存
2025-12-12 10:25:00 [INFO] : 🔍 开始分析工单 1949332453407588354 的对话
2025-12-12 10:25:00 [INFO] : 成功从数据库加载 1 个关键词配置分类
2025-12-12 10:25:00 [INFO] : 📊 工单 1949332453407588354 关键词筛选结果: 可疑=False, 置信度=0.000
2025-12-12 10:25:00 [INFO] : ⏭️ 工单 1949332453407588354 未命中关键词阈值（置信度: 0.000），判定为低风险，不保存
2025-12-12 10:25:00 [INFO] : 🔍 开始分析工单 1949332367277555713 的对话
2025-12-12 10:25:00 [INFO] : 成功从数据库加载 1 个关键词配置分类
2025-12-12 10:25:00 [INFO] : 📊 工单 1949332367277555713 关键词筛选结果: 可疑=False, 置信度=0.000
2025-12-12 10:25:00 [INFO] : ⏭️ 工单 1949332367277555713 未命中关键词阈值（置信度: 0.000），判定为低风险，不保存
2025-12-12 10:25:00 [INFO] : 🔍 开始分析工单 1949332343789453313 的对话
2025-12-12 10:25:00 [INFO] : 成功从数据库加载 1 个关键词配置分类
2025-12-12 10:25:00 [INFO] : 📊 工单 1949332343789453313 关键词筛选结果: 可疑=False, 置信度=0.000
2025-12-12 10:25:00 [INFO] : ⏭️ 工单 1949332343789453313 未命中关键词阈值（置信度: 0.000），判定为低风险，不保存
2025-12-12 10:25:00 [INFO] : 🔍 开始分析工单 1949332264101871617 的对话
2025-12-12 10:25:00 [INFO] : 成功从数据库加载 1 个关键词配置分类
2025-12-12 10:25:00 [INFO] : 📊 工单 1949332264101871617 关键词筛选结果: 可疑=False, 置信度=0.000
2025-12-12 10:25:00 [INFO] : ⏭️ 工单 1949332264101871617 未命中关键词阈值（置信度: 0.000），判定为低风险，不保存
2025-12-12 10:25:00 [INFO] : 🔍 开始分析工单 1949334685880418305 的对话
2025-12-12 10:25:00 [INFO] : 成功从数据库加载 1 个关键词配置分类
2025-12-12 10:25:00 [INFO] : 📊 工单 1949334685880418305 关键词筛选结果: 可疑=False, 置信度=0.200
2025-12-12 10:25:00 [INFO] : ⏭️ 工单 1949334685880418305 未命中关键词阈值（置信度: 0.200），判定为低风险，不保存
2025-12-12 10:25:00 [INFO] : 🔍 开始分析工单 1949332249975455745 的对话
2025-12-12 10:25:00 [INFO] : 成功从数据库加载 1 个关键词配置分类
2025-12-12 10:25:00 [INFO] : 📊 工单 1949332249975455745 关键词筛选结果: 可疑=False, 置信度=0.000
2025-12-12 10:25:00 [INFO] : ⏭️ 工单 1949332249975455745 未命中关键词阈值（置信度: 0.000），判定为低风险，不保存
2025-12-12 10:25:00 [INFO] : 🔍 开始分析工单 1949332137836544000 的对话
2025-12-12 10:25:00 [INFO] : 成功从数据库加载 1 个关键词配置分类
2025-12-12 10:25:00 [INFO] : 📊 工单 1949332137836544000 关键词筛选结果: 可疑=False, 置信度=0.200
2025-12-12 10:25:00 [INFO] : ⏭️ 工单 1949332137836544000 未命中关键词阈值（置信度: 0.200），判定为低风险，不保存
2025-12-12 10:25:00 [INFO] : 🔍 开始分析工单 1949332124548988929 的对话
2025-12-12 10:25:00 [INFO] : 成功从数据库加载 1 个关键词配置分类
2025-12-12 10:25:00 [INFO] : 📊 工单 1949332124548988929 关键词筛选结果: 可疑=False, 置信度=0.000
2025-12-12 10:25:00 [INFO] : ⏭️ 工单 1949332124548988929 未命中关键词阈值（置信度: 0.000），判定为低风险，不保存
2025-12-12 10:25:00 [INFO] : 🔍 开始分析工单 1949332089786597376 的对话
2025-12-12 10:25:00 [INFO] : 成功从数据库加载 1 个关键词配置分类
2025-12-12 10:25:00 [INFO] : 📊 工单 1949332089786597376 关键词筛选结果: 可疑=False, 置信度=0.000
2025-12-12 10:25:00 [INFO] : ⏭️ 工单 1949332089786597376 未命中关键词阈值（置信度: 0.000），判定为低风险，不保存
2025-12-12 10:25:00 [INFO] : 🔍 开始分析工单 1949332088998068225 的对话
2025-12-12 10:25:00 [INFO] : 成功从数据库加载 1 个关键词配置分类
2025-12-12 10:25:00 [INFO] : 📊 工单 1949332088998068225 关键词筛选结果: 可疑=False, 置信度=0.000
2025-12-12 10:25:00 [INFO] : ⏭️ 工单 1949332088998068225 未命中关键词阈值（置信度: 0.000），判定为低风险，不保存
2025-12-12 10:25:00 [INFO] : 🔍 开始分析工单 1949331996534636545 的对话
2025-12-12 10:25:00 [INFO] : 成功从数据库加载 1 个关键词配置分类
2025-12-12 10:25:00 [INFO] : 📊 工单 1949331996534636545 关键词筛选结果: 可疑=False, 置信度=0.000
2025-12-12 10:25:00 [INFO] : ⏭️ 工单 1949331996534636545 未命中关键词阈值（置信度: 0.000），判定为低风险，不保存
2025-12-12 10:25:00 [INFO] : 🔍 开始分析工单 1949331858323931137 的对话
2025-12-12 10:25:00 [INFO] : 成功从数据库加载 1 个关键词配置分类
2025-12-12 10:25:00 [INFO] : 📊 工单 1949331858323931137 关键词筛选结果: 可疑=False, 置信度=0.000
2025-12-12 10:25:00 [INFO] : ⏭️ 工单 1949331858323931137 未命中关键词阈值（置信度: 0.000），判定为低风险，不保存
2025-12-12 10:25:00 [INFO] : 🔍 开始分析工单 1949331733862154241 的对话
2025-12-12 10:25:00 [INFO] : 成功从数据库加载 1 个关键词配置分类
2025-12-12 10:25:00 [INFO] : 📊 工单 1949331733862154241 关键词筛选结果: 可疑=False, 置信度=0.000
2025-12-12 10:25:00 [INFO] : ⏭️ 工单 1949331733862154241 未命中关键词阈值（置信度: 0.000），判定为低风险，不保存
2025-12-12 10:25:00 [INFO] : 🔍 开始分析工单 1949331518555947009 的对话
2025-12-12 10:25:00 [INFO] : 成功从数据库加载 1 个关键词配置分类
2025-12-12 10:25:00 [INFO] : 📊 工单 1949331518555947009 关键词筛选结果: 可疑=False, 置信度=0.000
2025-12-12 10:25:00 [INFO] : ⏭️ 工单 1949331518555947009 未命中关键词阈值（置信度: 0.000），判定为低风险，不保存
2025-12-12 10:25:00 [INFO] : 🔍 开始分析工单 1949331484661776385 的对话
2025-12-12 10:25:00 [INFO] : 成功从数据库加载 1 个关键词配置分类
2025-12-12 10:25:00 [INFO] : 📊 工单 1949331484661776385 关键词筛选结果: 可疑=False, 置信度=0.000
2025-12-12 10:25:00 [INFO] : ⏭️ 工单 1949331484661776385 未命中关键词阈值（置信度: 0.000），判定为低风险，不保存
2025-12-12 10:25:00 [INFO] : 🔍 开始分析工单 1949331403057397761 的对话
2025-12-12 10:25:00 [INFO] : 成功从数据库加载 1 个关键词配置分类
2025-12-12 10:25:00 [INFO] : 📊 工单 1949331403057397761 关键词筛选结果: 可疑=False, 置信度=0.000
2025-12-12 10:25:00 [INFO] : ⏭️ 工单 1949331403057397761 未命中关键词阈值（置信度: 0.000），判定为低风险，不保存
2025-12-12 10:25:00 [INFO] : 🔍 开始分析工单 1949332991520014337 的对话
2025-12-12 10:25:00 [INFO] : 成功从数据库加载 1 个关键词配置分类
2025-12-12 10:25:00 [INFO] : 📊 工单 1949332991520014337 关键词筛选结果: 可疑=False, 置信度=0.000
2025-12-12 10:25:00 [INFO] : ⏭️ 工单 1949332991520014337 未命中关键词阈值（置信度: 0.000），判定为低风险，不保存
2025-12-12 10:25:00 [INFO] : 🔍 开始分析工单 1949334906618249217 的对话
2025-12-12 10:25:00 [INFO] : 成功从数据库加载 1 个关键词配置分类
2025-12-12 10:25:00 [INFO] : 📊 工单 1949334906618249217 关键词筛选结果: 可疑=False, 置信度=0.000
2025-12-12 10:25:00 [INFO] : ⏭️ 工单 1949334906618249217 未命中关键词阈值（置信度: 0.000），判定为低风险，不保存
2025-12-12 10:25:00 [INFO] : 🔍 开始分析工单 1949334615038623745 的对话
2025-12-12 10:25:00 [INFO] : 成功从数据库加载 1 个关键词配置分类
2025-12-12 10:25:00 [INFO] : 📊 工单 1949334615038623745 关键词筛选结果: 可疑=False, 置信度=0.000
2025-12-12 10:25:00 [INFO] : ⏭️ 工单 1949334615038623745 未命中关键词阈值（置信度: 0.000），判定为低风险，不保存
2025-12-12 10:25:00 [INFO] : 🔍 开始分析工单 1949334519811145729 的对话
2025-12-12 10:25:00 [INFO] : 成功从数据库加载 1 个关键词配置分类
2025-12-12 10:25:00 [INFO] : 📊 工单 1949334519811145729 关键词筛选结果: 可疑=False, 置信度=0.000
2025-12-12 10:25:00 [INFO] : ⏭️ 工单 1949334519811145729 未命中关键词阈值（置信度: 0.000），判定为低风险，不保存
2025-12-12 10:25:00 [INFO] : 🔍 开始分析工单 1949334472449064961 的对话
2025-12-12 10:25:00 [INFO] : 成功从数据库加载 1 个关键词配置分类
2025-12-12 10:25:00 [INFO] : 📊 工单 1949334472449064961 关键词筛选结果: 可疑=False, 置信度=0.200
2025-12-12 10:25:00 [INFO] : ⏭️ 工单 1949334472449064961 未命中关键词阈值（置信度: 0.200），判定为低风险，不保存
2025-12-12 10:25:00 [INFO] : 🔍 开始分析工单 1949334422012559360 的对话
2025-12-12 10:25:00 [INFO] : 成功从数据库加载 1 个关键词配置分类
2025-12-12 10:25:00 [INFO] : 📊 工单 1949334422012559360 关键词筛选结果: 可疑=False, 置信度=0.200
2025-12-12 10:25:00 [INFO] : ⏭️ 工单 1949334422012559360 未命中关键词阈值（置信度: 0.200），判定为低风险，不保存
2025-12-12 10:25:00 [INFO] : 🔍 开始分析工单 1949334383940861952 的对话
2025-12-12 10:25:00 [INFO] : 成功从数据库加载 1 个关键词配置分类
2025-12-12 10:25:00 [INFO] : 📊 工单 1949334383940861952 关键词筛选结果: 可疑=False, 置信度=0.000
2025-12-12 10:25:00 [INFO] : ⏭️ 工单 1949334383940861952 未命中关键词阈值（置信度: 0.000），判定为低风险，不保存
2025-12-12 10:25:00 [INFO] : 🔍 开始分析工单 1949334265204310017 的对话
2025-12-12 10:25:00 [INFO] : 成功从数据库加载 1 个关键词配置分类
2025-12-12 10:25:00 [INFO] : 📊 工单 1949334265204310017 关键词筛选结果: 可疑=False, 置信度=0.200
2025-12-12 10:25:00 [INFO] : ⏭️ 工单 1949334265204310017 未命中关键词阈值（置信度: 0.200），判定为低风险，不保存
2025-12-12 10:25:00 [INFO] : 🔍 开始分析工单 1949334139488436225 的对话
2025-12-12 10:25:00 [INFO] : 成功从数据库加载 1 个关键词配置分类
2025-12-12 10:25:00 [INFO] : 📊 工单 1949334139488436225 关键词筛选结果: 可疑=False, 置信度=0.000
2025-12-12 10:25:00 [INFO] : ⏭️ 工单 1949334139488436225 未命中关键词阈值（置信度: 0.000），判定为低风险，不保存
2025-12-12 10:25:00 [INFO] : 🔍 开始分析工单 1949334132790132737 的对话
2025-12-12 10:25:00 [INFO] : 成功从数据库加载 1 个关键词配置分类
2025-12-12 10:25:00 [INFO] : 📊 工单 1949334132790132737 关键词筛选结果: 可疑=False, 置信度=0.000
2025-12-12 10:25:00 [INFO] : ⏭️ 工单 1949334132790132737 未命中关键词阈值（置信度: 0.000），判定为低风险，不保存
2025-12-12 10:25:00 [INFO] : 🔍 开始分析工单 1949334099890012161 的对话
2025-12-12 10:25:00 [INFO] : 成功从数据库加载 1 个关键词配置分类
2025-12-12 10:25:00 [INFO] : 📊 工单 1949334099890012161 关键词筛选结果: 可疑=False, 置信度=0.000
2025-12-12 10:25:00 [INFO] : ⏭️ 工单 1949334099890012161 未命中关键词阈值（置信度: 0.000），判定为低风险，不保存
2025-12-12 10:25:00 [INFO] : 🔍 开始分析工单 1949334055652687873 的对话
2025-12-12 10:25:00 [INFO] : 成功从数据库加载 1 个关键词配置分类
2025-12-12 10:25:00 [INFO] : 📊 工单 1949334055652687873 关键词筛选结果: 可疑=False, 置信度=0.200
2025-12-12 10:25:00 [INFO] : ⏭️ 工单 1949334055652687873 未命中关键词阈值（置信度: 0.200），判定为低风险，不保存
2025-12-12 10:25:00 [INFO] : 🔍 开始分析工单 1949333889516306433 的对话
2025-12-12 10:25:00 [INFO] : 成功从数据库加载 1 个关键词配置分类
2025-12-12 10:25:00 [INFO] : 📊 工单 1949333889516306433 关键词筛选结果: 可疑=False, 置信度=0.000
2025-12-12 10:25:00 [INFO] : ⏭️ 工单 1949333889516306433 未命中关键词阈值（置信度: 0.000），判定为低风险，不保存
2025-12-12 10:25:00 [INFO] : 🔍 开始分析工单 1949333863343849473 的对话
2025-12-12 10:25:00 [INFO] : 成功从数据库加载 1 个关键词配置分类
2025-12-12 10:25:00 [INFO] : 📊 工单 1949333863343849473 关键词筛选结果: 可疑=False, 置信度=0.000
2025-12-12 10:25:00 [INFO] : ⏭️ 工单 1949333863343849473 未命中关键词阈值（置信度: 0.000），判定为低风险，不保存
2025-12-12 10:25:00 [INFO] : 🔍 开始分析工单 1949333841017569281 的对话
2025-12-12 10:25:00 [INFO] : 成功从数据库加载 1 个关键词配置分类
2025-12-12 10:25:00 [INFO] : 📊 工单 1949333841017569281 关键词筛选结果: 可疑=False, 置信度=0.000
2025-12-12 10:25:00 [INFO] : ⏭️ 工单 1949333841017569281 未命中关键词阈值（置信度: 0.000），判定为低风险，不保存
2025-12-12 10:25:00 [INFO] : 🔍 开始分析工单 1949333735472103425 的对话
2025-12-12 10:25:00 [INFO] : 成功从数据库加载 1 个关键词配置分类
2025-12-12 10:25:00 [INFO] : 📊 工单 1949333735472103425 关键词筛选结果: 可疑=False, 置信度=0.000
2025-12-12 10:25:00 [INFO] : ⏭️ 工单 1949333735472103425 未命中关键词阈值（置信度: 0.000），判定为低风险，不保存
2025-12-12 10:25:00 [INFO] : 🔍 开始分析工单 1949333713804328961 的对话
2025-12-12 10:25:00 [INFO] : 成功从数据库加载 1 个关键词配置分类
2025-12-12 10:25:00 [INFO] : 📊 工单 1949333713804328961 关键词筛选结果: 可疑=False, 置信度=0.200
2025-12-12 10:25:00 [INFO] : ⏭️ 工单 1949333713804328961 未命中关键词阈值（置信度: 0.200），判定为低风险，不保存
2025-12-12 10:25:00 [INFO] : 🔍 开始分析工单 1949333621332508673 的对话
2025-12-12 10:25:00 [INFO] : 成功从数据库加载 1 个关键词配置分类
2025-12-12 10:25:00 [INFO] : 📊 工单 1949333621332508673 关键词筛选结果: 可疑=False, 置信度=0.000
2025-12-12 10:25:00 [INFO] : ⏭️ 工单 1949333621332508673 未命中关键词阈值（置信度: 0.000），判定为低风险，不保存
2025-12-12 10:25:00 [INFO] : 🔍 开始分析工单 1949333576633810945 的对话
2025-12-12 10:25:00 [INFO] : 成功从数据库加载 1 个关键词配置分类
2025-12-12 10:25:00 [INFO] : 📊 工单 1949333576633810945 关键词筛选结果: 可疑=False, 置信度=0.000
2025-12-12 10:25:00 [INFO] : ⏭️ 工单 1949333576633810945 未命中关键词阈值（置信度: 0.000），判定为低风险，不保存
2025-12-12 10:25:00 [INFO] : 🔍 开始分析工单 1949333458476072961 的对话
2025-12-12 10:25:00 [INFO] : 成功从数据库加载 1 个关键词配置分类
2025-12-12 10:25:00 [INFO] : 📊 工单 1949333458476072961 关键词筛选结果: 可疑=False, 置信度=0.000
2025-12-12 10:25:00 [INFO] : ⏭️ 工单 1949333458476072961 未命中关键词阈值（置信度: 0.000），判定为低风险，不保存
2025-12-12 10:25:00 [INFO] : 🔍 开始分析工单 1949333407112626177 的对话
2025-12-12 10:25:00 [INFO] : 成功从数据库加载 1 个关键词配置分类
2025-12-12 10:25:00 [INFO] : 📊 工单 1949333407112626177 关键词筛选结果: 可疑=False, 置信度=0.000
2025-12-12 10:25:00 [INFO] : ⏭️ 工单 1949333407112626177 未命中关键词阈值（置信度: 0.000），判定为低风险，不保存
2025-12-12 10:25:00 [INFO] : 🔍 开始分析工单 1949333345804484609 的对话
2025-12-12 10:25:00 [INFO] : 成功从数据库加载 1 个关键词配置分类
2025-12-12 10:25:00 [INFO] : 📊 工单 1949333345804484609 关键词筛选结果: 可疑=False, 置信度=0.000
2025-12-12 10:25:00 [INFO] : ⏭️ 工单 1949333345804484609 未命中关键词阈值（置信度: 0.000），判定为低风险，不保存
2025-12-12 10:25:00 [INFO] : 🔍 开始分析工单 1949333315739713537 的对话
2025-12-12 10:25:00 [INFO] : 成功从数据库加载 1 个关键词配置分类
2025-12-12 10:25:00 [INFO] : 📊 工单 1949333315739713537 关键词筛选结果: 可疑=False, 置信度=0.000
2025-12-12 10:25:00 [INFO] : ⏭️ 工单 1949333315739713537 未命中关键词阈值（置信度: 0.000），判定为低风险，不保存
2025-12-12 10:25:00 [INFO] : 🔍 开始分析工单 1949333133987938305 的对话
2025-12-12 10:25:00 [INFO] : 成功从数据库加载 1 个关键词配置分类
2025-12-12 10:25:00 [INFO] : 📊 工单 1949333133987938305 关键词筛选结果: 可疑=False, 置信度=0.000
2025-12-12 10:25:00 [INFO] : ⏭️ 工单 1949333133987938305 未命中关键词阈值（置信度: 0.000），判定为低风险，不保存
2025-12-12 10:25:00 [INFO] : 🔍 开始分析工单 1949332914319654913 的对话
2025-12-12 10:25:00 [INFO] : 成功从数据库加载 1 个关键词配置分类
2025-12-12 10:25:00 [INFO] : 📊 工单 1949332914319654913 关键词筛选结果: 可疑=False, 置信度=0.000
2025-12-12 10:25:00 [INFO] : ⏭️ 工单 1949332914319654913 未命中关键词阈值（置信度: 0.000），判定为低风险，不保存
2025-12-12 10:25:00 [INFO] : ⚡ 批量分析任务执行完成，开始处理和保存结果...
2025-12-12 10:25:00 [INFO] : 📊 开始处理 50 个分析结果...
2025-12-12 10:25:00 [INFO] : 工单 1949332259160981505 AI状态更新为: COMPLETED
2025-12-12 10:25:00 [INFO] : 工单 1949332881096572929 AI状态更新为: COMPLETED
2025-12-12 10:25:00 [INFO] : 工单 1949332879536291840 AI状态更新为: COMPLETED
2025-12-12 10:25:00 [INFO] : 工单 1949332788721221633 AI状态更新为: COMPLETED
2025-12-12 10:25:00 [INFO] : 工单 1949332703262277633 AI状态更新为: COMPLETED
2025-12-12 10:25:00 [INFO] : 工单 1949332702662492161 AI状态更新为: COMPLETED
2025-12-12 10:25:00 [INFO] : 工单 1949332609473445888 AI状态更新为: COMPLETED
2025-12-12 10:25:00 [INFO] : 工单 1949332535754358785 AI状态更新为: COMPLETED
2025-12-12 10:25:00 [INFO] : 工单 1949332456427487233 AI状态更新为: COMPLETED
2025-12-12 10:25:00 [INFO] : 工单 1949332453407588354 AI状态更新为: COMPLETED
2025-12-12 10:25:00 [INFO] : 工单 1949332367277555713 AI状态更新为: COMPLETED
2025-12-12 10:25:00 [INFO] : 工单 1949332343789453313 AI状态更新为: COMPLETED
2025-12-12 10:25:00 [INFO] : 工单 1949332264101871617 AI状态更新为: COMPLETED
2025-12-12 10:25:00 [INFO] : 工单 1949334685880418305 AI状态更新为: COMPLETED
2025-12-12 10:25:00 [INFO] : 工单 1949332249975455745 AI状态更新为: COMPLETED
2025-12-12 10:25:00 [INFO] : 工单 1949332137836544000 AI状态更新为: COMPLETED
2025-12-12 10:25:00 [INFO] : 工单 1949332124548988929 AI状态更新为: COMPLETED
2025-12-12 10:25:00 [INFO] : 工单 1949332089786597376 AI状态更新为: COMPLETED
2025-12-12 10:25:00 [INFO] : 工单 1949332088998068225 AI状态更新为: COMPLETED
2025-12-12 10:25:00 [INFO] : 工单 1949331996534636545 AI状态更新为: COMPLETED
2025-12-12 10:25:00 [INFO] : 工单 1949331858323931137 AI状态更新为: COMPLETED
2025-12-12 10:25:00 [INFO] : 工单 1949331733862154241 AI状态更新为: COMPLETED
2025-12-12 10:25:00 [INFO] : 工单 1949331518555947009 AI状态更新为: COMPLETED
2025-12-12 10:25:00 [INFO] : 工单 1949331484661776385 AI状态更新为: COMPLETED
2025-12-12 10:25:00 [INFO] : 工单 1949331403057397761 AI状态更新为: COMPLETED
2025-12-12 10:25:00 [INFO] : 工单 1949332991520014337 AI状态更新为: COMPLETED
2025-12-12 10:25:00 [INFO] : 工单 1949334906618249217 AI状态更新为: COMPLETED
2025-12-12 10:25:00 [INFO] : 工单 1949334615038623745 AI状态更新为: COMPLETED
2025-12-12 10:25:00 [INFO] : 工单 1949334519811145729 AI状态更新为: COMPLETED
2025-12-12 10:25:00 [INFO] : 工单 1949334472449064961 AI状态更新为: COMPLETED
2025-12-12 10:25:00 [INFO] : 工单 1949334422012559360 AI状态更新为: COMPLETED
2025-12-12 10:25:00 [INFO] : 工单 1949334383940861952 AI状态更新为: COMPLETED
2025-12-12 10:25:00 [INFO] : 工单 1949334265204310017 AI状态更新为: COMPLETED
2025-12-12 10:25:00 [INFO] : 工单 1949334139488436225 AI状态更新为: COMPLETED
2025-12-12 10:25:00 [INFO] : 工单 1949334132790132737 AI状态更新为: COMPLETED
2025-12-12 10:25:00 [INFO] : 工单 1949334099890012161 AI状态更新为: COMPLETED
2025-12-12 10:25:00 [INFO] : 工单 1949334055652687873 AI状态更新为: COMPLETED
2025-12-12 10:25:00 [INFO] : 工单 1949333889516306433 AI状态更新为: COMPLETED
2025-12-12 10:25:00 [INFO] : 工单 1949333863343849473 AI状态更新为: COMPLETED
2025-12-12 10:25:00 [INFO] : 工单 1949333841017569281 AI状态更新为: COMPLETED
2025-12-12 10:25:00 [INFO] : 工单 1949333735472103425 AI状态更新为: COMPLETED
2025-12-12 10:25:00 [INFO] : 工单 1949333713804328961 AI状态更新为: COMPLETED
2025-12-12 10:25:00 [INFO] : 工单 1949333621332508673 AI状态更新为: COMPLETED
2025-12-12 10:25:00 [INFO] : 工单 1949333576633810945 AI状态更新为: COMPLETED
2025-12-12 10:25:00 [INFO] : 工单 1949333458476072961 AI状态更新为: COMPLETED
2025-12-12 10:25:00 [INFO] : 工单 1949333407112626177 AI状态更新为: COMPLETED
2025-12-12 10:25:00 [INFO] : 工单 1949333345804484609 AI状态更新为: COMPLETED
2025-12-12 10:25:00 [INFO] : 工单 1949333315739713537 AI状态更新为: COMPLETED
2025-12-12 10:25:00 [INFO] : 工单 1949333133987938305 AI状态更新为: COMPLETED
2025-12-12 10:25:00 [INFO] : 工单 1949332914319654913 AI状态更新为: COMPLETED
2025-12-12 10:25:00 [INFO] : ========================================
2025-12-12 10:25:00 [INFO] : 🎉 批量分析完成统计:
2025-12-12 10:25:00 [INFO] :   ✅ 成功: 50
2025-12-12 10:25:00 [INFO] :   ❌ 失败: 0
2025-12-12 10:25:00 [INFO] :   📊 成功率: 100.0%
2025-12-12 10:25:00 [INFO] : ========================================
2025-12-12 10:25:00 [INFO] : 📊 步骤2: 批量分析结果 - success: True, 成功: 50, 失败: 0
2025-12-12 10:25:00 [INFO] : ================================================================================
2025-12-12 10:25:00 [INFO] : 🎉 pending分析队列处理完成 - 最终统计:
2025-12-12 10:25:00 [INFO] :   📥 拉取pending工单总数: 50
2025-12-12 10:25:00 [INFO] :   💬 有评论需分析数量: 50
2025-12-12 10:25:00 [INFO] :   🔍 实际分析处理数量: 50
2025-12-12 10:25:00 [INFO] :   ✅ 成功分析完成数量: 50
2025-12-12 10:25:00 [INFO] :   ❌ 分析失败数量: 0
2025-12-12 10:25:00 [INFO] :   ⏭️ 跳过处理数量: 0
2025-12-12 10:25:00 [INFO] :   📊 分析成功率: 100.0%
2025-12-12 10:25:00 [INFO] : ================================================================================
2025-12-12 10:25:00 [INFO] : ✅ 任务完成: SCHED_BATCH_ANALYSIS_20251212_102500_e5c11211, 状态: completed, 耗时: 0秒
2025-12-12 10:25:00 [INFO] : ✅ 批量分析工作流完成: task_id=SCHED_BATCH_ANALYSIS_20251212_102500_e5c11211
2025-12-12 10:25:00 [INFO] : ✅ 任务完成: SCHED_BATCH_ANALYSIS_20251212_102500_e5c11211, 状态: completed, 耗时: 0秒
2025-12-12 10:25:00 [INFO] : ✅ APScheduler任务完成: SCHED_BATCH_ANALYSIS_20251212_102500_e5c11211
2025-12-12 10:25:00 [INFO] : Job "客服记录分析任务 (trigger: cron[month='*', day='*', day_of_week='*', hour='*', minute='*/5'], next run at: 2025-12-12 10:30:00 CST)" executed successfully
2025-12-12 10:25:00 [INFO] : ✅ 任务执行完成: customer_service_analysis
2025-12-12 10:30:00 [INFO] : Running job "客服记录分析任务 (trigger: cron[month='*', day='*', day_of_week='*', hour='*', minute='*/5'], next run at: 2025-12-12 10:35:00 CST)" (scheduled at 2025-12-12 10:30:00+08:00)
2025-12-12 10:30:00 [INFO] : 🎯 APScheduler调用任务执行: customer_service_analysis
2025-12-12 10:30:00 [INFO] : ✅ 创建任务记录成功: SCHED_BATCH_ANALYSIS_20251212_103000_a5189883 (客服记录分析任务)
2025-12-12 10:30:00 [INFO] : 🚀 APScheduler任务开始: SCHED_BATCH_ANALYSIS_20251212_103000_a5189883
2025-12-12 10:30:00 [INFO] : 🚀 开始执行批量分析工作流: task_id=SCHED_BATCH_ANALYSIS_20251212_103000_a5189883
2025-12-12 10:30:00 [INFO] : ================================================================================
2025-12-12 10:30:00 [INFO] : 🚀 开始处理pending分析队列
2025-12-12 10:30:00 [INFO] : ⚙️ 配置参数: batch_size=50, max_concurrent=5
2025-12-12 10:30:00 [INFO] : 🔄 步骤1: 拉取pending工单数据开始...
2025-12-12 10:30:00 [INFO] : 📋 开始拉取pending工单数据，限制 50 条
2025-12-12 10:30:00 [INFO] : 📥 正在查询数据库中的PENDING状态工单...
2025-12-12 10:30:00 [INFO] : 获取到 50 个状态为 PENDING 的工单
2025-12-12 10:30:00 [INFO] : 📊 从数据库查询到 50 个PENDING工单
2025-12-12 10:30:00 [INFO] : 💬 开始处理 50 个工单的评论数据...
2025-12-12 10:30:00 [INFO] : 📋 处理工单 1949329510306414593 (1/50) - 评论表: t_work_comment_2025
2025-12-12 10:30:00 [INFO] : 从表 t_work_comment_2025 获取工单 1949329510306414593 的 7 条完整对话记录（包含客户和客服）
2025-12-12 10:30:00 [INFO] : 💭 工单 1949329510306414593 获取到 7 条原始评论
2025-12-12 10:30:00 [INFO] : 🔍 工单 1949329510306414593 开始去噪处理 7 条有效评论...
2025-12-12 10:30:00 [INFO] : 🔍 开始过滤评论，原始数量: 7
2025-12-12 10:30:00 [INFO] : ✅ 评论过滤完成:
2025-12-12 10:30:00 [INFO] :   📥 原始数量: 7
2025-12-12 10:30:00 [INFO] :   📤 过滤后数量: 7
2025-12-12 10:30:00 [INFO] :   🗑️ 移除数量: 0
2025-12-12 10:30:00 [INFO] :   📊 过滤率: 0.0%
2025-12-12 10:30:00 [INFO] : ✅ 创建批次记录: batch_20251212_103000_4bb54053, 工单数: 1
2025-12-12 10:30:00 [INFO] : ✅ 更新批次统计: batch_20251212_103000_4bb54053, 状态: COMPLETED
2025-12-12 10:30:00 [INFO] : ✅ 保存工单 1949329510306414593 去噪记录成功，批次: batch_20251212_103000_4bb54053
2025-12-12 10:30:00 [INFO] : ✅ 工单 1949329510306414593 去噪完成: 7 -> 7 条评论
2025-12-12 10:30:00 [INFO] : ⏳ 工单 1949329510306414593 首响计算开始，评论总数=7
2025-12-12 10:30:00 [INFO] : 👀 工单 1949329510306414593 评论巡检: id=1949329510532907008, user_type=EMPLOYEE, oper_raw=True, is_service=True, is_customer=False, create_time=2025-07-27 12:42:26
2025-12-12 10:30:00 [INFO] : 👀 工单 1949329510306414593 评论巡检: id=1949329557416837120, user_type=EMPLOYEE, oper_raw=True, is_service=True, is_customer=False, create_time=2025-07-27 12:42:37
2025-12-12 10:30:00 [INFO] : 👀 工单 1949329510306414593 评论巡检: id=1949330894850359296, user_type=EMPLOYEE, oper_raw=True, is_service=True, is_customer=False, create_time=2025-07-27 12:47:56
2025-12-12 10:30:00 [INFO] : 👀 工单 1949329510306414593 评论巡检: id=1950089693013999616, user_type=EMPLOYEE, oper_raw=True, is_service=True, is_customer=False, create_time=2025-07-29 15:03:08
2025-12-12 10:30:00 [INFO] : 👀 工单 1949329510306414593 评论巡检: id=1951142909101211648, user_type=EMPLOYEE, oper_raw=True, is_service=True, is_customer=False, create_time=2025-08-01 12:48:14
2025-12-12 10:30:00 [INFO] : 👀 工单 1949329510306414593 评论巡检: id=1951143160503599104, user_type=EMPLOYEE, oper_raw=True, is_service=True, is_customer=False, create_time=2025-08-01 12:49:14
2025-12-12 10:30:00 [INFO] : 👀 工单 1949329510306414593 评论巡检: id=1951143385691586560, user_type=EMPLOYEE, oper_raw=True, is_service=True, is_customer=False, create_time=2025-08-01 12:50:08
2025-12-12 10:30:00 [INFO] : ⏱️ 工单 1949329510306414593 首响计算: first_customer_message_time=None, first_service_reply_time=None, response_seconds=None, threshold_seconds=120, is_timeout=False
2025-12-12 10:30:00 [INFO] : 🧾 工单 1949329510306414593 首响开关: work_type=AFTER_SALE, work_table_name=t_work_2025, is_after_sale=True, raw_comments=7, valid_comments=7
2025-12-12 10:30:00 [INFO] : ✅ 工单 1949329510306414593 有 7 条有效评论，构建完成对话数据
2025-12-12 10:30:00 [INFO] : 工单 1949329510306414593 AI状态更新为: PENDING
2025-12-12 10:30:00 [INFO] : 📋 处理工单 1949330168573067265 (2/50) - 评论表: t_work_comment_2025
2025-12-12 10:30:00 [INFO] : 从表 t_work_comment_2025 获取工单 1949330168573067265 的 6 条完整对话记录（包含客户和客服）
2025-12-12 10:30:00 [INFO] : 💭 工单 1949330168573067265 获取到 6 条原始评论
2025-12-12 10:30:00 [INFO] : 🔍 工单 1949330168573067265 开始去噪处理 6 条有效评论...
2025-12-12 10:30:00 [INFO] : 🔍 开始过滤评论，原始数量: 6
2025-12-12 10:30:00 [INFO] : ✅ 评论过滤完成:
2025-12-12 10:30:00 [INFO] :   📥 原始数量: 6
2025-12-12 10:30:00 [INFO] :   📤 过滤后数量: 6
2025-12-12 10:30:00 [INFO] :   🗑️ 移除数量: 0
2025-12-12 10:30:00 [INFO] :   📊 过滤率: 0.0%
2025-12-12 10:30:00 [INFO] : ✅ 创建批次记录: batch_20251212_103000_87e51686, 工单数: 1
2025-12-12 10:30:00 [INFO] : ✅ 更新批次统计: batch_20251212_103000_87e51686, 状态: COMPLETED
2025-12-12 10:30:00 [INFO] : ✅ 保存工单 1949330168573067265 去噪记录成功，批次: batch_20251212_103000_87e51686
2025-12-12 10:30:00 [INFO] : ✅ 工单 1949330168573067265 去噪完成: 6 -> 6 条评论
2025-12-12 10:30:00 [INFO] : ⏳ 工单 1949330168573067265 首响计算开始，评论总数=6
2025-12-12 10:30:00 [INFO] : 👀 工单 1949330168573067265 评论巡检: id=1949330168816336896, user_type=SELLER, oper_raw=True, is_service=False, is_customer=True, create_time=2025-07-27 12:45:03
2025-12-12 10:30:00 [INFO] : 🎯 工单 1949330168573067265 首条客户消息锁定: 2025-07-27 12:45:03
2025-12-12 10:30:00 [INFO] : 👀 工单 1949330168573067265 评论巡检: id=1949330197857697792, user_type=EMPLOYEE, oper_raw=True, is_service=True, is_customer=False, create_time=2025-07-27 12:45:10
2025-12-12 10:30:00 [INFO] : 🎯 工单 1949330168573067265 首条客服回复锁定: 2025-07-27 12:45:10
2025-12-12 10:30:00 [INFO] : ⏱️ 工单 1949330168573067265 首响计算: first_customer_message_time=2025-07-27 12:45:03, first_service_reply_time=2025-07-27 12:45:10, response_seconds=7, threshold_seconds=120, is_timeout=False
2025-12-12 10:30:00 [INFO] : 🧾 工单 1949330168573067265 首响开关: work_type=AFTER_SALE, work_table_name=t_work_2025, is_after_sale=True, raw_comments=6, valid_comments=6
2025-12-12 10:30:00 [INFO] : ✅ 工单 1949330168573067265 有 6 条有效评论，构建完成对话数据
2025-12-12 10:30:00 [INFO] : 工单 1949330168573067265 AI状态更新为: PENDING
2025-12-12 10:30:00 [INFO] : 📋 处理工单 1949330043570225153 (3/50) - 评论表: t_work_comment_2025
2025-12-12 10:30:00 [INFO] : 从表 t_work_comment_2025 获取工单 1949330043570225153 的 3 条完整对话记录（包含客户和客服）
2025-12-12 10:30:00 [INFO] : 💭 工单 1949330043570225153 获取到 3 条原始评论
2025-12-12 10:30:00 [INFO] : 🔍 工单 1949330043570225153 开始去噪处理 2 条有效评论...
2025-12-12 10:30:00 [INFO] : 🔍 开始过滤评论，原始数量: 2
2025-12-12 10:30:00 [INFO] : ✅ 评论过滤完成:
2025-12-12 10:30:00 [INFO] :   📥 原始数量: 2
2025-12-12 10:30:00 [INFO] :   📤 过滤后数量: 2
2025-12-12 10:30:00 [INFO] :   🗑️ 移除数量: 0
2025-12-12 10:30:00 [INFO] :   📊 过滤率: 0.0%
2025-12-12 10:30:00 [INFO] : ✅ 创建批次记录: batch_20251212_103000_07804ebd, 工单数: 1
2025-12-12 10:30:00 [INFO] : ✅ 更新批次统计: batch_20251212_103000_07804ebd, 状态: COMPLETED
2025-12-12 10:30:00 [INFO] : ✅ 保存工单 1949330043570225153 去噪记录成功，批次: batch_20251212_103000_07804ebd
2025-12-12 10:30:00 [INFO] : ✅ 工单 1949330043570225153 去噪完成: 2 -> 2 条评论
2025-12-12 10:30:00 [INFO] : 🧾 工单 1949330043570225153 首响开关: work_type=URGE_INSTALL, work_table_name=t_work_2025, is_after_sale=False, raw_comments=3, valid_comments=2
2025-12-12 10:30:00 [INFO] : ✅ 工单 1949330043570225153 有 2 条有效评论，构建完成对话数据
2025-12-12 10:30:00 [INFO] : 工单 1949330043570225153 AI状态更新为: PENDING
2025-12-12 10:30:00 [INFO] : 📋 处理工单 1949330023412400129 (4/50) - 评论表: t_work_comment_2025
2025-12-12 10:30:00 [INFO] : 从表 t_work_comment_2025 获取工单 1949330023412400129 的 4 条完整对话记录（包含客户和客服）
2025-12-12 10:30:00 [INFO] : 💭 工单 1949330023412400129 获取到 4 条原始评论
2025-12-12 10:30:00 [INFO] : 🔍 工单 1949330023412400129 开始去噪处理 3 条有效评论...
2025-12-12 10:30:00 [INFO] : 🔍 开始过滤评论，原始数量: 3
2025-12-12 10:30:00 [INFO] : ✅ 评论过滤完成:
2025-12-12 10:30:00 [INFO] :   📥 原始数量: 3
2025-12-12 10:30:00 [INFO] :   📤 过滤后数量: 3
2025-12-12 10:30:00 [INFO] :   🗑️ 移除数量: 0
2025-12-12 10:30:00 [INFO] :   📊 过滤率: 0.0%
2025-12-12 10:30:00 [INFO] : ✅ 创建批次记录: batch_20251212_103000_d637de6b, 工单数: 1
2025-12-12 10:30:00 [INFO] : ✅ 更新批次统计: batch_20251212_103000_d637de6b, 状态: COMPLETED
2025-12-12 10:30:00 [INFO] : ✅ 保存工单 1949330023412400129 去噪记录成功，批次: batch_20251212_103000_d637de6b
2025-12-12 10:30:00 [INFO] : ✅ 工单 1949330023412400129 去噪完成: 3 -> 3 条评论
2025-12-12 10:30:00 [INFO] : 🧾 工单 1949330023412400129 首响开关: work_type=URGE_PAYMENT, work_table_name=t_work_2025, is_after_sale=False, raw_comments=4, valid_comments=3
2025-12-12 10:30:00 [INFO] : ✅ 工单 1949330023412400129 有 3 条有效评论，构建完成对话数据
2025-12-12 10:30:00 [INFO] : 工单 1949330023412400129 AI状态更新为: PENDING
2025-12-12 10:30:00 [INFO] : 📋 处理工单 1949329943179558913 (5/50) - 评论表: t_work_comment_2025
2025-12-12 10:30:00 [INFO] : 从表 t_work_comment_2025 获取工单 1949329943179558913 的 6 条完整对话记录（包含客户和客服）
2025-12-12 10:30:00 [INFO] : 💭 工单 1949329943179558913 获取到 6 条原始评论
2025-12-12 10:30:00 [INFO] : 🔍 工单 1949329943179558913 开始去噪处理 5 条有效评论...
2025-12-12 10:30:00 [INFO] : 🔍 开始过滤评论，原始数量: 5
2025-12-12 10:30:00 [INFO] : ✅ 评论过滤完成:
2025-12-12 10:30:00 [INFO] :   📥 原始数量: 5
2025-12-12 10:30:00 [INFO] :   📤 过滤后数量: 5
2025-12-12 10:30:00 [INFO] :   🗑️ 移除数量: 0
2025-12-12 10:30:00 [INFO] :   📊 过滤率: 0.0%
2025-12-12 10:30:00 [INFO] : ✅ 创建批次记录: batch_20251212_103000_277e6d5b, 工单数: 1
2025-12-12 10:30:00 [INFO] : ✅ 更新批次统计: batch_20251212_103000_277e6d5b, 状态: COMPLETED
2025-12-12 10:30:00 [INFO] : ✅ 保存工单 1949329943179558913 去噪记录成功，批次: batch_20251212_103000_277e6d5b
2025-12-12 10:30:00 [INFO] : ✅ 工单 1949329943179558913 去噪完成: 5 -> 5 条评论
2025-12-12 10:30:00 [INFO] : ⏳ 工单 1949329943179558913 首响计算开始，评论总数=6
2025-12-12 10:30:00 [INFO] : 👀 工单 1949329943179558913 评论巡检: id=1949329943397662720, user_type=SELLER, oper_raw=True, is_service=False, is_customer=True, create_time=2025-07-27 12:44:09
2025-12-12 10:30:00 [INFO] : 🎯 工单 1949329943179558913 首条客户消息锁定: 2025-07-27 12:44:09
2025-12-12 10:30:00 [INFO] : 👀 工单 1949329943179558913 评论巡检: id=1949329986796126208, user_type=EMPLOYEE, oper_raw=True, is_service=True, is_customer=False, create_time=2025-07-27 12:44:20
2025-12-12 10:30:00 [INFO] : 🎯 工单 1949329943179558913 首条客服回复锁定: 2025-07-27 12:44:20
2025-12-12 10:30:00 [INFO] : ⏱️ 工单 1949329943179558913 首响计算: first_customer_message_time=2025-07-27 12:44:09, first_service_reply_time=2025-07-27 12:44:20, response_seconds=11, threshold_seconds=120, is_timeout=False
2025-12-12 10:30:00 [INFO] : 🧾 工单 1949329943179558913 首响开关: work_type=AFTER_SALE, work_table_name=t_work_2025, is_after_sale=True, raw_comments=6, valid_comments=5
2025-12-12 10:30:00 [INFO] : ✅ 工单 1949329943179558913 有 5 条有效评论，构建完成对话数据
2025-12-12 10:30:00 [INFO] : 工单 1949329943179558913 AI状态更新为: PENDING
2025-12-12 10:30:00 [INFO] : 📋 处理工单 1949329895205109761 (6/50) - 评论表: t_work_comment_2025
2025-12-12 10:30:00 [INFO] : 从表 t_work_comment_2025 获取工单 1949329895205109761 的 4 条完整对话记录（包含客户和客服）
2025-12-12 10:30:00 [INFO] : 💭 工单 1949329895205109761 获取到 4 条原始评论
2025-12-12 10:30:00 [INFO] : 🔍 工单 1949329895205109761 开始去噪处理 3 条有效评论...
2025-12-12 10:30:00 [INFO] : 🔍 开始过滤评论，原始数量: 3
2025-12-12 10:30:00 [INFO] : ✅ 评论过滤完成:
2025-12-12 10:30:00 [INFO] :   📥 原始数量: 3
2025-12-12 10:30:00 [INFO] :   📤 过滤后数量: 3
2025-12-12 10:30:00 [INFO] :   🗑️ 移除数量: 0
2025-12-12 10:30:00 [INFO] :   📊 过滤率: 0.0%
2025-12-12 10:30:00 [INFO] : ✅ 创建批次记录: batch_20251212_103000_6cbc952c, 工单数: 1
2025-12-12 10:30:00 [INFO] : ✅ 更新批次统计: batch_20251212_103000_6cbc952c, 状态: COMPLETED
2025-12-12 10:30:00 [INFO] : ✅ 保存工单 1949329895205109761 去噪记录成功，批次: batch_20251212_103000_6cbc952c
2025-12-12 10:30:00 [INFO] : ✅ 工单 1949329895205109761 去噪完成: 3 -> 3 条评论
2025-12-12 10:30:00 [INFO] : 🧾 工单 1949329895205109761 首响开关: work_type=URGE_PAYMENT, work_table_name=t_work_2025, is_after_sale=False, raw_comments=4, valid_comments=3
2025-12-12 10:30:00 [INFO] : ✅ 工单 1949329895205109761 有 3 条有效评论，构建完成对话数据
2025-12-12 10:30:00 [INFO] : 工单 1949329895205109761 AI状态更新为: PENDING
2025-12-12 10:30:00 [INFO] : 📋 处理工单 1949329852762947585 (7/50) - 评论表: t_work_comment_2025
2025-12-12 10:30:00 [INFO] : 从表 t_work_comment_2025 获取工单 1949329852762947585 的 3 条完整对话记录（包含客户和客服）
2025-12-12 10:30:00 [INFO] : 💭 工单 1949329852762947585 获取到 3 条原始评论
2025-12-12 10:30:00 [INFO] : 🔍 工单 1949329852762947585 开始去噪处理 3 条有效评论...
2025-12-12 10:30:00 [INFO] : 🔍 开始过滤评论，原始数量: 3
2025-12-12 10:30:00 [INFO] : ✅ 评论过滤完成:
2025-12-12 10:30:00 [INFO] :   📥 原始数量: 3
2025-12-12 10:30:00 [INFO] :   📤 过滤后数量: 3
2025-12-12 10:30:00 [INFO] :   🗑️ 移除数量: 0
2025-12-12 10:30:00 [INFO] :   📊 过滤率: 0.0%
2025-12-12 10:30:00 [INFO] : ✅ 创建批次记录: batch_20251212_103000_87cf3545, 工单数: 1
2025-12-12 10:30:00 [INFO] : ✅ 更新批次统计: batch_20251212_103000_87cf3545, 状态: COMPLETED
2025-12-12 10:30:00 [INFO] : ✅ 保存工单 1949329852762947585 去噪记录成功，批次: batch_20251212_103000_87cf3545
2025-12-12 10:30:00 [INFO] : ✅ 工单 1949329852762947585 去噪完成: 3 -> 3 条评论
2025-12-12 10:30:00 [INFO] : 🧾 工单 1949329852762947585 首响开关: work_type=URGE_INSTALL, work_table_name=t_work_2025, is_after_sale=False, raw_comments=3, valid_comments=3
2025-12-12 10:30:00 [INFO] : ✅ 工单 1949329852762947585 有 3 条有效评论，构建完成对话数据
2025-12-12 10:30:00 [INFO] : 工单 1949329852762947585 AI状态更新为: PENDING
2025-12-12 10:30:00 [INFO] : 📋 处理工单 1949329821930618881 (8/50) - 评论表: t_work_comment_2025
2025-12-12 10:30:00 [INFO] : 从表 t_work_comment_2025 获取工单 1949329821930618881 的 29 条完整对话记录（包含客户和客服）
2025-12-12 10:30:00 [INFO] : 💭 工单 1949329821930618881 获取到 29 条原始评论
2025-12-12 10:30:00 [INFO] : 🔍 工单 1949329821930618881 开始去噪处理 27 条有效评论...
2025-12-12 10:30:00 [INFO] : 🔍 开始过滤评论，原始数量: 27
2025-12-12 10:30:00 [INFO] : ✅ 评论过滤完成:
2025-12-12 10:30:00 [INFO] :   📥 原始数量: 27
2025-12-12 10:30:00 [INFO] :   📤 过滤后数量: 26
2025-12-12 10:30:00 [INFO] :   🗑️ 移除数量: 1
2025-12-12 10:30:00 [INFO] :   📊 过滤率: 3.7%
2025-12-12 10:30:00 [INFO] : 🔍 过滤原因统计:
2025-12-12 10:30:00 [INFO] :   - 无效数据: 内容过短且非中文: 1 条
2025-12-12 10:30:00 [INFO] : ✅ 创建批次记录: batch_20251212_103000_adb1919a, 工单数: 1
2025-12-12 10:30:00 [INFO] : ✅ 更新批次统计: batch_20251212_103000_adb1919a, 状态: COMPLETED
2025-12-12 10:30:00 [INFO] : ✅ 保存工单 1949329821930618881 去噪记录成功，批次: batch_20251212_103000_adb1919a
2025-12-12 10:30:00 [INFO] : ✅ 工单 1949329821930618881 去噪完成: 27 -> 26 条评论
2025-12-12 10:30:00 [INFO] : 🗑️ 工单 1949329821930618881 去噪移除了 1 条评论
2025-12-12 10:30:00 [INFO] : ⏳ 工单 1949329821930618881 首响计算开始，评论总数=29
2025-12-12 10:30:00 [INFO] : 👀 工单 1949329821930618881 评论巡检: id=1949329822182277120, user_type=EMPLOYEE, oper_raw=True, is_service=True, is_customer=False, create_time=2025-07-27 12:43:41
2025-12-12 10:30:00 [INFO] : 👀 工单 1949329821930618881 评论巡检: id=1949329869024264192, user_type=EMPLOYEE, oper_raw=True, is_service=True, is_customer=False, create_time=2025-07-27 12:43:52
2025-12-12 10:30:00 [INFO] : 👀 工单 1949329821930618881 评论巡检: id=1949332527294447616, user_type=EMPLOYEE, oper_raw=True, is_service=True, is_customer=False, create_time=2025-07-27 12:54:26
2025-12-12 10:30:00 [INFO] : 👀 工单 1949329821930618881 评论巡检: id=1949333935095808000, user_type=EMPLOYEE, oper_raw=True, is_service=True, is_customer=False, create_time=2025-07-27 13:00:01
2025-12-12 10:30:00 [INFO] : 👀 工单 1949329821930618881 评论巡检: id=1949334095301443584, user_type=EMPLOYEE, oper_raw=True, is_service=True, is_customer=False, create_time=2025-07-27 13:00:39
2025-12-12 10:30:00 [INFO] : 👀 工单 1949329821930618881 评论巡检: id=1949453790683856896, user_type=SELLER, oper_raw=True, is_service=False, is_customer=True, create_time=2025-07-27 20:56:17
2025-12-12 10:30:00 [INFO] : 🎯 工单 1949329821930618881 首条客户消息锁定: 2025-07-27 20:56:17
2025-12-12 10:30:00 [INFO] : 👀 工单 1949329821930618881 评论巡检: id=1949453911244931072, user_type=EMPLOYEE, oper_raw=True, is_service=True, is_customer=False, create_time=2025-07-27 20:56:46
2025-12-12 10:30:00 [INFO] : 🎯 工单 1949329821930618881 首条客服回复锁定: 2025-07-27 20:56:46
2025-12-12 10:30:00 [INFO] : ⏱️ 工单 1949329821930618881 首响计算: first_customer_message_time=2025-07-27 20:56:17, first_service_reply_time=2025-07-27 20:56:46, response_seconds=29, threshold_seconds=120, is_timeout=False
2025-12-12 10:30:00 [INFO] : 🧾 工单 1949329821930618881 首响开关: work_type=AFTER_SALE, work_table_name=t_work_2025, is_after_sale=True, raw_comments=29, valid_comments=26
2025-12-12 10:30:00 [INFO] : ✅ 工单 1949329821930618881 有 26 条有效评论，构建完成对话数据
2025-12-12 10:30:00 [INFO] : 工单 1949329821930618881 AI状态更新为: PENDING
2025-12-12 10:30:00 [INFO] : 📋 处理工单 1949329817136529409 (9/50) - 评论表: t_work_comment_2025
2025-12-12 10:30:00 [INFO] : 从表 t_work_comment_2025 获取工单 1949329817136529409 的 13 条完整对话记录（包含客户和客服）
2025-12-12 10:30:00 [INFO] : 💭 工单 1949329817136529409 获取到 13 条原始评论
2025-12-12 10:30:00 [INFO] : 🔍 工单 1949329817136529409 开始去噪处理 12 条有效评论...
2025-12-12 10:30:00 [INFO] : 🔍 开始过滤评论，原始数量: 12
2025-12-12 10:30:00 [INFO] : ✅ 评论过滤完成:
2025-12-12 10:30:00 [INFO] :   📥 原始数量: 12
2025-12-12 10:30:00 [INFO] :   📤 过滤后数量: 12
2025-12-12 10:30:00 [INFO] :   🗑️ 移除数量: 0
2025-12-12 10:30:00 [INFO] :   📊 过滤率: 0.0%
2025-12-12 10:30:00 [INFO] : ✅ 创建批次记录: batch_20251212_103000_cd5498db, 工单数: 1
2025-12-12 10:30:00 [INFO] : ✅ 更新批次统计: batch_20251212_103000_cd5498db, 状态: COMPLETED
2025-12-12 10:30:00 [INFO] : ✅ 保存工单 1949329817136529409 去噪记录成功，批次: batch_20251212_103000_cd5498db
2025-12-12 10:30:00 [INFO] : ✅ 工单 1949329817136529409 去噪完成: 12 -> 12 条评论
2025-12-12 10:30:00 [INFO] : 🧾 工单 1949329817136529409 首响开关: work_type=EXCHANGE, work_table_name=t_work_2025, is_after_sale=False, raw_comments=13, valid_comments=12
2025-12-12 10:30:00 [INFO] : ✅ 工单 1949329817136529409 有 12 条有效评论，构建完成对话数据
2025-12-12 10:30:00 [INFO] : 工单 1949329817136529409 AI状态更新为: PENDING
2025-12-12 10:30:00 [INFO] : 📋 处理工单 1949329639625195521 (10/50) - 评论表: t_work_comment_2025
2025-12-12 10:30:00 [INFO] : 从表 t_work_comment_2025 获取工单 1949329639625195521 的 7 条完整对话记录（包含客户和客服）
2025-12-12 10:30:00 [INFO] : 💭 工单 1949329639625195521 获取到 7 条原始评论
2025-12-12 10:30:00 [INFO] : 🔍 工单 1949329639625195521 开始去噪处理 7 条有效评论...
2025-12-12 10:30:00 [INFO] : 🔍 开始过滤评论，原始数量: 7
2025-12-12 10:30:00 [INFO] : ✅ 评论过滤完成:
2025-12-12 10:30:00 [INFO] :   📥 原始数量: 7
2025-12-12 10:30:00 [INFO] :   📤 过滤后数量: 7
2025-12-12 10:30:00 [INFO] :   🗑️ 移除数量: 0
2025-12-12 10:30:00 [INFO] :   📊 过滤率: 0.0%
2025-12-12 10:30:00 [INFO] : ✅ 创建批次记录: batch_20251212_103000_89eafc7d, 工单数: 1
2025-12-12 10:30:00 [INFO] : ✅ 更新批次统计: batch_20251212_103000_89eafc7d, 状态: COMPLETED
2025-12-12 10:30:00 [INFO] : ✅ 保存工单 1949329639625195521 去噪记录成功，批次: batch_20251212_103000_89eafc7d
2025-12-12 10:30:00 [INFO] : ✅ 工单 1949329639625195521 去噪完成: 7 -> 7 条评论
2025-12-12 10:30:00 [INFO] : 🧾 工单 1949329639625195521 首响开关: work_type=URGE_INSTALL, work_table_name=t_work_2025, is_after_sale=False, raw_comments=7, valid_comments=7
2025-12-12 10:30:00 [INFO] : ✅ 工单 1949329639625195521 有 7 条有效评论，构建完成对话数据
2025-12-12 10:30:00 [INFO] : 工单 1949329639625195521 AI状态更新为: PENDING
2025-12-12 10:30:00 [INFO] : 📋 处理工单 1949329634889826305 (11/50) - 评论表: t_work_comment_2025
2025-12-12 10:30:00 [INFO] : 从表 t_work_comment_2025 获取工单 1949329634889826305 的 8 条完整对话记录（包含客户和客服）
2025-12-12 10:30:00 [INFO] : 💭 工单 1949329634889826305 获取到 8 条原始评论
2025-12-12 10:30:00 [INFO] : 🔍 工单 1949329634889826305 开始去噪处理 8 条有效评论...
2025-12-12 10:30:00 [INFO] : 🔍 开始过滤评论，原始数量: 8
2025-12-12 10:30:00 [INFO] : ✅ 评论过滤完成:
2025-12-12 10:30:00 [INFO] :   📥 原始数量: 8
2025-12-12 10:30:00 [INFO] :   📤 过滤后数量: 8
2025-12-12 10:30:00 [INFO] :   🗑️ 移除数量: 0
2025-12-12 10:30:00 [INFO] :   📊 过滤率: 0.0%
2025-12-12 10:30:00 [INFO] : ✅ 创建批次记录: batch_20251212_103000_0a121f4d, 工单数: 1
2025-12-12 10:30:00 [INFO] : ✅ 更新批次统计: batch_20251212_103000_0a121f4d, 状态: COMPLETED
2025-12-12 10:30:00 [INFO] : ✅ 保存工单 1949329634889826305 去噪记录成功，批次: batch_20251212_103000_0a121f4d
2025-12-12 10:30:00 [INFO] : ✅ 工单 1949329634889826305 去噪完成: 8 -> 8 条评论
2025-12-12 10:30:00 [INFO] : ⏳ 工单 1949329634889826305 首响计算开始，评论总数=8
2025-12-12 10:30:00 [INFO] : 👀 工单 1949329634889826305 评论巡检: id=1949329635107930112, user_type=SELLER, oper_raw=True, is_service=False, is_customer=True, create_time=2025-07-27 12:42:56
2025-12-12 10:30:00 [INFO] : 🎯 工单 1949329634889826305 首条客户消息锁定: 2025-07-27 12:42:56
2025-12-12 10:30:00 [INFO] : 👀 工单 1949329634889826305 评论巡检: id=1949329750585507840, user_type=EMPLOYEE, oper_raw=True, is_service=True, is_customer=False, create_time=2025-07-27 12:43:23
2025-12-12 10:30:00 [INFO] : 🎯 工单 1949329634889826305 首条客服回复锁定: 2025-07-27 12:43:23
2025-12-12 10:30:00 [INFO] : ⏱️ 工单 1949329634889826305 首响计算: first_customer_message_time=2025-07-27 12:42:56, first_service_reply_time=2025-07-27 12:43:23, response_seconds=27, threshold_seconds=120, is_timeout=False
2025-12-12 10:30:00 [INFO] : 🧾 工单 1949329634889826305 首响开关: work_type=AFTER_SALE, work_table_name=t_work_2025, is_after_sale=True, raw_comments=8, valid_comments=8
2025-12-12 10:30:00 [INFO] : ✅ 工单 1949329634889826305 有 8 条有效评论，构建完成对话数据
2025-12-12 10:30:00 [INFO] : 工单 1949329634889826305 AI状态更新为: PENDING
2025-12-12 10:30:00 [INFO] : 📋 处理工单 1949329629386899457 (12/50) - 评论表: t_work_comment_2025
2025-12-12 10:30:00 [INFO] : 从表 t_work_comment_2025 获取工单 1949329629386899457 的 4 条完整对话记录（包含客户和客服）
2025-12-12 10:30:00 [INFO] : 💭 工单 1949329629386899457 获取到 4 条原始评论
2025-12-12 10:30:00 [INFO] : 🔍 工单 1949329629386899457 开始去噪处理 4 条有效评论...
2025-12-12 10:30:00 [INFO] : 🔍 开始过滤评论，原始数量: 4
2025-12-12 10:30:00 [INFO] : ✅ 评论过滤完成:
2025-12-12 10:30:00 [INFO] :   📥 原始数量: 4
2025-12-12 10:30:00 [INFO] :   📤 过滤后数量: 4
2025-12-12 10:30:00 [INFO] :   🗑️ 移除数量: 0
2025-12-12 10:30:00 [INFO] :   📊 过滤率: 0.0%
2025-12-12 10:30:00 [INFO] : ✅ 创建批次记录: batch_20251212_103000_92ba7f0f, 工单数: 1
2025-12-12 10:30:00 [INFO] : ✅ 更新批次统计: batch_20251212_103000_92ba7f0f, 状态: COMPLETED
2025-12-12 10:30:00 [INFO] : ✅ 保存工单 1949329629386899457 去噪记录成功，批次: batch_20251212_103000_92ba7f0f
2025-12-12 10:30:00 [INFO] : ✅ 工单 1949329629386899457 去噪完成: 4 -> 4 条评论
2025-12-12 10:30:00 [INFO] : 🧾 工单 1949329629386899457 首响开关: work_type=URGE_INSTALL, work_table_name=t_work_2025, is_after_sale=False, raw_comments=4, valid_comments=4
2025-12-12 10:30:00 [INFO] : ✅ 工单 1949329629386899457 有 4 条有效评论，构建完成对话数据
2025-12-12 10:30:00 [INFO] : 工单 1949329629386899457 AI状态更新为: PENDING
2025-12-12 10:30:00 [INFO] : 📋 处理工单 1949329570347876353 (13/50) - 评论表: t_work_comment_2025
2025-12-12 10:30:00 [INFO] : 从表 t_work_comment_2025 获取工单 1949329570347876353 的 4 条完整对话记录（包含客户和客服）
2025-12-12 10:30:00 [INFO] : 💭 工单 1949329570347876353 获取到 4 条原始评论
2025-12-12 10:30:00 [INFO] : 🔍 工单 1949329570347876353 开始去噪处理 4 条有效评论...
2025-12-12 10:30:00 [INFO] : 🔍 开始过滤评论，原始数量: 4
2025-12-12 10:30:00 [INFO] : ✅ 评论过滤完成:
2025-12-12 10:30:00 [INFO] :   📥 原始数量: 4
2025-12-12 10:30:00 [INFO] :   📤 过滤后数量: 4
2025-12-12 10:30:00 [INFO] :   🗑️ 移除数量: 0
2025-12-12 10:30:00 [INFO] :   📊 过滤率: 0.0%
2025-12-12 10:30:00 [INFO] : ✅ 创建批次记录: batch_20251212_103000_6f6c37ed, 工单数: 1
2025-12-12 10:30:00 [INFO] : ✅ 更新批次统计: batch_20251212_103000_6f6c37ed, 状态: COMPLETED
2025-12-12 10:30:00 [INFO] : ✅ 保存工单 1949329570347876353 去噪记录成功，批次: batch_20251212_103000_6f6c37ed
2025-12-12 10:30:00 [INFO] : ✅ 工单 1949329570347876353 去噪完成: 4 -> 4 条评论
2025-12-12 10:30:00 [INFO] : 🧾 工单 1949329570347876353 首响开关: work_type=REPAIR_CHU_JIU, work_table_name=t_work_2025, is_after_sale=False, raw_comments=4, valid_comments=4
2025-12-12 10:30:00 [INFO] : ✅ 工单 1949329570347876353 有 4 条有效评论，构建完成对话数据
2025-12-12 10:30:00 [INFO] : 工单 1949329570347876353 AI状态更新为: PENDING
2025-12-12 10:30:00 [INFO] : 📋 处理工单 1949331312007446529 (14/50) - 评论表: t_work_comment_2025
2025-12-12 10:30:00 [INFO] : 从表 t_work_comment_2025 获取工单 1949331312007446529 的 3 条完整对话记录（包含客户和客服）
2025-12-12 10:30:00 [INFO] : 💭 工单 1949331312007446529 获取到 3 条原始评论
2025-12-12 10:30:00 [INFO] : 🔍 工单 1949331312007446529 开始去噪处理 3 条有效评论...
2025-12-12 10:30:00 [INFO] : 🔍 开始过滤评论，原始数量: 3
2025-12-12 10:30:00 [INFO] : ✅ 评论过滤完成:
2025-12-12 10:30:00 [INFO] :   📥 原始数量: 3
2025-12-12 10:30:00 [INFO] :   📤 过滤后数量: 3
2025-12-12 10:30:00 [INFO] :   🗑️ 移除数量: 0
2025-12-12 10:30:00 [INFO] :   📊 过滤率: 0.0%
2025-12-12 10:30:00 [INFO] : ✅ 创建批次记录: batch_20251212_103000_277db086, 工单数: 1
2025-12-12 10:30:00 [INFO] : ✅ 更新批次统计: batch_20251212_103000_277db086, 状态: COMPLETED
2025-12-12 10:30:00 [INFO] : ✅ 保存工单 1949331312007446529 去噪记录成功，批次: batch_20251212_103000_277db086
2025-12-12 10:30:00 [INFO] : ✅ 工单 1949331312007446529 去噪完成: 3 -> 3 条评论
2025-12-12 10:30:00 [INFO] : ⏳ 工单 1949331312007446529 首响计算开始，评论总数=3
2025-12-12 10:30:00 [INFO] : 👀 工单 1949331312007446529 评论巡检: id=1949331312229744640, user_type=SELLER, oper_raw=True, is_service=False, is_customer=True, create_time=2025-07-27 12:49:36
2025-12-12 10:30:00 [INFO] : 🎯 工单 1949331312007446529 首条客户消息锁定: 2025-07-27 12:49:36
2025-12-12 10:30:00 [INFO] : 👀 工单 1949331312007446529 评论巡检: id=1949331345591238656, user_type=EMPLOYEE, oper_raw=True, is_service=True, is_customer=False, create_time=2025-07-27 12:49:44
2025-12-12 10:30:00 [INFO] : 🎯 工单 1949331312007446529 首条客服回复锁定: 2025-07-27 12:49:44
2025-12-12 10:30:00 [INFO] : ⏱️ 工单 1949331312007446529 首响计算: first_customer_message_time=2025-07-27 12:49:36, first_service_reply_time=2025-07-27 12:49:44, response_seconds=8, threshold_seconds=120, is_timeout=False
2025-12-12 10:30:00 [INFO] : 🧾 工单 1949331312007446529 首响开关: work_type=AFTER_SALE, work_table_name=t_work_2025, is_after_sale=True, raw_comments=3, valid_comments=3
2025-12-12 10:30:00 [INFO] : ✅ 工单 1949331312007446529 有 3 条有效评论，构建完成对话数据
2025-12-12 10:30:00 [INFO] : 工单 1949331312007446529 AI状态更新为: PENDING
2025-12-12 10:30:00 [INFO] : 📋 处理工单 1949329499568996353 (15/50) - 评论表: t_work_comment_2025
2025-12-12 10:30:00 [INFO] : 从表 t_work_comment_2025 获取工单 1949329499568996353 的 4 条完整对话记录（包含客户和客服）
2025-12-12 10:30:00 [INFO] : 💭 工单 1949329499568996353 获取到 4 条原始评论
2025-12-12 10:30:00 [INFO] : 🔍 工单 1949329499568996353 开始去噪处理 3 条有效评论...
2025-12-12 10:30:00 [INFO] : 🔍 开始过滤评论，原始数量: 3
2025-12-12 10:30:00 [INFO] : ✅ 评论过滤完成:
2025-12-12 10:30:00 [INFO] :   📥 原始数量: 3
2025-12-12 10:30:00 [INFO] :   📤 过滤后数量: 3
2025-12-12 10:30:00 [INFO] :   🗑️ 移除数量: 0
2025-12-12 10:30:00 [INFO] :   📊 过滤率: 0.0%
2025-12-12 10:30:00 [INFO] : ✅ 创建批次记录: batch_20251212_103000_1dbcc835, 工单数: 1
2025-12-12 10:30:00 [INFO] : ✅ 更新批次统计: batch_20251212_103000_1dbcc835, 状态: COMPLETED
2025-12-12 10:30:00 [INFO] : ✅ 保存工单 1949329499568996353 去噪记录成功，批次: batch_20251212_103000_1dbcc835
2025-12-12 10:30:00 [INFO] : ✅ 工单 1949329499568996353 去噪完成: 3 -> 3 条评论
2025-12-12 10:30:00 [INFO] : 🧾 工单 1949329499568996353 首响开关: work_type=URGE_INSTALL, work_table_name=t_work_2025, is_after_sale=False, raw_comments=4, valid_comments=3
2025-12-12 10:30:00 [INFO] : ✅ 工单 1949329499568996353 有 3 条有效评论，构建完成对话数据
2025-12-12 10:30:00 [INFO] : 工单 1949329499568996353 AI状态更新为: PENDING
2025-12-12 10:30:00 [INFO] : 📋 处理工单 1949329264994156545 (16/50) - 评论表: t_work_comment_2025
2025-12-12 10:30:00 [INFO] : 从表 t_work_comment_2025 获取工单 1949329264994156545 的 5 条完整对话记录（包含客户和客服）
2025-12-12 10:30:00 [INFO] : 💭 工单 1949329264994156545 获取到 5 条原始评论
2025-12-12 10:30:00 [INFO] : 🔍 工单 1949329264994156545 开始去噪处理 4 条有效评论...
2025-12-12 10:30:00 [INFO] : 🔍 开始过滤评论，原始数量: 4
2025-12-12 10:30:00 [INFO] : ✅ 评论过滤完成:
2025-12-12 10:30:00 [INFO] :   📥 原始数量: 4
2025-12-12 10:30:00 [INFO] :   📤 过滤后数量: 4
2025-12-12 10:30:00 [INFO] :   🗑️ 移除数量: 0
2025-12-12 10:30:00 [INFO] :   📊 过滤率: 0.0%
2025-12-12 10:30:00 [INFO] : ✅ 创建批次记录: batch_20251212_103000_0a51dc26, 工单数: 1
2025-12-12 10:30:00 [INFO] : ✅ 更新批次统计: batch_20251212_103000_0a51dc26, 状态: COMPLETED
2025-12-12 10:30:00 [INFO] : ✅ 保存工单 1949329264994156545 去噪记录成功，批次: batch_20251212_103000_0a51dc26
2025-12-12 10:30:00 [INFO] : ✅ 工单 1949329264994156545 去噪完成: 4 -> 4 条评论
2025-12-12 10:30:00 [INFO] : ⏳ 工单 1949329264994156545 首响计算开始，评论总数=5
2025-12-12 10:30:00 [INFO] : 👀 工单 1949329264994156545 评论巡检: id=1949329265212260352, user_type=EMPLOYEE, oper_raw=True, is_service=True, is_customer=False, create_time=2025-07-27 12:41:28
2025-12-12 10:30:00 [INFO] : 👀 工单 1949329264994156545 评论巡检: id=1949329351749140480, user_type=EMPLOYEE, oper_raw=True, is_service=True, is_customer=False, create_time=2025-07-27 12:41:48
2025-12-12 10:30:00 [INFO] : 👀 工单 1949329264994156545 评论巡检: id=1949330022233800704, user_type=EMPLOYEE, oper_raw=True, is_service=True, is_customer=False, create_time=2025-07-27 12:44:28
2025-12-12 10:30:00 [INFO] : 👀 工单 1949329264994156545 评论巡检: id=1950857043577405440, user_type=EMPLOYEE, oper_raw=True, is_service=True, is_customer=False, create_time=2025-07-31 17:52:19
2025-12-12 10:30:00 [INFO] : 👀 工单 1949329264994156545 评论巡检: id=1952594967079682048, user_type=EMPLOYEE, oper_raw=True, is_service=True, is_customer=False, create_time=2025-08-05 12:58:12
2025-12-12 10:30:00 [INFO] : ⏱️ 工单 1949329264994156545 首响计算: first_customer_message_time=None, first_service_reply_time=None, response_seconds=None, threshold_seconds=120, is_timeout=False
2025-12-12 10:30:00 [INFO] : 🧾 工单 1949329264994156545 首响开关: work_type=AFTER_SALE, work_table_name=t_work_2025, is_after_sale=True, raw_comments=5, valid_comments=4
2025-12-12 10:30:00 [INFO] : ✅ 工单 1949329264994156545 有 4 条有效评论，构建完成对话数据
2025-12-12 10:30:00 [INFO] : 工单 1949329264994156545 AI状态更新为: PENDING
2025-12-12 10:30:00 [INFO] : 📋 处理工单 1949329213249028096 (17/50) - 评论表: t_work_comment_2025
2025-12-12 10:30:00 [INFO] : 从表 t_work_comment_2025 获取工单 1949329213249028096 的 3 条完整对话记录（包含客户和客服）
2025-12-12 10:30:00 [INFO] : 💭 工单 1949329213249028096 获取到 3 条原始评论
2025-12-12 10:30:00 [INFO] : 🔍 工单 1949329213249028096 开始去噪处理 3 条有效评论...
2025-12-12 10:30:00 [INFO] : 🔍 开始过滤评论，原始数量: 3
2025-12-12 10:30:00 [INFO] : ✅ 评论过滤完成:
2025-12-12 10:30:00 [INFO] :   📥 原始数量: 3
2025-12-12 10:30:00 [INFO] :   📤 过滤后数量: 3
2025-12-12 10:30:00 [INFO] :   🗑️ 移除数量: 0
2025-12-12 10:30:00 [INFO] :   📊 过滤率: 0.0%
2025-12-12 10:30:00 [INFO] : ✅ 创建批次记录: batch_20251212_103000_e59a9736, 工单数: 1
2025-12-12 10:30:00 [INFO] : ✅ 更新批次统计: batch_20251212_103000_e59a9736, 状态: COMPLETED
2025-12-12 10:30:00 [INFO] : ✅ 保存工单 1949329213249028096 去噪记录成功，批次: batch_20251212_103000_e59a9736
2025-12-12 10:30:00 [INFO] : ✅ 工单 1949329213249028096 去噪完成: 3 -> 3 条评论
2025-12-12 10:30:00 [INFO] : 🧾 工单 1949329213249028096 首响开关: work_type=REFUSE, work_table_name=t_work_2025, is_after_sale=False, raw_comments=3, valid_comments=3
2025-12-12 10:30:00 [INFO] : ✅ 工单 1949329213249028096 有 3 条有效评论，构建完成对话数据
2025-12-12 10:30:00 [INFO] : 工单 1949329213249028096 AI状态更新为: PENDING
2025-12-12 10:30:00 [INFO] : 📋 处理工单 1949329201643388929 (18/50) - 评论表: t_work_comment_2025
2025-12-12 10:30:00 [INFO] : 从表 t_work_comment_2025 获取工单 1949329201643388929 的 4 条完整对话记录（包含客户和客服）
2025-12-12 10:30:00 [INFO] : 💭 工单 1949329201643388929 获取到 4 条原始评论
2025-12-12 10:30:00 [INFO] : 🔍 工单 1949329201643388929 开始去噪处理 3 条有效评论...
2025-12-12 10:30:00 [INFO] : 🔍 开始过滤评论，原始数量: 3
2025-12-12 10:30:00 [INFO] : ✅ 评论过滤完成:
2025-12-12 10:30:00 [INFO] :   📥 原始数量: 3
2025-12-12 10:30:00 [INFO] :   📤 过滤后数量: 3
2025-12-12 10:30:00 [INFO] :   🗑️ 移除数量: 0
2025-12-12 10:30:00 [INFO] :   📊 过滤率: 0.0%
2025-12-12 10:30:00 [INFO] : ✅ 创建批次记录: batch_20251212_103000_0e208ec3, 工单数: 1
2025-12-12 10:30:00 [INFO] : ✅ 更新批次统计: batch_20251212_103000_0e208ec3, 状态: COMPLETED
2025-12-12 10:30:00 [INFO] : ✅ 保存工单 1949329201643388929 去噪记录成功，批次: batch_20251212_103000_0e208ec3
2025-12-12 10:30:00 [INFO] : ✅ 工单 1949329201643388929 去噪完成: 3 -> 3 条评论
2025-12-12 10:30:00 [INFO] : 🧾 工单 1949329201643388929 首响开关: work_type=SHOP_NO_ORDER, work_table_name=t_work_2025, is_after_sale=False, raw_comments=4, valid_comments=3
2025-12-12 10:30:00 [INFO] : ✅ 工单 1949329201643388929 有 3 条有效评论，构建完成对话数据
2025-12-12 10:30:00 [INFO] : 工单 1949329201643388929 AI状态更新为: PENDING
2025-12-12 10:30:00 [INFO] : 📋 处理工单 1949329156764336129 (19/50) - 评论表: t_work_comment_2025
2025-12-12 10:30:00 [INFO] : 从表 t_work_comment_2025 获取工单 1949329156764336129 的 4 条完整对话记录（包含客户和客服）
2025-12-12 10:30:00 [INFO] : 💭 工单 1949329156764336129 获取到 4 条原始评论
2025-12-12 10:30:00 [INFO] : 🔍 工单 1949329156764336129 开始去噪处理 4 条有效评论...
2025-12-12 10:30:00 [INFO] : 🔍 开始过滤评论，原始数量: 4
2025-12-12 10:30:00 [INFO] : ✅ 评论过滤完成:
2025-12-12 10:30:00 [INFO] :   📥 原始数量: 4
2025-12-12 10:30:00 [INFO] :   📤 过滤后数量: 4
2025-12-12 10:30:00 [INFO] :   🗑️ 移除数量: 0
2025-12-12 10:30:00 [INFO] :   📊 过滤率: 0.0%
2025-12-12 10:30:00 [INFO] : ✅ 创建批次记录: batch_20251212_103000_a1301217, 工单数: 1
2025-12-12 10:30:00 [INFO] : ✅ 更新批次统计: batch_20251212_103000_a1301217, 状态: COMPLETED
2025-12-12 10:30:00 [INFO] : ✅ 保存工单 1949329156764336129 去噪记录成功，批次: batch_20251212_103000_a1301217
2025-12-12 10:30:00 [INFO] : ✅ 工单 1949329156764336129 去噪完成: 4 -> 4 条评论
2025-12-12 10:30:00 [INFO] : ⏳ 工单 1949329156764336129 首响计算开始，评论总数=4
2025-12-12 10:30:00 [INFO] : 👀 工单 1949329156764336129 评论巡检: id=1949329156990828544, user_type=EMPLOYEE, oper_raw=True, is_service=True, is_customer=False, create_time=2025-07-27 12:41:02
2025-12-12 10:30:00 [INFO] : 👀 工单 1949329156764336129 评论巡检: id=1949329165106806784, user_type=EMPLOYEE, oper_raw=True, is_service=True, is_customer=False, create_time=2025-07-27 12:41:04
2025-12-12 10:30:00 [INFO] : 👀 工单 1949329156764336129 评论巡检: id=1949330185203482624, user_type=EMPLOYEE, oper_raw=True, is_service=True, is_customer=False, create_time=2025-07-27 12:45:07
2025-12-12 10:30:00 [INFO] : 👀 工单 1949329156764336129 评论巡检: id=1950768623622553600, user_type=EMPLOYEE, oper_raw=True, is_service=True, is_customer=False, create_time=2025-07-31 12:00:58
2025-12-12 10:30:00 [INFO] : ⏱️ 工单 1949329156764336129 首响计算: first_customer_message_time=None, first_service_reply_time=None, response_seconds=None, threshold_seconds=120, is_timeout=False
2025-12-12 10:30:00 [INFO] : 🧾 工单 1949329156764336129 首响开关: work_type=AFTER_SALE, work_table_name=t_work_2025, is_after_sale=True, raw_comments=4, valid_comments=4
2025-12-12 10:30:00 [INFO] : ✅ 工单 1949329156764336129 有 4 条有效评论，构建完成对话数据
2025-12-12 10:30:00 [INFO] : 工单 1949329156764336129 AI状态更新为: PENDING
2025-12-12 10:30:00 [INFO] : 📋 处理工单 1949329140888895489 (20/50) - 评论表: t_work_comment_2025
2025-12-12 10:30:00 [INFO] : 从表 t_work_comment_2025 获取工单 1949329140888895489 的 3 条完整对话记录（包含客户和客服）
2025-12-12 10:30:00 [INFO] : 💭 工单 1949329140888895489 获取到 3 条原始评论
2025-12-12 10:30:00 [INFO] : 🔍 工单 1949329140888895489 开始去噪处理 3 条有效评论...
2025-12-12 10:30:00 [INFO] : 🔍 开始过滤评论，原始数量: 3
2025-12-12 10:30:00 [INFO] : ✅ 评论过滤完成:
2025-12-12 10:30:00 [INFO] :   📥 原始数量: 3
2025-12-12 10:30:00 [INFO] :   📤 过滤后数量: 3
2025-12-12 10:30:00 [INFO] :   🗑️ 移除数量: 0
2025-12-12 10:30:00 [INFO] :   📊 过滤率: 0.0%
2025-12-12 10:30:00 [INFO] : ✅ 创建批次记录: batch_20251212_103000_04ce6542, 工单数: 1
2025-12-12 10:30:00 [INFO] : ✅ 更新批次统计: batch_20251212_103000_04ce6542, 状态: COMPLETED
2025-12-12 10:30:00 [INFO] : ✅ 保存工单 1949329140888895489 去噪记录成功，批次: batch_20251212_103000_04ce6542
2025-12-12 10:30:00 [INFO] : ✅ 工单 1949329140888895489 去噪完成: 3 -> 3 条评论
2025-12-12 10:30:00 [INFO] : ⏳ 工单 1949329140888895489 首响计算开始，评论总数=3
2025-12-12 10:30:00 [INFO] : 👀 工单 1949329140888895489 评论巡检: id=1949329141111193600, user_type=EMPLOYEE, oper_raw=True, is_service=True, is_customer=False, create_time=2025-07-27 12:40:58
2025-12-12 10:30:00 [INFO] : 👀 工单 1949329140888895489 评论巡检: id=1949329160799256576, user_type=EMPLOYEE, oper_raw=True, is_service=True, is_customer=False, create_time=2025-07-27 12:41:03
2025-12-12 10:30:00 [INFO] : 👀 工单 1949329140888895489 评论巡检: id=1949329181682696192, user_type=EMPLOYEE, oper_raw=True, is_service=True, is_customer=False, create_time=2025-07-27 12:41:08
2025-12-12 10:30:00 [INFO] : ⏱️ 工单 1949329140888895489 首响计算: first_customer_message_time=None, first_service_reply_time=None, response_seconds=None, threshold_seconds=120, is_timeout=False
2025-12-12 10:30:00 [INFO] : 🧾 工单 1949329140888895489 首响开关: work_type=AFTER_SALE, work_table_name=t_work_2025, is_after_sale=True, raw_comments=3, valid_comments=3
2025-12-12 10:30:00 [INFO] : ✅ 工单 1949329140888895489 有 3 条有效评论，构建完成对话数据
2025-12-12 10:30:00 [INFO] : 工单 1949329140888895489 AI状态更新为: PENDING
2025-12-12 10:30:00 [INFO] : 📋 处理工单 1949329101273694209 (21/50) - 评论表: t_work_comment_2025
2025-12-12 10:30:00 [INFO] : 从表 t_work_comment_2025 获取工单 1949329101273694209 的 4 条完整对话记录（包含客户和客服）
2025-12-12 10:30:00 [INFO] : 💭 工单 1949329101273694209 获取到 4 条原始评论
2025-12-12 10:30:00 [INFO] : 🔍 工单 1949329101273694209 开始去噪处理 4 条有效评论...
2025-12-12 10:30:00 [INFO] : 🔍 开始过滤评论，原始数量: 4
2025-12-12 10:30:00 [INFO] : ✅ 评论过滤完成:
2025-12-12 10:30:00 [INFO] :   📥 原始数量: 4
2025-12-12 10:30:00 [INFO] :   📤 过滤后数量: 4
2025-12-12 10:30:00 [INFO] :   🗑️ 移除数量: 0
2025-12-12 10:30:00 [INFO] :   📊 过滤率: 0.0%
2025-12-12 10:30:00 [INFO] : ✅ 创建批次记录: batch_20251212_103000_4b2ba83f, 工单数: 1
2025-12-12 10:30:00 [INFO] : ✅ 更新批次统计: batch_20251212_103000_4b2ba83f, 状态: COMPLETED
2025-12-12 10:30:00 [INFO] : ✅ 保存工单 1949329101273694209 去噪记录成功，批次: batch_20251212_103000_4b2ba83f
2025-12-12 10:30:00 [INFO] : ✅ 工单 1949329101273694209 去噪完成: 4 -> 4 条评论
2025-12-12 10:30:00 [INFO] : 🧾 工单 1949329101273694209 首响开关: work_type=CHECK_PRICE, work_table_name=t_work_2025, is_after_sale=False, raw_comments=4, valid_comments=4
2025-12-12 10:30:00 [INFO] : ✅ 工单 1949329101273694209 有 4 条有效评论，构建完成对话数据
2025-12-12 10:30:00 [INFO] : 工单 1949329101273694209 AI状态更新为: PENDING
2025-12-12 10:30:00 [INFO] : 📋 处理工单 1949328691024625665 (22/50) - 评论表: t_work_comment_2025
2025-12-12 10:30:00 [INFO] : 从表 t_work_comment_2025 获取工单 1949328691024625665 的 3 条完整对话记录（包含客户和客服）
2025-12-12 10:30:00 [INFO] : 💭 工单 1949328691024625665 获取到 3 条原始评论
2025-12-12 10:30:00 [INFO] : 🔍 工单 1949328691024625665 开始去噪处理 2 条有效评论...
2025-12-12 10:30:00 [INFO] : 🔍 开始过滤评论，原始数量: 2
2025-12-12 10:30:00 [INFO] : ✅ 评论过滤完成:
2025-12-12 10:30:00 [INFO] :   📥 原始数量: 2
2025-12-12 10:30:00 [INFO] :   📤 过滤后数量: 2
2025-12-12 10:30:00 [INFO] :   🗑️ 移除数量: 0
2025-12-12 10:30:00 [INFO] :   📊 过滤率: 0.0%
2025-12-12 10:30:00 [INFO] : ✅ 创建批次记录: batch_20251212_103000_d49ec3f3, 工单数: 1
2025-12-12 10:30:00 [INFO] : ✅ 更新批次统计: batch_20251212_103000_d49ec3f3, 状态: COMPLETED
2025-12-12 10:30:00 [INFO] : ✅ 保存工单 1949328691024625665 去噪记录成功，批次: batch_20251212_103000_d49ec3f3
2025-12-12 10:30:00 [INFO] : ✅ 工单 1949328691024625665 去噪完成: 2 -> 2 条评论
2025-12-12 10:30:00 [INFO] : 🧾 工单 1949328691024625665 首响开关: work_type=URGE_INSTALL, work_table_name=t_work_2025, is_after_sale=False, raw_comments=3, valid_comments=2
2025-12-12 10:30:00 [INFO] : ✅ 工单 1949328691024625665 有 2 条有效评论，构建完成对话数据
2025-12-12 10:30:00 [INFO] : 工单 1949328691024625665 AI状态更新为: PENDING
2025-12-12 10:30:00 [INFO] : 📋 处理工单 1949328645302517761 (23/50) - 评论表: t_work_comment_2025
2025-12-12 10:30:00 [INFO] : 从表 t_work_comment_2025 获取工单 1949328645302517761 的 6 条完整对话记录（包含客户和客服）
2025-12-12 10:30:00 [INFO] : 💭 工单 1949328645302517761 获取到 6 条原始评论
2025-12-12 10:30:00 [INFO] : 🔍 工单 1949328645302517761 开始去噪处理 6 条有效评论...
2025-12-12 10:30:00 [INFO] : 🔍 开始过滤评论，原始数量: 6
2025-12-12 10:30:00 [INFO] : ✅ 评论过滤完成:
2025-12-12 10:30:00 [INFO] :   📥 原始数量: 6
2025-12-12 10:30:00 [INFO] :   📤 过滤后数量: 6
2025-12-12 10:30:00 [INFO] :   🗑️ 移除数量: 0
2025-12-12 10:30:00 [INFO] :   📊 过滤率: 0.0%
2025-12-12 10:30:00 [INFO] : ✅ 创建批次记录: batch_20251212_103000_06721b2c, 工单数: 1
2025-12-12 10:30:00 [INFO] : ✅ 更新批次统计: batch_20251212_103000_06721b2c, 状态: COMPLETED
2025-12-12 10:30:00 [INFO] : ✅ 保存工单 1949328645302517761 去噪记录成功，批次: batch_20251212_103000_06721b2c
2025-12-12 10:30:00 [INFO] : ✅ 工单 1949328645302517761 去噪完成: 6 -> 6 条评论
2025-12-12 10:30:00 [INFO] : 🧾 工单 1949328645302517761 首响开关: work_type=EXCHANGE, work_table_name=t_work_2025, is_after_sale=False, raw_comments=6, valid_comments=6
2025-12-12 10:30:00 [INFO] : ✅ 工单 1949328645302517761 有 6 条有效评论，构建完成对话数据
2025-12-12 10:30:00 [INFO] : 工单 1949328645302517761 AI状态更新为: PENDING
2025-12-12 10:30:00 [INFO] : 📋 处理工单 1949328601736282113 (24/50) - 评论表: t_work_comment_2025
2025-12-12 10:30:00 [INFO] : 从表 t_work_comment_2025 获取工单 1949328601736282113 的 30 条完整对话记录（包含客户和客服）
2025-12-12 10:30:00 [INFO] : 💭 工单 1949328601736282113 获取到 30 条原始评论
2025-12-12 10:30:00 [INFO] : 🔍 工单 1949328601736282113 开始去噪处理 26 条有效评论...
2025-12-12 10:30:00 [INFO] : 🔍 开始过滤评论，原始数量: 26
2025-12-12 10:30:00 [INFO] : ✅ 评论过滤完成:
2025-12-12 10:30:00 [INFO] :   📥 原始数量: 26
2025-12-12 10:30:00 [INFO] :   📤 过滤后数量: 26
2025-12-12 10:30:00 [INFO] :   🗑️ 移除数量: 0
2025-12-12 10:30:00 [INFO] :   📊 过滤率: 0.0%
2025-12-12 10:30:00 [INFO] : ✅ 创建批次记录: batch_20251212_103000_89e2d087, 工单数: 1
2025-12-12 10:30:00 [INFO] : ✅ 更新批次统计: batch_20251212_103000_89e2d087, 状态: COMPLETED
2025-12-12 10:30:00 [INFO] : ✅ 保存工单 1949328601736282113 去噪记录成功，批次: batch_20251212_103000_89e2d087
2025-12-12 10:30:00 [INFO] : ✅ 工单 1949328601736282113 去噪完成: 26 -> 26 条评论
2025-12-12 10:30:00 [INFO] : ⏳ 工单 1949328601736282113 首响计算开始，评论总数=30
2025-12-12 10:30:00 [INFO] : 👀 工单 1949328601736282113 评论巡检: id=1949328602105380864, user_type=EMPLOYEE, oper_raw=True, is_service=True, is_customer=False, create_time=2025-07-27 12:38:50
2025-12-12 10:30:00 [INFO] : 👀 工单 1949328601736282113 评论巡检: id=1949328614499549184, user_type=EMPLOYEE, oper_raw=True, is_service=True, is_customer=False, create_time=2025-07-27 12:38:53
2025-12-12 10:30:00 [INFO] : 👀 工单 1949328601736282113 评论巡检: id=1949329459647610880, user_type=EMPLOYEE, oper_raw=True, is_service=True, is_customer=False, create_time=2025-07-27 12:42:14
2025-12-12 10:30:00 [INFO] : 👀 工单 1949328601736282113 评论巡检: id=1949335536497852416, user_type=EMPLOYEE, oper_raw=True, is_service=True, is_customer=False, create_time=2025-07-27 13:06:23
2025-12-12 10:30:00 [INFO] : 👀 工单 1949328601736282113 评论巡检: id=1949335602054823936, user_type=EMPLOYEE, oper_raw=True, is_service=True, is_customer=False, create_time=2025-07-27 13:06:39
2025-12-12 10:30:00 [INFO] : 👀 工单 1949328601736282113 评论巡检: id=1949346257923211264, user_type=EMPLOYEE, oper_raw=True, is_service=True, is_customer=False, create_time=2025-07-27 13:48:59
2025-12-12 10:30:00 [INFO] : 👀 工单 1949328601736282113 评论巡检: id=1949346327934533632, user_type=EMPLOYEE, oper_raw=True, is_service=True, is_customer=False, create_time=2025-07-27 13:49:16
2025-12-12 10:30:00 [INFO] : 👀 工单 1949328601736282113 评论巡检: id=1949347179990614016, user_type=EMPLOYEE, oper_raw=True, is_service=True, is_customer=False, create_time=2025-07-27 13:52:39
2025-12-12 10:30:00 [INFO] : 👀 工单 1949328601736282113 评论巡检: id=1949412820802076672, user_type=EMPLOYEE, oper_raw=True, is_service=True, is_customer=False, create_time=2025-07-27 18:13:29
2025-12-12 10:30:00 [INFO] : 👀 工单 1949328601736282113 评论巡检: id=1949630465027604480, user_type=EMPLOYEE, oper_raw=True, is_service=True, is_customer=False, create_time=2025-07-28 08:38:19
2025-12-12 10:30:00 [INFO] : 👀 工单 1949328601736282113 评论巡检: id=1949630587845214208, user_type=EMPLOYEE, oper_raw=True, is_service=True, is_customer=False, create_time=2025-07-28 08:38:49
2025-12-12 10:30:00 [INFO] : 👀 工单 1949328601736282113 评论巡检: id=1949632924403892224, user_type=EMPLOYEE, oper_raw=True, is_service=True, is_customer=False, create_time=2025-07-28 08:48:06
2025-12-12 10:30:00 [INFO] : 👀 工单 1949328601736282113 评论巡检: id=1949632967496171520, user_type=EMPLOYEE, oper_raw=True, is_service=True, is_customer=False, create_time=2025-07-28 08:48:16
2025-12-12 10:30:00 [INFO] : 👀 工单 1949328601736282113 评论巡检: id=1949634139846082560, user_type=EMPLOYEE, oper_raw=True, is_service=True, is_customer=False, create_time=2025-07-28 08:52:56
2025-12-12 10:30:00 [INFO] : 👀 工单 1949328601736282113 评论巡检: id=1949764167749599232, user_type=EMPLOYEE, oper_raw=True, is_service=True, is_customer=False, create_time=2025-07-28 17:29:37
2025-12-12 10:30:00 [INFO] : 👀 工单 1949328601736282113 评论巡检: id=1951140577743470592, user_type=EMPLOYEE, oper_raw=True, is_service=True, is_customer=False, create_time=2025-08-01 12:38:58
2025-12-12 10:30:00 [INFO] : 👀 工单 1949328601736282113 评论巡检: id=1951140645947047936, user_type=EMPLOYEE, oper_raw=True, is_service=True, is_customer=False, create_time=2025-08-01 12:39:15
2025-12-12 10:30:00 [INFO] : 👀 工单 1949328601736282113 评论巡检: id=1952230029437960192, user_type=EMPLOYEE, oper_raw=True, is_service=True, is_customer=False, create_time=2025-08-04 12:48:04
2025-12-12 10:30:00 [INFO] : 👀 工单 1949328601736282113 评论巡检: id=1952230065257316352, user_type=EMPLOYEE, oper_raw=True, is_service=True, is_customer=False, create_time=2025-08-04 12:48:12
2025-12-12 10:30:00 [INFO] : 👀 工单 1949328601736282113 评论巡检: id=1952230796911706112, user_type=EMPLOYEE, oper_raw=True, is_service=True, is_customer=False, create_time=2025-08-04 12:51:07
2025-12-12 10:30:00 [INFO] : 👀 工单 1949328601736282113 评论巡检: id=1953691630603075584, user_type=EMPLOYEE, oper_raw=True, is_service=True, is_customer=False, create_time=2025-08-08 13:35:57
2025-12-12 10:30:00 [INFO] : 👀 工单 1949328601736282113 评论巡检: id=1953724951034855424, user_type=EMPLOYEE, oper_raw=True, is_service=True, is_customer=False, create_time=2025-08-08 15:48:21
2025-12-12 10:30:00 [INFO] : 👀 工单 1949328601736282113 评论巡检: id=1953725043506675712, user_type=EMPLOYEE, oper_raw=True, is_service=True, is_customer=False, create_time=2025-08-08 15:48:43
2025-12-12 10:30:00 [INFO] : 👀 工单 1949328601736282113 评论巡检: id=1953725281281769472, user_type=EMPLOYEE, oper_raw=True, is_service=True, is_customer=False, create_time=2025-08-08 15:49:40
2025-12-12 10:30:00 [INFO] : 👀 工单 1949328601736282113 评论巡检: id=1953976826481082368, user_type=EMPLOYEE, oper_raw=True, is_service=True, is_customer=False, create_time=2025-08-09 08:29:13
2025-12-12 10:30:00 [INFO] : 👀 工单 1949328601736282113 评论巡检: id=1953976905170419712, user_type=EMPLOYEE, oper_raw=True, is_service=True, is_customer=False, create_time=2025-08-09 08:29:31
2025-12-12 10:30:00 [INFO] : 👀 工单 1949328601736282113 评论巡检: id=1953977569908883456, user_type=EMPLOYEE, oper_raw=True, is_service=True, is_customer=False, create_time=2025-08-09 08:32:10
2025-12-12 10:30:00 [INFO] : 👀 工单 1949328601736282113 评论巡检: id=1953977611134697472, user_type=EMPLOYEE, oper_raw=True, is_service=True, is_customer=False, create_time=2025-08-09 08:32:20
2025-12-12 10:30:00 [INFO] : 👀 工单 1949328601736282113 评论巡检: id=1953977651181912064, user_type=EMPLOYEE, oper_raw=True, is_service=True, is_customer=False, create_time=2025-08-09 08:32:29
2025-12-12 10:30:00 [INFO] : 👀 工单 1949328601736282113 评论巡检: id=1953978904666439680, user_type=EMPLOYEE, oper_raw=True, is_service=True, is_customer=False, create_time=2025-08-09 08:37:28
2025-12-12 10:30:00 [INFO] : ⏱️ 工单 1949328601736282113 首响计算: first_customer_message_time=None, first_service_reply_time=None, response_seconds=None, threshold_seconds=120, is_timeout=False
2025-12-12 10:30:00 [INFO] : 🧾 工单 1949328601736282113 首响开关: work_type=AFTER_SALE, work_table_name=t_work_2025, is_after_sale=True, raw_comments=30, valid_comments=26
2025-12-12 10:30:00 [INFO] : ✅ 工单 1949328601736282113 有 26 条有效评论，构建完成对话数据
2025-12-12 10:30:00 [INFO] : 工单 1949328601736282113 AI状态更新为: PENDING
2025-12-12 10:30:00 [INFO] : 📋 处理工单 1949328522304552961 (25/50) - 评论表: t_work_comment_2025
2025-12-12 10:30:00 [INFO] : 从表 t_work_comment_2025 获取工单 1949328522304552961 的 10 条完整对话记录（包含客户和客服）
2025-12-12 10:30:00 [INFO] : 💭 工单 1949328522304552961 获取到 10 条原始评论
2025-12-12 10:30:00 [INFO] : 🔍 工单 1949328522304552961 开始去噪处理 8 条有效评论...
2025-12-12 10:30:00 [INFO] : 🔍 开始过滤评论，原始数量: 8
2025-12-12 10:30:00 [INFO] : ✅ 评论过滤完成:
2025-12-12 10:30:00 [INFO] :   📥 原始数量: 8
2025-12-12 10:30:00 [INFO] :   📤 过滤后数量: 8
2025-12-12 10:30:00 [INFO] :   🗑️ 移除数量: 0
2025-12-12 10:30:00 [INFO] :   📊 过滤率: 0.0%
2025-12-12 10:30:00 [INFO] : ✅ 创建批次记录: batch_20251212_103000_2ea3da1f, 工单数: 1
2025-12-12 10:30:00 [INFO] : ✅ 更新批次统计: batch_20251212_103000_2ea3da1f, 状态: COMPLETED
2025-12-12 10:30:00 [INFO] : ✅ 保存工单 1949328522304552961 去噪记录成功，批次: batch_20251212_103000_2ea3da1f
2025-12-12 10:30:00 [INFO] : ✅ 工单 1949328522304552961 去噪完成: 8 -> 8 条评论
2025-12-12 10:30:00 [INFO] : ⏳ 工单 1949328522304552961 首响计算开始，评论总数=10
2025-12-12 10:30:00 [INFO] : 👀 工单 1949328522304552961 评论巡检: id=1949328522526851072, user_type=EMPLOYEE, oper_raw=True, is_service=True, is_customer=False, create_time=2025-07-27 12:38:31
2025-12-12 10:30:00 [INFO] : 👀 工单 1949328522304552961 评论巡检: id=1949328538649755648, user_type=EMPLOYEE, oper_raw=True, is_service=True, is_customer=False, create_time=2025-07-27 12:38:35
2025-12-12 10:30:00 [INFO] : 👀 工单 1949328522304552961 评论巡检: id=1949329946925072384, user_type=EMPLOYEE, oper_raw=True, is_service=True, is_customer=False, create_time=2025-07-27 12:44:10
2025-12-12 10:30:00 [INFO] : 👀 工单 1949328522304552961 评论巡检: id=1949331212233342976, user_type=EMPLOYEE, oper_raw=True, is_service=True, is_customer=False, create_time=2025-07-27 12:49:12
2025-12-12 10:30:00 [INFO] : 👀 工单 1949328522304552961 评论巡检: id=1949331323432730624, user_type=EMPLOYEE, oper_raw=True, is_service=True, is_customer=False, create_time=2025-07-27 12:49:38
2025-12-12 10:30:00 [INFO] : 👀 工单 1949328522304552961 评论巡检: id=1949331671438327808, user_type=EMPLOYEE, oper_raw=True, is_service=True, is_customer=False, create_time=2025-07-27 12:51:01
2025-12-12 10:30:00 [INFO] : 👀 工单 1949328522304552961 评论巡检: id=1949381755303624704, user_type=EMPLOYEE, oper_raw=True, is_service=True, is_customer=False, create_time=2025-07-27 16:10:02
2025-12-12 10:30:00 [INFO] : 👀 工单 1949328522304552961 评论巡检: id=1949382755146006528, user_type=EMPLOYEE, oper_raw=True, is_service=True, is_customer=False, create_time=2025-07-27 16:14:01
2025-12-12 10:30:00 [INFO] : 👀 工单 1949328522304552961 评论巡检: id=1949385628206497792, user_type=EMPLOYEE, oper_raw=True, is_service=True, is_customer=False, create_time=2025-07-27 16:25:26
2025-12-12 10:30:00 [INFO] : 👀 工单 1949328522304552961 评论巡检: id=1949385682824724480, user_type=EMPLOYEE, oper_raw=True, is_service=True, is_customer=False, create_time=2025-07-27 16:25:39
2025-12-12 10:30:00 [INFO] : ⏱️ 工单 1949328522304552961 首响计算: first_customer_message_time=None, first_service_reply_time=None, response_seconds=None, threshold_seconds=120, is_timeout=False
2025-12-12 10:30:00 [INFO] : 🧾 工单 1949328522304552961 首响开关: work_type=AFTER_SALE, work_table_name=t_work_2025, is_after_sale=True, raw_comments=10, valid_comments=8
2025-12-12 10:30:00 [INFO] : ✅ 工单 1949328522304552961 有 8 条有效评论，构建完成对话数据
2025-12-12 10:30:00 [INFO] : 工单 1949328522304552961 AI状态更新为: PENDING
2025-12-12 10:30:00 [INFO] : 📋 处理工单 1949330407937802241 (26/50) - 评论表: t_work_comment_2025
2025-12-12 10:30:00 [INFO] : 从表 t_work_comment_2025 获取工单 1949330407937802241 的 4 条完整对话记录（包含客户和客服）
2025-12-12 10:30:00 [INFO] : 💭 工单 1949330407937802241 获取到 4 条原始评论
2025-12-12 10:30:00 [INFO] : 🔍 工单 1949330407937802241 开始去噪处理 4 条有效评论...
2025-12-12 10:30:00 [INFO] : 🔍 开始过滤评论，原始数量: 4
2025-12-12 10:30:00 [INFO] : ✅ 评论过滤完成:
2025-12-12 10:30:00 [INFO] :   📥 原始数量: 4
2025-12-12 10:30:00 [INFO] :   📤 过滤后数量: 4
2025-12-12 10:30:00 [INFO] :   🗑️ 移除数量: 0
2025-12-12 10:30:00 [INFO] :   📊 过滤率: 0.0%
2025-12-12 10:30:00 [INFO] : ✅ 创建批次记录: batch_20251212_103000_a88b9414, 工单数: 1
2025-12-12 10:30:00 [INFO] : ✅ 更新批次统计: batch_20251212_103000_a88b9414, 状态: COMPLETED
2025-12-12 10:30:00 [INFO] : ✅ 保存工单 1949330407937802241 去噪记录成功，批次: batch_20251212_103000_a88b9414
2025-12-12 10:30:00 [INFO] : ✅ 工单 1949330407937802241 去噪完成: 4 -> 4 条评论
2025-12-12 10:30:00 [INFO] : ⏳ 工单 1949330407937802241 首响计算开始，评论总数=4
2025-12-12 10:30:00 [INFO] : 👀 工单 1949330407937802241 评论巡检: id=1949330408206237696, user_type=EMPLOYEE, oper_raw=True, is_service=True, is_customer=False, create_time=2025-07-27 12:46:00
2025-12-12 10:30:00 [INFO] : 👀 工单 1949330407937802241 评论巡检: id=1949330487767990272, user_type=EMPLOYEE, oper_raw=True, is_service=True, is_customer=False, create_time=2025-07-27 12:46:19
2025-12-12 10:30:00 [INFO] : 👀 工单 1949330407937802241 评论巡检: id=1949331158365896704, user_type=EMPLOYEE, oper_raw=True, is_service=True, is_customer=False, create_time=2025-07-27 12:48:59
2025-12-12 10:30:00 [INFO] : 👀 工单 1949330407937802241 评论巡检: id=1949331586642083840, user_type=EMPLOYEE, oper_raw=True, is_service=True, is_customer=False, create_time=2025-07-27 12:50:41
2025-12-12 10:30:00 [INFO] : ⏱️ 工单 1949330407937802241 首响计算: first_customer_message_time=None, first_service_reply_time=None, response_seconds=None, threshold_seconds=120, is_timeout=False
2025-12-12 10:30:00 [INFO] : 🧾 工单 1949330407937802241 首响开关: work_type=AFTER_SALE, work_table_name=t_work_2025, is_after_sale=True, raw_comments=4, valid_comments=4
2025-12-12 10:30:00 [INFO] : ✅ 工单 1949330407937802241 有 4 条有效评论，构建完成对话数据
2025-12-12 10:30:00 [INFO] : 工单 1949330407937802241 AI状态更新为: PENDING
2025-12-12 10:30:00 [INFO] : 📋 处理工单 1949331355322023937 (27/50) - 评论表: t_work_comment_2025
2025-12-12 10:30:00 [INFO] : 从表 t_work_comment_2025 获取工单 1949331355322023937 的 3 条完整对话记录（包含客户和客服）
2025-12-12 10:30:00 [INFO] : 💭 工单 1949331355322023937 获取到 3 条原始评论
2025-12-12 10:30:00 [INFO] : 🔍 工单 1949331355322023937 开始去噪处理 3 条有效评论...
2025-12-12 10:30:00 [INFO] : 🔍 开始过滤评论，原始数量: 3
2025-12-12 10:30:00 [INFO] : ✅ 评论过滤完成:
2025-12-12 10:30:00 [INFO] :   📥 原始数量: 3
2025-12-12 10:30:00 [INFO] :   📤 过滤后数量: 3
2025-12-12 10:30:00 [INFO] :   🗑️ 移除数量: 0
2025-12-12 10:30:00 [INFO] :   📊 过滤率: 0.0%
2025-12-12 10:30:00 [INFO] : ✅ 创建批次记录: batch_20251212_103000_6fd30292, 工单数: 1
2025-12-12 10:30:00 [INFO] : ✅ 更新批次统计: batch_20251212_103000_6fd30292, 状态: COMPLETED
2025-12-12 10:30:00 [INFO] : ✅ 保存工单 1949331355322023937 去噪记录成功，批次: batch_20251212_103000_6fd30292
2025-12-12 10:30:00 [INFO] : ✅ 工单 1949331355322023937 去噪完成: 3 -> 3 条评论
2025-12-12 10:30:00 [INFO] : 🧾 工单 1949331355322023937 首响开关: work_type=URGE_INSTALL, work_table_name=t_work_2025, is_after_sale=False, raw_comments=3, valid_comments=3
2025-12-12 10:30:00 [INFO] : ✅ 工单 1949331355322023937 有 3 条有效评论，构建完成对话数据
2025-12-12 10:30:00 [INFO] : 工单 1949331355322023937 AI状态更新为: PENDING
2025-12-12 10:30:00 [INFO] : 📋 处理工单 1949331311558656001 (28/50) - 评论表: t_work_comment_2025
2025-12-12 10:30:00 [INFO] : 从表 t_work_comment_2025 获取工单 1949331311558656001 的 4 条完整对话记录（包含客户和客服）
2025-12-12 10:30:00 [INFO] : 💭 工单 1949331311558656001 获取到 4 条原始评论
2025-12-12 10:30:00 [INFO] : 🔍 工单 1949331311558656001 开始去噪处理 4 条有效评论...
2025-12-12 10:30:00 [INFO] : 🔍 开始过滤评论，原始数量: 4
2025-12-12 10:30:00 [INFO] : ✅ 评论过滤完成:
2025-12-12 10:30:00 [INFO] :   📥 原始数量: 4
2025-12-12 10:30:00 [INFO] :   📤 过滤后数量: 4
2025-12-12 10:30:00 [INFO] :   🗑️ 移除数量: 0
2025-12-12 10:30:00 [INFO] :   📊 过滤率: 0.0%
2025-12-12 10:30:00 [INFO] : ✅ 创建批次记录: batch_20251212_103000_eb29590f, 工单数: 1
2025-12-12 10:30:00 [INFO] : ✅ 更新批次统计: batch_20251212_103000_eb29590f, 状态: COMPLETED
2025-12-12 10:30:00 [INFO] : ✅ 保存工单 1949331311558656001 去噪记录成功，批次: batch_20251212_103000_eb29590f
2025-12-12 10:30:00 [INFO] : ✅ 工单 1949331311558656001 去噪完成: 4 -> 4 条评论
2025-12-12 10:30:00 [INFO] : 🧾 工单 1949331311558656001 首响开关: work_type=REPAIR_CHU_JIU, work_table_name=t_work_2025, is_after_sale=False, raw_comments=4, valid_comments=4
2025-12-12 10:30:00 [INFO] : ✅ 工单 1949331311558656001 有 4 条有效评论，构建完成对话数据
2025-12-12 10:30:00 [INFO] : 工单 1949331311558656001 AI状态更新为: PENDING
2025-12-12 10:30:00 [INFO] : 📋 处理工单 1949331301009981441 (29/50) - 评论表: t_work_comment_2025
2025-12-12 10:30:00 [INFO] : 从表 t_work_comment_2025 获取工单 1949331301009981441 的 5 条完整对话记录（包含客户和客服）
2025-12-12 10:30:00 [INFO] : 💭 工单 1949331301009981441 获取到 5 条原始评论
2025-12-12 10:30:00 [INFO] : 🔍 工单 1949331301009981441 开始去噪处理 5 条有效评论...
2025-12-12 10:30:00 [INFO] : 🔍 开始过滤评论，原始数量: 5
2025-12-12 10:30:00 [INFO] : ✅ 评论过滤完成:
2025-12-12 10:30:00 [INFO] :   📥 原始数量: 5
2025-12-12 10:30:00 [INFO] :   📤 过滤后数量: 5
2025-12-12 10:30:00 [INFO] :   🗑️ 移除数量: 0
2025-12-12 10:30:00 [INFO] :   📊 过滤率: 0.0%
2025-12-12 10:30:00 [INFO] : ✅ 创建批次记录: batch_20251212_103000_75bee009, 工单数: 1
2025-12-12 10:30:00 [INFO] : ✅ 更新批次统计: batch_20251212_103000_75bee009, 状态: COMPLETED
2025-12-12 10:30:00 [INFO] : ✅ 保存工单 1949331301009981441 去噪记录成功，批次: batch_20251212_103000_75bee009
2025-12-12 10:30:00 [INFO] : ✅ 工单 1949331301009981441 去噪完成: 5 -> 5 条评论
2025-12-12 10:30:00 [INFO] : ⏳ 工单 1949331301009981441 首响计算开始，评论总数=5
2025-12-12 10:30:00 [INFO] : 👀 工单 1949331301009981441 评论巡检: id=1949331301467160576, user_type=SELLER, oper_raw=True, is_service=False, is_customer=True, create_time=2025-07-27 12:49:33
2025-12-12 10:30:00 [INFO] : 🎯 工单 1949331301009981441 首条客户消息锁定: 2025-07-27 12:49:33
2025-12-12 10:30:00 [INFO] : 👀 工单 1949331301009981441 评论巡检: id=1949331348112015360, user_type=EMPLOYEE, oper_raw=True, is_service=True, is_customer=False, create_time=2025-07-27 12:49:44
2025-12-12 10:30:00 [INFO] : 🎯 工单 1949331301009981441 首条客服回复锁定: 2025-07-27 12:49:44
2025-12-12 10:30:00 [INFO] : ⏱️ 工单 1949331301009981441 首响计算: first_customer_message_time=2025-07-27 12:49:33, first_service_reply_time=2025-07-27 12:49:44, response_seconds=11, threshold_seconds=120, is_timeout=False
2025-12-12 10:30:00 [INFO] : 🧾 工单 1949331301009981441 首响开关: work_type=AFTER_SALE, work_table_name=t_work_2025, is_after_sale=True, raw_comments=5, valid_comments=5
2025-12-12 10:30:00 [INFO] : ✅ 工单 1949331301009981441 有 5 条有效评论，构建完成对话数据
2025-12-12 10:30:00 [INFO] : 工单 1949331301009981441 AI状态更新为: PENDING
2025-12-12 10:30:00 [INFO] : 📋 处理工单 1949331289773441025 (30/50) - 评论表: t_work_comment_2025
2025-12-12 10:30:00 [INFO] : 从表 t_work_comment_2025 获取工单 1949331289773441025 的 4 条完整对话记录（包含客户和客服）
2025-12-12 10:30:00 [INFO] : 💭 工单 1949331289773441025 获取到 4 条原始评论
2025-12-12 10:30:00 [INFO] : 🔍 工单 1949331289773441025 开始去噪处理 4 条有效评论...
2025-12-12 10:30:00 [INFO] : 🔍 开始过滤评论，原始数量: 4
2025-12-12 10:30:00 [INFO] : ✅ 评论过滤完成:
2025-12-12 10:30:00 [INFO] :   📥 原始数量: 4
2025-12-12 10:30:00 [INFO] :   📤 过滤后数量: 4
2025-12-12 10:30:00 [INFO] :   🗑️ 移除数量: 0
2025-12-12 10:30:00 [INFO] :   📊 过滤率: 0.0%
2025-12-12 10:30:00 [INFO] : ✅ 创建批次记录: batch_20251212_103000_f81727a6, 工单数: 1
2025-12-12 10:30:00 [INFO] : ✅ 更新批次统计: batch_20251212_103000_f81727a6, 状态: COMPLETED
2025-12-12 10:30:00 [INFO] : ✅ 保存工单 1949331289773441025 去噪记录成功，批次: batch_20251212_103000_f81727a6
2025-12-12 10:30:00 [INFO] : ✅ 工单 1949331289773441025 去噪完成: 4 -> 4 条评论
2025-12-12 10:30:00 [INFO] : 🧾 工单 1949331289773441025 首响开关: work_type=URGE_HF, work_table_name=t_work_2025, is_after_sale=False, raw_comments=4, valid_comments=4
2025-12-12 10:30:00 [INFO] : ✅ 工单 1949331289773441025 有 4 条有效评论，构建完成对话数据
2025-12-12 10:30:00 [INFO] : 工单 1949331289773441025 AI状态更新为: PENDING
2025-12-12 10:30:00 [INFO] : 📋 处理工单 1949331271821819905 (31/50) - 评论表: t_work_comment_2025
2025-12-12 10:30:00 [INFO] : 从表 t_work_comment_2025 获取工单 1949331271821819905 的 6 条完整对话记录（包含客户和客服）
2025-12-12 10:30:00 [INFO] : 💭 工单 1949331271821819905 获取到 6 条原始评论
2025-12-12 10:30:00 [INFO] : 🔍 工单 1949331271821819905 开始去噪处理 6 条有效评论...
2025-12-12 10:30:00 [INFO] : 🔍 开始过滤评论，原始数量: 6
2025-12-12 10:30:00 [INFO] : ✅ 评论过滤完成:
2025-12-12 10:30:00 [INFO] :   📥 原始数量: 6
2025-12-12 10:30:00 [INFO] :   📤 过滤后数量: 5
2025-12-12 10:30:00 [INFO] :   🗑️ 移除数量: 1
2025-12-12 10:30:00 [INFO] :   📊 过滤率: 16.7%
2025-12-12 10:30:00 [INFO] : 🔍 过滤原因统计:
2025-12-12 10:30:00 [INFO] :   - 无效数据: 内容过短且非中文: 1 条
2025-12-12 10:30:00 [INFO] : ✅ 创建批次记录: batch_20251212_103000_b3f370b3, 工单数: 1
2025-12-12 10:30:00 [INFO] : ✅ 更新批次统计: batch_20251212_103000_b3f370b3, 状态: COMPLETED
2025-12-12 10:30:00 [INFO] : ✅ 保存工单 1949331271821819905 去噪记录成功，批次: batch_20251212_103000_b3f370b3
2025-12-12 10:30:00 [INFO] : ✅ 工单 1949331271821819905 去噪完成: 6 -> 5 条评论
2025-12-12 10:30:00 [INFO] : 🗑️ 工单 1949331271821819905 去噪移除了 1 条评论
2025-12-12 10:30:00 [INFO] : 🧾 工单 1949331271821819905 首响开关: work_type=EXCHANGE, work_table_name=t_work_2025, is_after_sale=False, raw_comments=6, valid_comments=5
2025-12-12 10:30:00 [INFO] : ✅ 工单 1949331271821819905 有 5 条有效评论，构建完成对话数据
2025-12-12 10:30:00 [INFO] : 工单 1949331271821819905 AI状态更新为: PENDING
2025-12-12 10:30:00 [INFO] : 📋 处理工单 1949331171762503681 (32/50) - 评论表: t_work_comment_2025
2025-12-12 10:30:00 [INFO] : 从表 t_work_comment_2025 获取工单 1949331171762503681 的 3 条完整对话记录（包含客户和客服）
2025-12-12 10:30:00 [INFO] : 💭 工单 1949331171762503681 获取到 3 条原始评论
2025-12-12 10:30:00 [INFO] : 🔍 工单 1949331171762503681 开始去噪处理 3 条有效评论...
2025-12-12 10:30:00 [INFO] : 🔍 开始过滤评论，原始数量: 3
2025-12-12 10:30:00 [INFO] : ✅ 评论过滤完成:
2025-12-12 10:30:00 [INFO] :   📥 原始数量: 3
2025-12-12 10:30:00 [INFO] :   📤 过滤后数量: 3
2025-12-12 10:30:00 [INFO] :   🗑️ 移除数量: 0
2025-12-12 10:30:00 [INFO] :   📊 过滤率: 0.0%
2025-12-12 10:30:00 [INFO] : ✅ 创建批次记录: batch_20251212_103000_4fcec543, 工单数: 1
2025-12-12 10:30:00 [INFO] : ✅ 更新批次统计: batch_20251212_103000_4fcec543, 状态: COMPLETED
2025-12-12 10:30:00 [INFO] : ✅ 保存工单 1949331171762503681 去噪记录成功，批次: batch_20251212_103000_4fcec543
2025-12-12 10:30:00 [INFO] : ✅ 工单 1949331171762503681 去噪完成: 3 -> 3 条评论
2025-12-12 10:30:00 [INFO] : 🧾 工单 1949331171762503681 首响开关: work_type=URGE_PAYMENT, work_table_name=t_work_2025, is_after_sale=False, raw_comments=3, valid_comments=3
2025-12-12 10:30:00 [INFO] : ✅ 工单 1949331171762503681 有 3 条有效评论，构建完成对话数据
2025-12-12 10:30:00 [INFO] : 工单 1949331171762503681 AI状态更新为: PENDING
2025-12-12 10:30:00 [INFO] : 📋 处理工单 1949331164552495105 (33/50) - 评论表: t_work_comment_2025
2025-12-12 10:30:00 [INFO] : 从表 t_work_comment_2025 获取工单 1949331164552495105 的 4 条完整对话记录（包含客户和客服）
2025-12-12 10:30:00 [INFO] : 💭 工单 1949331164552495105 获取到 4 条原始评论
2025-12-12 10:30:00 [INFO] : 🔍 工单 1949331164552495105 开始去噪处理 3 条有效评论...
2025-12-12 10:30:00 [INFO] : 🔍 开始过滤评论，原始数量: 3
2025-12-12 10:30:00 [INFO] : ✅ 评论过滤完成:
2025-12-12 10:30:00 [INFO] :   📥 原始数量: 3
2025-12-12 10:30:00 [INFO] :   📤 过滤后数量: 3
2025-12-12 10:30:00 [INFO] :   🗑️ 移除数量: 0
2025-12-12 10:30:00 [INFO] :   📊 过滤率: 0.0%
2025-12-12 10:30:00 [INFO] : ✅ 创建批次记录: batch_20251212_103000_9f5aa4fe, 工单数: 1
2025-12-12 10:30:00 [INFO] : ✅ 更新批次统计: batch_20251212_103000_9f5aa4fe, 状态: COMPLETED
2025-12-12 10:30:00 [INFO] : ✅ 保存工单 1949331164552495105 去噪记录成功，批次: batch_20251212_103000_9f5aa4fe
2025-12-12 10:30:00 [INFO] : ✅ 工单 1949331164552495105 去噪完成: 3 -> 3 条评论
2025-12-12 10:30:00 [INFO] : 🧾 工单 1949331164552495105 首响开关: work_type=EXCHANGE, work_table_name=t_work_2025, is_after_sale=False, raw_comments=4, valid_comments=3
2025-12-12 10:30:00 [INFO] : ✅ 工单 1949331164552495105 有 3 条有效评论，构建完成对话数据
2025-12-12 10:30:00 [INFO] : 工单 1949331164552495105 AI状态更新为: PENDING
2025-12-12 10:30:00 [INFO] : 📋 处理工单 1949331126350774273 (34/50) - 评论表: t_work_comment_2025
2025-12-12 10:30:00 [INFO] : 从表 t_work_comment_2025 获取工单 1949331126350774273 的 1 条完整对话记录（包含客户和客服）
2025-12-12 10:30:00 [INFO] : 💭 工单 1949331126350774273 获取到 1 条原始评论
2025-12-12 10:30:00 [INFO] : 🔍 工单 1949331126350774273 开始去噪处理 1 条有效评论...
2025-12-12 10:30:00 [INFO] : 🔍 开始过滤评论，原始数量: 1
2025-12-12 10:30:00 [INFO] : ✅ 评论过滤完成:
2025-12-12 10:30:00 [INFO] :   📥 原始数量: 1
2025-12-12 10:30:00 [INFO] :   📤 过滤后数量: 1
2025-12-12 10:30:00 [INFO] :   🗑️ 移除数量: 0
2025-12-12 10:30:00 [INFO] :   📊 过滤率: 0.0%
2025-12-12 10:30:00 [INFO] : ✅ 创建批次记录: batch_20251212_103000_d68e9a0e, 工单数: 1
2025-12-12 10:30:00 [INFO] : ✅ 更新批次统计: batch_20251212_103000_d68e9a0e, 状态: COMPLETED
2025-12-12 10:30:00 [INFO] : ✅ 保存工单 1949331126350774273 去噪记录成功，批次: batch_20251212_103000_d68e9a0e
2025-12-12 10:30:00 [INFO] : ✅ 工单 1949331126350774273 去噪完成: 1 -> 1 条评论
2025-12-12 10:30:00 [INFO] : 🧾 工单 1949331126350774273 首响开关: work_type=VERIFY_SHOP, work_table_name=t_work_2025, is_after_sale=False, raw_comments=1, valid_comments=1
2025-12-12 10:30:00 [INFO] : ✅ 工单 1949331126350774273 有 1 条有效评论，构建完成对话数据
2025-12-12 10:30:00 [INFO] : 工单 1949331126350774273 AI状态更新为: PENDING
2025-12-12 10:30:00 [INFO] : 📋 处理工单 1949331101784735744 (35/50) - 评论表: t_work_comment_2025
2025-12-12 10:30:00 [INFO] : 从表 t_work_comment_2025 获取工单 1949331101784735744 的 4 条完整对话记录（包含客户和客服）
2025-12-12 10:30:00 [INFO] : 💭 工单 1949331101784735744 获取到 4 条原始评论
2025-12-12 10:30:00 [INFO] : 🔍 工单 1949331101784735744 开始去噪处理 4 条有效评论...
2025-12-12 10:30:00 [INFO] : 🔍 开始过滤评论，原始数量: 4
2025-12-12 10:30:00 [INFO] : ✅ 评论过滤完成:
2025-12-12 10:30:00 [INFO] :   📥 原始数量: 4
2025-12-12 10:30:00 [INFO] :   📤 过滤后数量: 4
2025-12-12 10:30:00 [INFO] :   🗑️ 移除数量: 0
2025-12-12 10:30:00 [INFO] :   📊 过滤率: 0.0%
2025-12-12 10:30:00 [INFO] : ✅ 创建批次记录: batch_20251212_103000_5334844f, 工单数: 1
2025-12-12 10:30:00 [INFO] : ✅ 更新批次统计: batch_20251212_103000_5334844f, 状态: COMPLETED
2025-12-12 10:30:00 [INFO] : ✅ 保存工单 1949331101784735744 去噪记录成功，批次: batch_20251212_103000_5334844f
2025-12-12 10:30:00 [INFO] : ✅ 工单 1949331101784735744 去噪完成: 4 -> 4 条评论
2025-12-12 10:30:00 [INFO] : 🧾 工单 1949331101784735744 首响开关: work_type=URGE_INSTALL, work_table_name=t_work_2025, is_after_sale=False, raw_comments=4, valid_comments=4
2025-12-12 10:30:00 [INFO] : ✅ 工单 1949331101784735744 有 4 条有效评论，构建完成对话数据
2025-12-12 10:30:00 [INFO] : 工单 1949331101784735744 AI状态更新为: PENDING
2025-12-12 10:30:00 [INFO] : 📋 处理工单 1949331064782585857 (36/50) - 评论表: t_work_comment_2025
2025-12-12 10:30:00 [INFO] : 从表 t_work_comment_2025 获取工单 1949331064782585857 的 4 条完整对话记录（包含客户和客服）
2025-12-12 10:30:00 [INFO] : 💭 工单 1949331064782585857 获取到 4 条原始评论
2025-12-12 10:30:00 [INFO] : 🔍 工单 1949331064782585857 开始去噪处理 3 条有效评论...
2025-12-12 10:30:00 [INFO] : 🔍 开始过滤评论，原始数量: 3
2025-12-12 10:30:00 [INFO] : ✅ 评论过滤完成:
2025-12-12 10:30:00 [INFO] :   📥 原始数量: 3
2025-12-12 10:30:00 [INFO] :   📤 过滤后数量: 3
2025-12-12 10:30:00 [INFO] :   🗑️ 移除数量: 0
2025-12-12 10:30:00 [INFO] :   📊 过滤率: 0.0%
2025-12-12 10:30:00 [INFO] : ✅ 创建批次记录: batch_20251212_103000_e6ed8078, 工单数: 1
2025-12-12 10:30:00 [INFO] : ✅ 更新批次统计: batch_20251212_103000_e6ed8078, 状态: COMPLETED
2025-12-12 10:30:00 [INFO] : ✅ 保存工单 1949331064782585857 去噪记录成功，批次: batch_20251212_103000_e6ed8078
2025-12-12 10:30:00 [INFO] : ✅ 工单 1949331064782585857 去噪完成: 3 -> 3 条评论
2025-12-12 10:30:00 [INFO] : 🧾 工单 1949331064782585857 首响开关: work_type=URGE_INSTALL, work_table_name=t_work_2025, is_after_sale=False, raw_comments=4, valid_comments=3
2025-12-12 10:30:00 [INFO] : ✅ 工单 1949331064782585857 有 3 条有效评论，构建完成对话数据
2025-12-12 10:30:00 [INFO] : 工单 1949331064782585857 AI状态更新为: PENDING
2025-12-12 10:30:00 [INFO] : 📋 处理工单 1949331049779560449 (37/50) - 评论表: t_work_comment_2025
2025-12-12 10:30:00 [INFO] : 从表 t_work_comment_2025 获取工单 1949331049779560449 的 4 条完整对话记录（包含客户和客服）
2025-12-12 10:30:00 [INFO] : 💭 工单 1949331049779560449 获取到 4 条原始评论
2025-12-12 10:30:00 [INFO] : 🔍 工单 1949331049779560449 开始去噪处理 3 条有效评论...
2025-12-12 10:30:00 [INFO] : 🔍 开始过滤评论，原始数量: 3
2025-12-12 10:30:00 [INFO] : ✅ 评论过滤完成:
2025-12-12 10:30:00 [INFO] :   📥 原始数量: 3
2025-12-12 10:30:00 [INFO] :   📤 过滤后数量: 3
2025-12-12 10:30:00 [INFO] :   🗑️ 移除数量: 0
2025-12-12 10:30:00 [INFO] :   📊 过滤率: 0.0%
2025-12-12 10:30:00 [INFO] : ✅ 创建批次记录: batch_20251212_103000_6a4aea18, 工单数: 1
2025-12-12 10:30:00 [INFO] : ✅ 更新批次统计: batch_20251212_103000_6a4aea18, 状态: COMPLETED
2025-12-12 10:30:00 [INFO] : ✅ 保存工单 1949331049779560449 去噪记录成功，批次: batch_20251212_103000_6a4aea18
2025-12-12 10:30:00 [INFO] : ✅ 工单 1949331049779560449 去噪完成: 3 -> 3 条评论
2025-12-12 10:30:00 [INFO] : 🧾 工单 1949331049779560449 首响开关: work_type=URGE_INSTALL, work_table_name=t_work_2025, is_after_sale=False, raw_comments=4, valid_comments=3
2025-12-12 10:30:00 [INFO] : ✅ 工单 1949331049779560449 有 3 条有效评论，构建完成对话数据
2025-12-12 10:30:00 [INFO] : 工单 1949331049779560449 AI状态更新为: PENDING
2025-12-12 10:30:00 [INFO] : 📋 处理工单 1949331030540288000 (38/50) - 评论表: t_work_comment_2025
2025-12-12 10:30:00 [INFO] : 从表 t_work_comment_2025 获取工单 1949331030540288000 的 3 条完整对话记录（包含客户和客服）
2025-12-12 10:30:00 [INFO] : 💭 工单 1949331030540288000 获取到 3 条原始评论
2025-12-12 10:30:00 [INFO] : 🔍 工单 1949331030540288000 开始去噪处理 3 条有效评论...
2025-12-12 10:30:00 [INFO] : 🔍 开始过滤评论，原始数量: 3
2025-12-12 10:30:00 [INFO] : ✅ 评论过滤完成:
2025-12-12 10:30:00 [INFO] :   📥 原始数量: 3
2025-12-12 10:30:00 [INFO] :   📤 过滤后数量: 3
2025-12-12 10:30:00 [INFO] :   🗑️ 移除数量: 0
2025-12-12 10:30:00 [INFO] :   📊 过滤率: 0.0%
2025-12-12 10:30:00 [INFO] : ✅ 创建批次记录: batch_20251212_103000_e13f4d3e, 工单数: 1
2025-12-12 10:30:00 [INFO] : ✅ 更新批次统计: batch_20251212_103000_e13f4d3e, 状态: COMPLETED
2025-12-12 10:30:00 [INFO] : ✅ 保存工单 1949331030540288000 去噪记录成功，批次: batch_20251212_103000_e13f4d3e
2025-12-12 10:30:00 [INFO] : ✅ 工单 1949331030540288000 去噪完成: 3 -> 3 条评论
2025-12-12 10:30:00 [INFO] : ⏳ 工单 1949331030540288000 首响计算开始，评论总数=3
2025-12-12 10:30:00 [INFO] : 👀 工单 1949331030540288000 评论巡检: id=1949331030766780416, user_type=SELLER, oper_raw=True, is_service=False, is_customer=True, create_time=2025-07-27 12:48:29
2025-12-12 10:30:00 [INFO] : 🎯 工单 1949331030540288000 首条客户消息锁定: 2025-07-27 12:48:29
2025-12-12 10:30:00 [INFO] : 👀 工单 1949331030540288000 评论巡检: id=1949331069136273408, user_type=EMPLOYEE, oper_raw=True, is_service=True, is_customer=False, create_time=2025-07-27 12:48:38
2025-12-12 10:30:00 [INFO] : 🎯 工单 1949331030540288000 首条客服回复锁定: 2025-07-27 12:48:38
2025-12-12 10:30:00 [INFO] : ⏱️ 工单 1949331030540288000 首响计算: first_customer_message_time=2025-07-27 12:48:29, first_service_reply_time=2025-07-27 12:48:38, response_seconds=9, threshold_seconds=120, is_timeout=False
2025-12-12 10:30:00 [INFO] : 🧾 工单 1949331030540288000 首响开关: work_type=AFTER_SALE, work_table_name=t_work_2025, is_after_sale=True, raw_comments=3, valid_comments=3
2025-12-12 10:30:00 [INFO] : ✅ 工单 1949331030540288000 有 3 条有效评论，构建完成对话数据
2025-12-12 10:30:00 [INFO] : 工单 1949331030540288000 AI状态更新为: PENDING
2025-12-12 10:30:00 [INFO] : 📋 处理工单 1949331000966250497 (39/50) - 评论表: t_work_comment_2025
2025-12-12 10:30:00 [INFO] : 从表 t_work_comment_2025 获取工单 1949331000966250497 的 3 条完整对话记录（包含客户和客服）
2025-12-12 10:30:00 [INFO] : 💭 工单 1949331000966250497 获取到 3 条原始评论
2025-12-12 10:30:00 [INFO] : 🔍 工单 1949331000966250497 开始去噪处理 2 条有效评论...
2025-12-12 10:30:00 [INFO] : 🔍 开始过滤评论，原始数量: 2
2025-12-12 10:30:00 [INFO] : ✅ 评论过滤完成:
2025-12-12 10:30:00 [INFO] :   📥 原始数量: 2
2025-12-12 10:30:00 [INFO] :   📤 过滤后数量: 2
2025-12-12 10:30:00 [INFO] :   🗑️ 移除数量: 0
2025-12-12 10:30:00 [INFO] :   📊 过滤率: 0.0%
2025-12-12 10:30:00 [INFO] : ✅ 创建批次记录: batch_20251212_103000_02e47d24, 工单数: 1
2025-12-12 10:30:00 [INFO] : ✅ 更新批次统计: batch_20251212_103000_02e47d24, 状态: COMPLETED
2025-12-12 10:30:00 [INFO] : ✅ 保存工单 1949331000966250497 去噪记录成功，批次: batch_20251212_103000_02e47d24
2025-12-12 10:30:00 [INFO] : ✅ 工单 1949331000966250497 去噪完成: 2 -> 2 条评论
2025-12-12 10:30:00 [INFO] : 🧾 工单 1949331000966250497 首响开关: work_type=URGE_INSTALL, work_table_name=t_work_2025, is_after_sale=False, raw_comments=3, valid_comments=2
2025-12-12 10:30:00 [INFO] : ✅ 工单 1949331000966250497 有 2 条有效评论，构建完成对话数据
2025-12-12 10:30:00 [INFO] : 工单 1949331000966250497 AI状态更新为: PENDING
2025-12-12 10:30:00 [INFO] : 📋 处理工单 1949330990539210753 (40/50) - 评论表: t_work_comment_2025
2025-12-12 10:30:00 [INFO] : 从表 t_work_comment_2025 获取工单 1949330990539210753 的 3 条完整对话记录（包含客户和客服）
2025-12-12 10:30:00 [INFO] : 💭 工单 1949330990539210753 获取到 3 条原始评论
2025-12-12 10:30:00 [INFO] : 🔍 工单 1949330990539210753 开始去噪处理 2 条有效评论...
2025-12-12 10:30:00 [INFO] : 🔍 开始过滤评论，原始数量: 2
2025-12-12 10:30:00 [INFO] : ✅ 评论过滤完成:
2025-12-12 10:30:00 [INFO] :   📥 原始数量: 2
2025-12-12 10:30:00 [INFO] :   📤 过滤后数量: 2
2025-12-12 10:30:00 [INFO] :   🗑️ 移除数量: 0
2025-12-12 10:30:00 [INFO] :   📊 过滤率: 0.0%
2025-12-12 10:30:00 [INFO] : ✅ 创建批次记录: batch_20251212_103000_c6aa0e19, 工单数: 1
2025-12-12 10:30:00 [INFO] : ✅ 更新批次统计: batch_20251212_103000_c6aa0e19, 状态: COMPLETED
2025-12-12 10:30:00 [INFO] : ✅ 保存工单 1949330990539210753 去噪记录成功，批次: batch_20251212_103000_c6aa0e19
2025-12-12 10:30:00 [INFO] : ✅ 工单 1949330990539210753 去噪完成: 2 -> 2 条评论
2025-12-12 10:30:00 [INFO] : 🧾 工单 1949330990539210753 首响开关: work_type=URGE_INSTALL, work_table_name=t_work_2025, is_after_sale=False, raw_comments=3, valid_comments=2
2025-12-12 10:30:00 [INFO] : ✅ 工单 1949330990539210753 有 2 条有效评论，构建完成对话数据
2025-12-12 10:30:00 [INFO] : 工单 1949330990539210753 AI状态更新为: PENDING
2025-12-12 10:30:00 [INFO] : 📋 处理工单 1949330927574319105 (41/50) - 评论表: t_work_comment_2025
2025-12-12 10:30:00 [INFO] : 从表 t_work_comment_2025 获取工单 1949330927574319105 的 10 条完整对话记录（包含客户和客服）
2025-12-12 10:30:00 [INFO] : 💭 工单 1949330927574319105 获取到 10 条原始评论
2025-12-12 10:30:00 [INFO] : 🔍 工单 1949330927574319105 开始去噪处理 9 条有效评论...
2025-12-12 10:30:00 [INFO] : 🔍 开始过滤评论，原始数量: 9
2025-12-12 10:30:00 [INFO] : ✅ 评论过滤完成:
2025-12-12 10:30:00 [INFO] :   📥 原始数量: 9
2025-12-12 10:30:00 [INFO] :   📤 过滤后数量: 8
2025-12-12 10:30:00 [INFO] :   🗑️ 移除数量: 1
2025-12-12 10:30:00 [INFO] :   📊 过滤率: 11.1%
2025-12-12 10:30:00 [INFO] : 🔍 过滤原因统计:
2025-12-12 10:30:00 [INFO] :   - 无效数据: 内容过短且非中文: 1 条
2025-12-12 10:30:00 [INFO] : ✅ 创建批次记录: batch_20251212_103000_787f3124, 工单数: 1
2025-12-12 10:30:00 [INFO] : ✅ 更新批次统计: batch_20251212_103000_787f3124, 状态: COMPLETED
2025-12-12 10:30:00 [INFO] : ✅ 保存工单 1949330927574319105 去噪记录成功，批次: batch_20251212_103000_787f3124
2025-12-12 10:30:00 [INFO] : ✅ 工单 1949330927574319105 去噪完成: 9 -> 8 条评论
2025-12-12 10:30:00 [INFO] : 🗑️ 工单 1949330927574319105 去噪移除了 1 条评论
2025-12-12 10:30:00 [INFO] : 🧾 工单 1949330927574319105 首响开关: work_type=EXCHANGE, work_table_name=t_work_2025, is_after_sale=False, raw_comments=10, valid_comments=8
2025-12-12 10:30:00 [INFO] : ✅ 工单 1949330927574319105 有 8 条有效评论，构建完成对话数据
2025-12-12 10:30:00 [INFO] : 工单 1949330927574319105 AI状态更新为: PENDING
2025-12-12 10:30:00 [INFO] : 📋 处理工单 1949330881340506112 (42/50) - 评论表: t_work_comment_2025
2025-12-12 10:30:00 [INFO] : 从表 t_work_comment_2025 获取工单 1949330881340506112 的 6 条完整对话记录（包含客户和客服）
2025-12-12 10:30:00 [INFO] : 💭 工单 1949330881340506112 获取到 6 条原始评论
2025-12-12 10:30:00 [INFO] : 🔍 工单 1949330881340506112 开始去噪处理 6 条有效评论...
2025-12-12 10:30:00 [INFO] : 🔍 开始过滤评论，原始数量: 6
2025-12-12 10:30:00 [INFO] : ✅ 评论过滤完成:
2025-12-12 10:30:00 [INFO] :   📥 原始数量: 6
2025-12-12 10:30:00 [INFO] :   📤 过滤后数量: 6
2025-12-12 10:30:00 [INFO] :   🗑️ 移除数量: 0
2025-12-12 10:30:00 [INFO] :   📊 过滤率: 0.0%
2025-12-12 10:30:00 [INFO] : ✅ 创建批次记录: batch_20251212_103000_dc8af4f7, 工单数: 1
2025-12-12 10:30:00 [INFO] : ✅ 更新批次统计: batch_20251212_103000_dc8af4f7, 状态: COMPLETED
2025-12-12 10:30:00 [INFO] : ✅ 保存工单 1949330881340506112 去噪记录成功，批次: batch_20251212_103000_dc8af4f7
2025-12-12 10:30:00 [INFO] : ✅ 工单 1949330881340506112 去噪完成: 6 -> 6 条评论
2025-12-12 10:30:00 [INFO] : 🧾 工单 1949330881340506112 首响开关: work_type=URGE_INSTALL, work_table_name=t_work_2025, is_after_sale=False, raw_comments=6, valid_comments=6
2025-12-12 10:30:00 [INFO] : ✅ 工单 1949330881340506112 有 6 条有效评论，构建完成对话数据
2025-12-12 10:30:00 [INFO] : 工单 1949330881340506112 AI状态更新为: PENDING
2025-12-12 10:30:00 [INFO] : 📋 处理工单 1949330858166976513 (43/50) - 评论表: t_work_comment_2025
2025-12-12 10:30:00 [INFO] : 从表 t_work_comment_2025 获取工单 1949330858166976513 的 4 条完整对话记录（包含客户和客服）
2025-12-12 10:30:00 [INFO] : 💭 工单 1949330858166976513 获取到 4 条原始评论
2025-12-12 10:30:00 [INFO] : 🔍 工单 1949330858166976513 开始去噪处理 3 条有效评论...
2025-12-12 10:30:00 [INFO] : 🔍 开始过滤评论，原始数量: 3
2025-12-12 10:30:00 [INFO] : ✅ 评论过滤完成:
2025-12-12 10:30:00 [INFO] :   📥 原始数量: 3
2025-12-12 10:30:00 [INFO] :   📤 过滤后数量: 3
2025-12-12 10:30:00 [INFO] :   🗑️ 移除数量: 0
2025-12-12 10:30:00 [INFO] :   📊 过滤率: 0.0%
2025-12-12 10:30:00 [INFO] : ✅ 创建批次记录: batch_20251212_103000_052a59ed, 工单数: 1
2025-12-12 10:30:00 [INFO] : ✅ 更新批次统计: batch_20251212_103000_052a59ed, 状态: COMPLETED
2025-12-12 10:30:00 [INFO] : ✅ 保存工单 1949330858166976513 去噪记录成功，批次: batch_20251212_103000_052a59ed
2025-12-12 10:30:00 [INFO] : ✅ 工单 1949330858166976513 去噪完成: 3 -> 3 条评论
2025-12-12 10:30:00 [INFO] : ⏳ 工单 1949330858166976513 首响计算开始，评论总数=4
2025-12-12 10:30:00 [INFO] : 👀 工单 1949330858166976513 评论巡检: id=1949330858397663232, user_type=EMPLOYEE, oper_raw=True, is_service=True, is_customer=False, create_time=2025-07-27 12:47:48
2025-12-12 10:30:00 [INFO] : 👀 工单 1949330858166976513 评论巡检: id=1949330878232526848, user_type=EMPLOYEE, oper_raw=True, is_service=True, is_customer=False, create_time=2025-07-27 12:47:52
2025-12-12 10:30:00 [INFO] : 👀 工单 1949330858166976513 评论巡检: id=1949332276038860800, user_type=EMPLOYEE, oper_raw=True, is_service=True, is_customer=False, create_time=2025-07-27 12:53:26
2025-12-12 10:30:00 [INFO] : 👀 工单 1949330858166976513 评论巡检: id=1949355625464987648, user_type=EMPLOYEE, oper_raw=True, is_service=True, is_customer=False, create_time=2025-07-27 14:26:13
2025-12-12 10:30:00 [INFO] : ⏱️ 工单 1949330858166976513 首响计算: first_customer_message_time=None, first_service_reply_time=None, response_seconds=None, threshold_seconds=120, is_timeout=False
2025-12-12 10:30:00 [INFO] : 🧾 工单 1949330858166976513 首响开关: work_type=AFTER_SALE, work_table_name=t_work_2025, is_after_sale=True, raw_comments=4, valid_comments=3
2025-12-12 10:30:00 [INFO] : ✅ 工单 1949330858166976513 有 3 条有效评论，构建完成对话数据
2025-12-12 10:30:00 [INFO] : 工单 1949330858166976513 AI状态更新为: PENDING
2025-12-12 10:30:00 [INFO] : 📋 处理工单 1949330834372689920 (44/50) - 评论表: t_work_comment_2025
2025-12-12 10:30:00 [INFO] : 从表 t_work_comment_2025 获取工单 1949330834372689920 的 2 条完整对话记录（包含客户和客服）
2025-12-12 10:30:00 [INFO] : 💭 工单 1949330834372689920 获取到 2 条原始评论
2025-12-12 10:30:00 [INFO] : 🔍 工单 1949330834372689920 开始去噪处理 2 条有效评论...
2025-12-12 10:30:00 [INFO] : 🔍 开始过滤评论，原始数量: 2
2025-12-12 10:30:00 [INFO] : ✅ 评论过滤完成:
2025-12-12 10:30:00 [INFO] :   📥 原始数量: 2
2025-12-12 10:30:00 [INFO] :   📤 过滤后数量: 2
2025-12-12 10:30:00 [INFO] :   🗑️ 移除数量: 0
2025-12-12 10:30:00 [INFO] :   📊 过滤率: 0.0%
2025-12-12 10:30:00 [INFO] : ✅ 创建批次记录: batch_20251212_103000_5edd0c0d, 工单数: 1
2025-12-12 10:30:00 [INFO] : ✅ 更新批次统计: batch_20251212_103000_5edd0c0d, 状态: COMPLETED
2025-12-12 10:30:00 [INFO] : ✅ 保存工单 1949330834372689920 去噪记录成功，批次: batch_20251212_103000_5edd0c0d
2025-12-12 10:30:00 [INFO] : ✅ 工单 1949330834372689920 去噪完成: 2 -> 2 条评论
2025-12-12 10:30:00 [INFO] : 🧾 工单 1949330834372689920 首响开关: work_type=REFUSE, work_table_name=t_work_2025, is_after_sale=False, raw_comments=2, valid_comments=2
2025-12-12 10:30:00 [INFO] : ✅ 工单 1949330834372689920 有 2 条有效评论，构建完成对话数据
2025-12-12 10:30:00 [INFO] : 工单 1949330834372689920 AI状态更新为: PENDING
2025-12-12 10:30:00 [INFO] : 📋 处理工单 1949330817574502401 (45/50) - 评论表: t_work_comment_2025
2025-12-12 10:30:00 [INFO] : 从表 t_work_comment_2025 获取工单 1949330817574502401 的 13 条完整对话记录（包含客户和客服）
2025-12-12 10:30:00 [INFO] : 💭 工单 1949330817574502401 获取到 13 条原始评论
2025-12-12 10:30:00 [INFO] : 🔍 工单 1949330817574502401 开始去噪处理 13 条有效评论...
2025-12-12 10:30:00 [INFO] : 🔍 开始过滤评论，原始数量: 13
2025-12-12 10:30:00 [INFO] : ✅ 评论过滤完成:
2025-12-12 10:30:00 [INFO] :   📥 原始数量: 13
2025-12-12 10:30:00 [INFO] :   📤 过滤后数量: 13
2025-12-12 10:30:00 [INFO] :   🗑️ 移除数量: 0
2025-12-12 10:30:00 [INFO] :   📊 过滤率: 0.0%
2025-12-12 10:30:00 [INFO] : ✅ 创建批次记录: batch_20251212_103000_3b5e16a4, 工单数: 1
2025-12-12 10:30:00 [INFO] : ✅ 更新批次统计: batch_20251212_103000_3b5e16a4, 状态: COMPLETED
2025-12-12 10:30:00 [INFO] : ✅ 保存工单 1949330817574502401 去噪记录成功，批次: batch_20251212_103000_3b5e16a4
2025-12-12 10:30:00 [INFO] : ✅ 工单 1949330817574502401 去噪完成: 13 -> 13 条评论
2025-12-12 10:30:00 [INFO] : 🧾 工单 1949330817574502401 首响开关: work_type=EXCHANGE, work_table_name=t_work_2025, is_after_sale=False, raw_comments=13, valid_comments=13
2025-12-12 10:30:00 [INFO] : ✅ 工单 1949330817574502401 有 13 条有效评论，构建完成对话数据
2025-12-12 10:30:00 [INFO] : 工单 1949330817574502401 AI状态更新为: PENDING
2025-12-12 10:30:00 [INFO] : 📋 处理工单 1949330685768499201 (46/50) - 评论表: t_work_comment_2025
2025-12-12 10:30:00 [INFO] : 从表 t_work_comment_2025 获取工单 1949330685768499201 的 7 条完整对话记录（包含客户和客服）
2025-12-12 10:30:00 [INFO] : 💭 工单 1949330685768499201 获取到 7 条原始评论
2025-12-12 10:30:00 [INFO] : 🔍 工单 1949330685768499201 开始去噪处理 7 条有效评论...
2025-12-12 10:30:00 [INFO] : 🔍 开始过滤评论，原始数量: 7
2025-12-12 10:30:00 [INFO] : ✅ 评论过滤完成:
2025-12-12 10:30:00 [INFO] :   📥 原始数量: 7
2025-12-12 10:30:00 [INFO] :   📤 过滤后数量: 7
2025-12-12 10:30:00 [INFO] :   🗑️ 移除数量: 0
2025-12-12 10:30:00 [INFO] :   📊 过滤率: 0.0%
2025-12-12 10:30:00 [INFO] : ✅ 创建批次记录: batch_20251212_103000_87d01d54, 工单数: 1
2025-12-12 10:30:00 [INFO] : ✅ 更新批次统计: batch_20251212_103000_87d01d54, 状态: COMPLETED
2025-12-12 10:30:00 [INFO] : ✅ 保存工单 1949330685768499201 去噪记录成功，批次: batch_20251212_103000_87d01d54
2025-12-12 10:30:00 [INFO] : ✅ 工单 1949330685768499201 去噪完成: 7 -> 7 条评论
2025-12-12 10:30:00 [INFO] : 🧾 工单 1949330685768499201 首响开关: work_type=URGE_INSTALL, work_table_name=t_work_2025, is_after_sale=False, raw_comments=7, valid_comments=7
2025-12-12 10:30:00 [INFO] : ✅ 工单 1949330685768499201 有 7 条有效评论，构建完成对话数据
2025-12-12 10:30:00 [INFO] : 工单 1949330685768499201 AI状态更新为: PENDING
2025-12-12 10:30:00 [INFO] : 📋 处理工单 1949330634518298625 (47/50) - 评论表: t_work_comment_2025
2025-12-12 10:30:00 [INFO] : 从表 t_work_comment_2025 获取工单 1949330634518298625 的 4 条完整对话记录（包含客户和客服）
2025-12-12 10:30:00 [INFO] : 💭 工单 1949330634518298625 获取到 4 条原始评论
2025-12-12 10:30:00 [INFO] : 🔍 工单 1949330634518298625 开始去噪处理 4 条有效评论...
2025-12-12 10:30:00 [INFO] : 🔍 开始过滤评论，原始数量: 4
2025-12-12 10:30:00 [INFO] : ✅ 评论过滤完成:
2025-12-12 10:30:00 [INFO] :   📥 原始数量: 4
2025-12-12 10:30:00 [INFO] :   📤 过滤后数量: 4
2025-12-12 10:30:00 [INFO] :   🗑️ 移除数量: 0
2025-12-12 10:30:00 [INFO] :   📊 过滤率: 0.0%
2025-12-12 10:30:00 [INFO] : ✅ 创建批次记录: batch_20251212_103000_65edd84c, 工单数: 1
2025-12-12 10:30:00 [INFO] : ✅ 更新批次统计: batch_20251212_103000_65edd84c, 状态: COMPLETED
2025-12-12 10:30:00 [INFO] : ✅ 保存工单 1949330634518298625 去噪记录成功，批次: batch_20251212_103000_65edd84c
2025-12-12 10:30:00 [INFO] : ✅ 工单 1949330634518298625 去噪完成: 4 -> 4 条评论
2025-12-12 10:30:00 [INFO] : 🧾 工单 1949330634518298625 首响开关: work_type=URGE_INSTALL, work_table_name=t_work_2025, is_after_sale=False, raw_comments=4, valid_comments=4
2025-12-12 10:30:00 [INFO] : ✅ 工单 1949330634518298625 有 4 条有效评论，构建完成对话数据
2025-12-12 10:30:00 [INFO] : 工单 1949330634518298625 AI状态更新为: PENDING
2025-12-12 10:30:00 [INFO] : 📋 处理工单 1949330629304778753 (48/50) - 评论表: t_work_comment_2025
2025-12-12 10:30:00 [INFO] : 从表 t_work_comment_2025 获取工单 1949330629304778753 的 3 条完整对话记录（包含客户和客服）
2025-12-12 10:30:00 [INFO] : 💭 工单 1949330629304778753 获取到 3 条原始评论
2025-12-12 10:30:00 [INFO] : 🔍 工单 1949330629304778753 开始去噪处理 3 条有效评论...
2025-12-12 10:30:00 [INFO] : 🔍 开始过滤评论，原始数量: 3
2025-12-12 10:30:00 [INFO] : ✅ 评论过滤完成:
2025-12-12 10:30:00 [INFO] :   📥 原始数量: 3
2025-12-12 10:30:00 [INFO] :   📤 过滤后数量: 3
2025-12-12 10:30:00 [INFO] :   🗑️ 移除数量: 0
2025-12-12 10:30:00 [INFO] :   📊 过滤率: 0.0%
2025-12-12 10:30:00 [INFO] : ✅ 创建批次记录: batch_20251212_103000_028f9e35, 工单数: 1
2025-12-12 10:30:00 [INFO] : ✅ 更新批次统计: batch_20251212_103000_028f9e35, 状态: COMPLETED
2025-12-12 10:30:00 [INFO] : ✅ 保存工单 1949330629304778753 去噪记录成功，批次: batch_20251212_103000_028f9e35
2025-12-12 10:30:00 [INFO] : ✅ 工单 1949330629304778753 去噪完成: 3 -> 3 条评论
2025-12-12 10:30:00 [INFO] : 🧾 工单 1949330629304778753 首响开关: work_type=REPAIR_CHU_JIU, work_table_name=t_work_2025, is_after_sale=False, raw_comments=3, valid_comments=3
2025-12-12 10:30:00 [INFO] : ✅ 工单 1949330629304778753 有 3 条有效评论，构建完成对话数据
2025-12-12 10:30:00 [INFO] : 工单 1949330629304778753 AI状态更新为: PENDING
2025-12-12 10:30:00 [INFO] : 📋 处理工单 1949330520437424129 (49/50) - 评论表: t_work_comment_2025
2025-12-12 10:30:00 [INFO] : 从表 t_work_comment_2025 获取工单 1949330520437424129 的 4 条完整对话记录（包含客户和客服）
2025-12-12 10:30:00 [INFO] : 💭 工单 1949330520437424129 获取到 4 条原始评论
2025-12-12 10:30:00 [INFO] : 🔍 工单 1949330520437424129 开始去噪处理 4 条有效评论...
2025-12-12 10:30:00 [INFO] : 🔍 开始过滤评论，原始数量: 4
2025-12-12 10:30:00 [INFO] : ✅ 评论过滤完成:
2025-12-12 10:30:00 [INFO] :   📥 原始数量: 4
2025-12-12 10:30:00 [INFO] :   📤 过滤后数量: 4
2025-12-12 10:30:00 [INFO] :   🗑️ 移除数量: 0
2025-12-12 10:30:00 [INFO] :   📊 过滤率: 0.0%
2025-12-12 10:30:00 [INFO] : ✅ 创建批次记录: batch_20251212_103000_4d260c5d, 工单数: 1
2025-12-12 10:30:00 [INFO] : ✅ 更新批次统计: batch_20251212_103000_4d260c5d, 状态: COMPLETED
2025-12-12 10:30:00 [INFO] : ✅ 保存工单 1949330520437424129 去噪记录成功，批次: batch_20251212_103000_4d260c5d
2025-12-12 10:30:00 [INFO] : ✅ 工单 1949330520437424129 去噪完成: 4 -> 4 条评论
2025-12-12 10:30:00 [INFO] : 🧾 工单 1949330520437424129 首响开关: work_type=URGE_INSTALL, work_table_name=t_work_2025, is_after_sale=False, raw_comments=4, valid_comments=4
2025-12-12 10:30:00 [INFO] : ✅ 工单 1949330520437424129 有 4 条有效评论，构建完成对话数据
2025-12-12 10:30:00 [INFO] : 工单 1949330520437424129 AI状态更新为: PENDING
2025-12-12 10:30:00 [INFO] : 📋 处理工单 1949330181827067905 (50/50) - 评论表: t_work_comment_2025
2025-12-12 10:30:00 [INFO] : 从表 t_work_comment_2025 获取工单 1949330181827067905 的 5 条完整对话记录（包含客户和客服）
2025-12-12 10:30:00 [INFO] : 💭 工单 1949330181827067905 获取到 5 条原始评论
2025-12-12 10:30:00 [INFO] : 🔍 工单 1949330181827067905 开始去噪处理 5 条有效评论...
2025-12-12 10:30:00 [INFO] : 🔍 开始过滤评论，原始数量: 5
2025-12-12 10:30:00 [INFO] : ✅ 评论过滤完成:
2025-12-12 10:30:00 [INFO] :   📥 原始数量: 5
2025-12-12 10:30:00 [INFO] :   📤 过滤后数量: 5
2025-12-12 10:30:00 [INFO] :   🗑️ 移除数量: 0
2025-12-12 10:30:00 [INFO] :   📊 过滤率: 0.0%
2025-12-12 10:30:00 [INFO] : ✅ 创建批次记录: batch_20251212_103000_1cd7ca76, 工单数: 1
2025-12-12 10:30:00 [INFO] : ✅ 更新批次统计: batch_20251212_103000_1cd7ca76, 状态: COMPLETED
2025-12-12 10:30:00 [INFO] : ✅ 保存工单 1949330181827067905 去噪记录成功，批次: batch_20251212_103000_1cd7ca76
2025-12-12 10:30:00 [INFO] : ✅ 工单 1949330181827067905 去噪完成: 5 -> 5 条评论
2025-12-12 10:30:00 [INFO] : ⏳ 工单 1949330181827067905 首响计算开始，评论总数=5
2025-12-12 10:30:00 [INFO] : 👀 工单 1949330181827067905 评论巡检: id=1949330182061948928, user_type=EMPLOYEE, oper_raw=True, is_service=True, is_customer=False, create_time=2025-07-27 12:45:06
2025-12-12 10:30:00 [INFO] : 👀 工单 1949330181827067905 评论巡检: id=1949330228971044864, user_type=EMPLOYEE, oper_raw=True, is_service=True, is_customer=False, create_time=2025-07-27 12:45:18
2025-12-12 10:30:00 [INFO] : 👀 工单 1949330181827067905 评论巡检: id=1949331348946681856, user_type=EMPLOYEE, oper_raw=True, is_service=True, is_customer=False, create_time=2025-07-27 12:49:45
2025-12-12 10:30:00 [INFO] : 👀 工单 1949330181827067905 评论巡检: id=1953402103019864064, user_type=EMPLOYEE, oper_raw=True, is_service=True, is_customer=False, create_time=2025-08-07 18:25:28
2025-12-12 10:30:00 [INFO] : 👀 工单 1949330181827067905 评论巡检: id=1953402135190175744, user_type=EMPLOYEE, oper_raw=True, is_service=True, is_customer=False, create_time=2025-08-07 18:25:36
2025-12-12 10:30:00 [INFO] : ⏱️ 工单 1949330181827067905 首响计算: first_customer_message_time=None, first_service_reply_time=None, response_seconds=None, threshold_seconds=120, is_timeout=False
2025-12-12 10:30:00 [INFO] : 🧾 工单 1949330181827067905 首响开关: work_type=AFTER_SALE, work_table_name=t_work_2025, is_after_sale=True, raw_comments=5, valid_comments=5
2025-12-12 10:30:00 [INFO] : ✅ 工单 1949330181827067905 有 5 条有效评论，构建完成对话数据
2025-12-12 10:30:00 [INFO] : 工单 1949330181827067905 AI状态更新为: PENDING
2025-12-12 10:30:00 [INFO] : ============================================================
2025-12-12 10:30:00 [INFO] : 📋 pending工单数据拉取完成总结:
2025-12-12 10:30:00 [INFO] :   📥 查询到工单总数: 50
2025-12-12 10:30:00 [INFO] :   💬 有评论可分析: 50
2025-12-12 10:30:00 [INFO] :   💭 无评论已完成: 0
2025-12-12 10:30:00 [INFO] :   🔍 执行去噪处理: 3
2025-12-12 10:30:00 [INFO] : ============================================================
2025-12-12 10:30:00 [INFO] : 📊 步骤1: pending数据拉取结果 - success: True
2025-12-12 10:30:00 [INFO] : ✅ 步骤1完成: 拉取pending数据成功，获取到 50 个工单
2025-12-12 10:30:00 [INFO] : 📊 pending工单统计详情:
2025-12-12 10:30:00 [INFO] :   📥 拉取工单总数: 50
2025-12-12 10:30:00 [INFO] :   💬 有评论待分析: 50
2025-12-12 10:30:00 [INFO] :   💭 无评论已处理: 0
2025-12-12 10:30:00 [INFO] :   🔍 去噪处理数量: 3
2025-12-12 10:30:00 [INFO] : 🔄 步骤2: 开始批量AI分析处理...
2025-12-12 10:30:00 [INFO] : ================================================================================
2025-12-12 10:30:00 [INFO] : 🧠 开始批量分析处理 50 个工单
2025-12-12 10:30:00 [INFO] : 📊 批量分析前预处理统计:
2025-12-12 10:30:00 [INFO] :   📥 输入工单总数: 50
2025-12-12 10:30:00 [INFO] :   🔄 去重后工单数: 50
2025-12-12 10:30:00 [INFO] :   💬 有评论可分析: 50
2025-12-12 10:30:00 [INFO] :   💭 无评论跳过: 0
2025-12-12 10:30:00 [INFO] : 🔒 开始原子性标记 50 个工单为处理中状态...
2025-12-12 10:30:00 [INFO] : ✅ 工单 1949329510306414593 成功标记为处理中 (1/50)
2025-12-12 10:30:00 [INFO] : ✅ 工单 1949330168573067265 成功标记为处理中 (2/50)
2025-12-12 10:30:00 [INFO] : ✅ 工单 1949330043570225153 成功标记为处理中 (3/50)
2025-12-12 10:30:00 [INFO] : ✅ 工单 1949330023412400129 成功标记为处理中 (4/50)
2025-12-12 10:30:00 [INFO] : ✅ 工单 1949329943179558913 成功标记为处理中 (5/50)
2025-12-12 10:30:00 [INFO] : ✅ 工单 1949329895205109761 成功标记为处理中 (6/50)
2025-12-12 10:30:00 [INFO] : ✅ 工单 1949329852762947585 成功标记为处理中 (7/50)
2025-12-12 10:30:00 [INFO] : ✅ 工单 1949329821930618881 成功标记为处理中 (8/50)
2025-12-12 10:30:00 [INFO] : ✅ 工单 1949329817136529409 成功标记为处理中 (9/50)
2025-12-12 10:30:00 [INFO] : ✅ 工单 1949329639625195521 成功标记为处理中 (10/50)
2025-12-12 10:30:00 [INFO] : ✅ 工单 1949329634889826305 成功标记为处理中 (11/50)
2025-12-12 10:30:00 [INFO] : ✅ 工单 1949329629386899457 成功标记为处理中 (12/50)
2025-12-12 10:30:00 [INFO] : ✅ 工单 1949329570347876353 成功标记为处理中 (13/50)
2025-12-12 10:30:00 [INFO] : ✅ 工单 1949331312007446529 成功标记为处理中 (14/50)
2025-12-12 10:30:00 [INFO] : ✅ 工单 1949329499568996353 成功标记为处理中 (15/50)
2025-12-12 10:30:00 [INFO] : ✅ 工单 1949329264994156545 成功标记为处理中 (16/50)
2025-12-12 10:30:00 [INFO] : ✅ 工单 1949329213249028096 成功标记为处理中 (17/50)
2025-12-12 10:30:00 [INFO] : ✅ 工单 1949329201643388929 成功标记为处理中 (18/50)
2025-12-12 10:30:00 [INFO] : ✅ 工单 1949329156764336129 成功标记为处理中 (19/50)
2025-12-12 10:30:00 [INFO] : ✅ 工单 1949329140888895489 成功标记为处理中 (20/50)
2025-12-12 10:30:00 [INFO] : ✅ 工单 1949329101273694209 成功标记为处理中 (21/50)
2025-12-12 10:30:00 [INFO] : ✅ 工单 1949328691024625665 成功标记为处理中 (22/50)
2025-12-12 10:30:00 [INFO] : ✅ 工单 1949328645302517761 成功标记为处理中 (23/50)
2025-12-12 10:30:00 [INFO] : ✅ 工单 1949328601736282113 成功标记为处理中 (24/50)
2025-12-12 10:30:00 [INFO] : ✅ 工单 1949328522304552961 成功标记为处理中 (25/50)
2025-12-12 10:30:00 [INFO] : ✅ 工单 1949330407937802241 成功标记为处理中 (26/50)
2025-12-12 10:30:00 [INFO] : ✅ 工单 1949331355322023937 成功标记为处理中 (27/50)
2025-12-12 10:30:00 [INFO] : ✅ 工单 1949331311558656001 成功标记为处理中 (28/50)
2025-12-12 10:30:00 [INFO] : ✅ 工单 1949331301009981441 成功标记为处理中 (29/50)
2025-12-12 10:30:00 [INFO] : ✅ 工单 1949331289773441025 成功标记为处理中 (30/50)
2025-12-12 10:30:00 [INFO] : ✅ 工单 1949331271821819905 成功标记为处理中 (31/50)
2025-12-12 10:30:00 [INFO] : ✅ 工单 1949331171762503681 成功标记为处理中 (32/50)
2025-12-12 10:30:00 [INFO] : ✅ 工单 1949331164552495105 成功标记为处理中 (33/50)
2025-12-12 10:30:00 [INFO] : ✅ 工单 1949331126350774273 成功标记为处理中 (34/50)
2025-12-12 10:30:00 [INFO] : ✅ 工单 1949331101784735744 成功标记为处理中 (35/50)
2025-12-12 10:30:00 [INFO] : ✅ 工单 1949331064782585857 成功标记为处理中 (36/50)
2025-12-12 10:30:00 [INFO] : ✅ 工单 1949331049779560449 成功标记为处理中 (37/50)
2025-12-12 10:30:00 [INFO] : ✅ 工单 1949331030540288000 成功标记为处理中 (38/50)
2025-12-12 10:30:00 [INFO] : ✅ 工单 1949331000966250497 成功标记为处理中 (39/50)
2025-12-12 10:30:00 [INFO] : ✅ 工单 1949330990539210753 成功标记为处理中 (40/50)
2025-12-12 10:30:00 [INFO] : ✅ 工单 1949330927574319105 成功标记为处理中 (41/50)
2025-12-12 10:30:00 [INFO] : ✅ 工单 1949330881340506112 成功标记为处理中 (42/50)
2025-12-12 10:30:00 [INFO] : ✅ 工单 1949330858166976513 成功标记为处理中 (43/50)
2025-12-12 10:30:00 [INFO] : ✅ 工单 1949330834372689920 成功标记为处理中 (44/50)
2025-12-12 10:30:00 [INFO] : ✅ 工单 1949330817574502401 成功标记为处理中 (45/50)
2025-12-12 10:30:00 [INFO] : ✅ 工单 1949330685768499201 成功标记为处理中 (46/50)
2025-12-12 10:30:00 [INFO] : ✅ 工单 1949330634518298625 成功标记为处理中 (47/50)
2025-12-12 10:30:00 [INFO] : ✅ 工单 1949330629304778753 成功标记为处理中 (48/50)
2025-12-12 10:30:00 [INFO] : ✅ 工单 1949330520437424129 成功标记为处理中 (49/50)
2025-12-12 10:30:00 [INFO] : ✅ 工单 1949330181827067905 成功标记为处理中 (50/50)
2025-12-12 10:30:00 [INFO] : 🔒 批量状态标记完成: 50/50 个工单成功标记为处理中状态
2025-12-12 10:30:00 [INFO] : 📋 工单 #1: ID=1949329510306414593, 评论数=7
2025-12-12 10:30:00 [INFO] : 📋 工单 #2: ID=1949330168573067265, 评论数=6
2025-12-12 10:30:00 [INFO] : 📋 工单 #3: ID=1949330043570225153, 评论数=2
2025-12-12 10:30:00 [INFO] : 🔄 准备创建 50 个分析任务，并发数: 5
2025-12-12 10:30:00 [INFO] : ⚡ 开始执行批量分析任务 - 目标工单数: 50, 并发数: 5
2025-12-12 10:30:00 [INFO] : 🔍 开始分析工单 1949329510306414593 的对话
2025-12-12 10:30:00 [INFO] : 从数据库加载分析关键词配置
2025-12-12 10:30:00 [INFO] : 成功加载 1 个分析关键词配置分类
2025-12-12 10:30:00 [INFO] : 成功从数据库加载 1 个关键词配置分类
2025-12-12 10:30:00 [INFO] : 📊 工单 1949329510306414593 关键词筛选结果: 可疑=False, 置信度=0.000
2025-12-12 10:30:00 [INFO] : ⏭️ 工单 1949329510306414593 未命中关键词阈值（置信度: 0.000），判定为低风险，不保存
2025-12-12 10:30:00 [INFO] : 🔍 开始分析工单 1949330168573067265 的对话
2025-12-12 10:30:00 [INFO] : 成功从数据库加载 1 个关键词配置分类
2025-12-12 10:30:00 [INFO] : 📊 工单 1949330168573067265 关键词筛选结果: 可疑=False, 置信度=0.000
2025-12-12 10:30:00 [INFO] : ⏭️ 工单 1949330168573067265 未命中关键词阈值（置信度: 0.000），判定为低风险，不保存
2025-12-12 10:30:00 [INFO] : 🔍 开始分析工单 1949330043570225153 的对话
2025-12-12 10:30:00 [INFO] : 成功从数据库加载 1 个关键词配置分类
2025-12-12 10:30:00 [INFO] : 📊 工单 1949330043570225153 关键词筛选结果: 可疑=False, 置信度=0.000
2025-12-12 10:30:00 [INFO] : ⏭️ 工单 1949330043570225153 未命中关键词阈值（置信度: 0.000），判定为低风险，不保存
2025-12-12 10:30:00 [INFO] : 🔍 开始分析工单 1949330023412400129 的对话
2025-12-12 10:30:00 [INFO] : 成功从数据库加载 1 个关键词配置分类
2025-12-12 10:30:00 [INFO] : 📊 工单 1949330023412400129 关键词筛选结果: 可疑=False, 置信度=0.000
2025-12-12 10:30:00 [INFO] : ⏭️ 工单 1949330023412400129 未命中关键词阈值（置信度: 0.000），判定为低风险，不保存
2025-12-12 10:30:00 [INFO] : 🔍 开始分析工单 1949329943179558913 的对话
2025-12-12 10:30:00 [INFO] : 成功从数据库加载 1 个关键词配置分类
2025-12-12 10:30:00 [INFO] : 📊 工单 1949329943179558913 关键词筛选结果: 可疑=False, 置信度=0.000
2025-12-12 10:30:00 [INFO] : ⏭️ 工单 1949329943179558913 未命中关键词阈值（置信度: 0.000），判定为低风险，不保存
2025-12-12 10:30:00 [INFO] : 🔍 开始分析工单 1949329895205109761 的对话
2025-12-12 10:30:00 [INFO] : 成功从数据库加载 1 个关键词配置分类
2025-12-12 10:30:00 [INFO] : 📊 工单 1949329895205109761 关键词筛选结果: 可疑=False, 置信度=0.000
2025-12-12 10:30:00 [INFO] : ⏭️ 工单 1949329895205109761 未命中关键词阈值（置信度: 0.000），判定为低风险，不保存
2025-12-12 10:30:00 [INFO] : 🔍 开始分析工单 1949329852762947585 的对话
2025-12-12 10:30:00 [INFO] : 成功从数据库加载 1 个关键词配置分类
2025-12-12 10:30:00 [INFO] : 📊 工单 1949329852762947585 关键词筛选结果: 可疑=False, 置信度=0.000
2025-12-12 10:30:00 [INFO] : ⏭️ 工单 1949329852762947585 未命中关键词阈值（置信度: 0.000），判定为低风险，不保存
2025-12-12 10:30:00 [INFO] : 🔍 开始分析工单 1949329821930618881 的对话
2025-12-12 10:30:00 [INFO] : 成功从数据库加载 1 个关键词配置分类
2025-12-12 10:30:00 [INFO] : 📊 工单 1949329821930618881 关键词筛选结果: 可疑=False, 置信度=0.200
2025-12-12 10:30:00 [INFO] : ⏭️ 工单 1949329821930618881 未命中关键词阈值（置信度: 0.200），判定为低风险，不保存
2025-12-12 10:30:00 [INFO] : 🔍 开始分析工单 1949329817136529409 的对话
2025-12-12 10:30:00 [INFO] : 成功从数据库加载 1 个关键词配置分类
2025-12-12 10:30:00 [INFO] : 📊 工单 1949329817136529409 关键词筛选结果: 可疑=False, 置信度=0.000
2025-12-12 10:30:00 [INFO] : ⏭️ 工单 1949329817136529409 未命中关键词阈值（置信度: 0.000），判定为低风险，不保存
2025-12-12 10:30:00 [INFO] : 🔍 开始分析工单 1949329639625195521 的对话
2025-12-12 10:30:00 [INFO] : 成功从数据库加载 1 个关键词配置分类
2025-12-12 10:30:00 [INFO] : 📊 工单 1949329639625195521 关键词筛选结果: 可疑=False, 置信度=0.000
2025-12-12 10:30:00 [INFO] : ⏭️ 工单 1949329639625195521 未命中关键词阈值（置信度: 0.000），判定为低风险，不保存
2025-12-12 10:30:00 [INFO] : 🔍 开始分析工单 1949329634889826305 的对话
2025-12-12 10:30:00 [INFO] : 成功从数据库加载 1 个关键词配置分类
2025-12-12 10:30:00 [INFO] : 📊 工单 1949329634889826305 关键词筛选结果: 可疑=False, 置信度=0.000
2025-12-12 10:30:00 [INFO] : ⏭️ 工单 1949329634889826305 未命中关键词阈值（置信度: 0.000），判定为低风险，不保存
2025-12-12 10:30:00 [INFO] : 🔍 开始分析工单 1949329629386899457 的对话
2025-12-12 10:30:00 [INFO] : 成功从数据库加载 1 个关键词配置分类
2025-12-12 10:30:00 [INFO] : 📊 工单 1949329629386899457 关键词筛选结果: 可疑=False, 置信度=0.000
2025-12-12 10:30:00 [INFO] : ⏭️ 工单 1949329629386899457 未命中关键词阈值（置信度: 0.000），判定为低风险，不保存
2025-12-12 10:30:00 [INFO] : 🔍 开始分析工单 1949329570347876353 的对话
2025-12-12 10:30:00 [INFO] : 成功从数据库加载 1 个关键词配置分类
2025-12-12 10:30:00 [INFO] : 📊 工单 1949329570347876353 关键词筛选结果: 可疑=False, 置信度=0.000
2025-12-12 10:30:00 [INFO] : ⏭️ 工单 1949329570347876353 未命中关键词阈值（置信度: 0.000），判定为低风险，不保存
2025-12-12 10:30:00 [INFO] : 🔍 开始分析工单 1949331312007446529 的对话
2025-12-12 10:30:00 [INFO] : 成功从数据库加载 1 个关键词配置分类
2025-12-12 10:30:00 [INFO] : 📊 工单 1949331312007446529 关键词筛选结果: 可疑=False, 置信度=0.000
2025-12-12 10:30:00 [INFO] : ⏭️ 工单 1949331312007446529 未命中关键词阈值（置信度: 0.000），判定为低风险，不保存
2025-12-12 10:30:00 [INFO] : 🔍 开始分析工单 1949329499568996353 的对话
2025-12-12 10:30:00 [INFO] : 成功从数据库加载 1 个关键词配置分类
2025-12-12 10:30:00 [INFO] : 📊 工单 1949329499568996353 关键词筛选结果: 可疑=False, 置信度=0.000
2025-12-12 10:30:00 [INFO] : ⏭️ 工单 1949329499568996353 未命中关键词阈值（置信度: 0.000），判定为低风险，不保存
2025-12-12 10:30:00 [INFO] : 🔍 开始分析工单 1949329264994156545 的对话
2025-12-12 10:30:00 [INFO] : 成功从数据库加载 1 个关键词配置分类
2025-12-12 10:30:00 [INFO] : 📊 工单 1949329264994156545 关键词筛选结果: 可疑=False, 置信度=0.200
2025-12-12 10:30:00 [INFO] : ⏭️ 工单 1949329264994156545 未命中关键词阈值（置信度: 0.200），判定为低风险，不保存
2025-12-12 10:30:00 [INFO] : 🔍 开始分析工单 1949329213249028096 的对话
2025-12-12 10:30:00 [INFO] : 成功从数据库加载 1 个关键词配置分类
2025-12-12 10:30:00 [INFO] : 📊 工单 1949329213249028096 关键词筛选结果: 可疑=False, 置信度=0.000
2025-12-12 10:30:00 [INFO] : ⏭️ 工单 1949329213249028096 未命中关键词阈值（置信度: 0.000），判定为低风险，不保存
2025-12-12 10:30:00 [INFO] : 🔍 开始分析工单 1949329201643388929 的对话
2025-12-12 10:30:00 [INFO] : 成功从数据库加载 1 个关键词配置分类
2025-12-12 10:30:00 [INFO] : 📊 工单 1949329201643388929 关键词筛选结果: 可疑=False, 置信度=0.000
2025-12-12 10:30:00 [INFO] : ⏭️ 工单 1949329201643388929 未命中关键词阈值（置信度: 0.000），判定为低风险，不保存
2025-12-12 10:30:00 [INFO] : 🔍 开始分析工单 1949329156764336129 的对话
2025-12-12 10:30:00 [INFO] : 成功从数据库加载 1 个关键词配置分类
2025-12-12 10:30:00 [INFO] : 📊 工单 1949329156764336129 关键词筛选结果: 可疑=False, 置信度=0.000
2025-12-12 10:30:00 [INFO] : ⏭️ 工单 1949329156764336129 未命中关键词阈值（置信度: 0.000），判定为低风险，不保存
2025-12-12 10:30:00 [INFO] : 🔍 开始分析工单 1949329140888895489 的对话
2025-12-12 10:30:00 [INFO] : 成功从数据库加载 1 个关键词配置分类
2025-12-12 10:30:00 [INFO] : 📊 工单 1949329140888895489 关键词筛选结果: 可疑=False, 置信度=0.000
2025-12-12 10:30:00 [INFO] : ⏭️ 工单 1949329140888895489 未命中关键词阈值（置信度: 0.000），判定为低风险，不保存
2025-12-12 10:30:00 [INFO] : 🔍 开始分析工单 1949329101273694209 的对话
2025-12-12 10:30:00 [INFO] : 成功从数据库加载 1 个关键词配置分类
2025-12-12 10:30:00 [INFO] : 📊 工单 1949329101273694209 关键词筛选结果: 可疑=False, 置信度=0.000
2025-12-12 10:30:00 [INFO] : ⏭️ 工单 1949329101273694209 未命中关键词阈值（置信度: 0.000），判定为低风险，不保存
2025-12-12 10:30:00 [INFO] : 🔍 开始分析工单 1949328691024625665 的对话
2025-12-12 10:30:00 [INFO] : 成功从数据库加载 1 个关键词配置分类
2025-12-12 10:30:00 [INFO] : 📊 工单 1949328691024625665 关键词筛选结果: 可疑=False, 置信度=0.000
2025-12-12 10:30:00 [INFO] : ⏭️ 工单 1949328691024625665 未命中关键词阈值（置信度: 0.000），判定为低风险，不保存
2025-12-12 10:30:00 [INFO] : 🔍 开始分析工单 1949328645302517761 的对话
2025-12-12 10:30:00 [INFO] : 成功从数据库加载 1 个关键词配置分类
2025-12-12 10:30:00 [INFO] : 📊 工单 1949328645302517761 关键词筛选结果: 可疑=False, 置信度=0.000
2025-12-12 10:30:00 [INFO] : ⏭️ 工单 1949328645302517761 未命中关键词阈值（置信度: 0.000），判定为低风险，不保存
2025-12-12 10:30:00 [INFO] : 🔍 开始分析工单 1949328601736282113 的对话
2025-12-12 10:30:00 [INFO] : 成功从数据库加载 1 个关键词配置分类
2025-12-12 10:30:00 [INFO] : 📊 工单 1949328601736282113 关键词筛选结果: 可疑=False, 置信度=0.000
2025-12-12 10:30:00 [INFO] : ⏭️ 工单 1949328601736282113 未命中关键词阈值（置信度: 0.000），判定为低风险，不保存
2025-12-12 10:30:00 [INFO] : 🔍 开始分析工单 1949328522304552961 的对话
2025-12-12 10:30:00 [INFO] : 成功从数据库加载 1 个关键词配置分类
2025-12-12 10:30:00 [INFO] : 📊 工单 1949328522304552961 关键词筛选结果: 可疑=False, 置信度=0.000
2025-12-12 10:30:00 [INFO] : ⏭️ 工单 1949328522304552961 未命中关键词阈值（置信度: 0.000），判定为低风险，不保存
2025-12-12 10:30:00 [INFO] : 🔍 开始分析工单 1949330407937802241 的对话
2025-12-12 10:30:00 [INFO] : 成功从数据库加载 1 个关键词配置分类
2025-12-12 10:30:00 [INFO] : 📊 工单 1949330407937802241 关键词筛选结果: 可疑=False, 置信度=0.200
2025-12-12 10:30:00 [INFO] : ⏭️ 工单 1949330407937802241 未命中关键词阈值（置信度: 0.200），判定为低风险，不保存
2025-12-12 10:30:00 [INFO] : 🔍 开始分析工单 1949331355322023937 的对话
2025-12-12 10:30:00 [INFO] : 成功从数据库加载 1 个关键词配置分类
2025-12-12 10:30:00 [INFO] : 📊 工单 1949331355322023937 关键词筛选结果: 可疑=False, 置信度=0.000
2025-12-12 10:30:00 [INFO] : ⏭️ 工单 1949331355322023937 未命中关键词阈值（置信度: 0.000），判定为低风险，不保存
2025-12-12 10:30:00 [INFO] : 🔍 开始分析工单 1949331311558656001 的对话
2025-12-12 10:30:00 [INFO] : 成功从数据库加载 1 个关键词配置分类
2025-12-12 10:30:00 [INFO] : 📊 工单 1949331311558656001 关键词筛选结果: 可疑=False, 置信度=0.000
2025-12-12 10:30:00 [INFO] : ⏭️ 工单 1949331311558656001 未命中关键词阈值（置信度: 0.000），判定为低风险，不保存
2025-12-12 10:30:00 [INFO] : 🔍 开始分析工单 1949331301009981441 的对话
2025-12-12 10:30:00 [INFO] : 成功从数据库加载 1 个关键词配置分类
2025-12-12 10:30:00 [INFO] : 📊 工单 1949331301009981441 关键词筛选结果: 可疑=False, 置信度=0.000
2025-12-12 10:30:00 [INFO] : ⏭️ 工单 1949331301009981441 未命中关键词阈值（置信度: 0.000），判定为低风险，不保存
2025-12-12 10:30:00 [INFO] : 🔍 开始分析工单 1949331289773441025 的对话
2025-12-12 10:30:00 [INFO] : 成功从数据库加载 1 个关键词配置分类
2025-12-12 10:30:00 [INFO] : 📊 工单 1949331289773441025 关键词筛选结果: 可疑=False, 置信度=0.200
2025-12-12 10:30:00 [INFO] : ⏭️ 工单 1949331289773441025 未命中关键词阈值（置信度: 0.200），判定为低风险，不保存
2025-12-12 10:30:00 [INFO] : 🔍 开始分析工单 1949331271821819905 的对话
2025-12-12 10:30:00 [INFO] : 成功从数据库加载 1 个关键词配置分类
2025-12-12 10:30:00 [INFO] : 📊 工单 1949331271821819905 关键词筛选结果: 可疑=False, 置信度=0.000
2025-12-12 10:30:00 [INFO] : ⏭️ 工单 1949331271821819905 未命中关键词阈值（置信度: 0.000），判定为低风险，不保存
2025-12-12 10:30:00 [INFO] : 🔍 开始分析工单 1949331171762503681 的对话
2025-12-12 10:30:00 [INFO] : 成功从数据库加载 1 个关键词配置分类
2025-12-12 10:30:00 [INFO] : 📊 工单 1949331171762503681 关键词筛选结果: 可疑=False, 置信度=0.000
2025-12-12 10:30:00 [INFO] : ⏭️ 工单 1949331171762503681 未命中关键词阈值（置信度: 0.000），判定为低风险，不保存
2025-12-12 10:30:00 [INFO] : 🔍 开始分析工单 1949331164552495105 的对话
2025-12-12 10:30:00 [INFO] : 成功从数据库加载 1 个关键词配置分类
2025-12-12 10:30:00 [INFO] : 📊 工单 1949331164552495105 关键词筛选结果: 可疑=False, 置信度=0.000
2025-12-12 10:30:00 [INFO] : ⏭️ 工单 1949331164552495105 未命中关键词阈值（置信度: 0.000），判定为低风险，不保存
2025-12-12 10:30:00 [INFO] : 🔍 开始分析工单 1949331126350774273 的对话
2025-12-12 10:30:00 [INFO] : 成功从数据库加载 1 个关键词配置分类
2025-12-12 10:30:00 [INFO] : 📊 工单 1949331126350774273 关键词筛选结果: 可疑=False, 置信度=0.000
2025-12-12 10:30:00 [INFO] : ⏭️ 工单 1949331126350774273 未命中关键词阈值（置信度: 0.000），判定为低风险，不保存
2025-12-12 10:30:00 [INFO] : 🔍 开始分析工单 1949331101784735744 的对话
2025-12-12 10:30:00 [INFO] : 成功从数据库加载 1 个关键词配置分类
2025-12-12 10:30:00 [INFO] : 📊 工单 1949331101784735744 关键词筛选结果: 可疑=False, 置信度=0.000
2025-12-12 10:30:00 [INFO] : ⏭️ 工单 1949331101784735744 未命中关键词阈值（置信度: 0.000），判定为低风险，不保存
2025-12-12 10:30:00 [INFO] : 🔍 开始分析工单 1949331064782585857 的对话
2025-12-12 10:30:00 [INFO] : 成功从数据库加载 1 个关键词配置分类
2025-12-12 10:30:00 [INFO] : 📊 工单 1949331064782585857 关键词筛选结果: 可疑=False, 置信度=0.000
2025-12-12 10:30:00 [INFO] : ⏭️ 工单 1949331064782585857 未命中关键词阈值（置信度: 0.000），判定为低风险，不保存
2025-12-12 10:30:00 [INFO] : 🔍 开始分析工单 1949331049779560449 的对话
2025-12-12 10:30:00 [INFO] : 成功从数据库加载 1 个关键词配置分类
2025-12-12 10:30:00 [INFO] : 📊 工单 1949331049779560449 关键词筛选结果: 可疑=False, 置信度=0.000
2025-12-12 10:30:00 [INFO] : ⏭️ 工单 1949331049779560449 未命中关键词阈值（置信度: 0.000），判定为低风险，不保存
2025-12-12 10:30:00 [INFO] : 🔍 开始分析工单 1949331030540288000 的对话
2025-12-12 10:30:00 [INFO] : 成功从数据库加载 1 个关键词配置分类
2025-12-12 10:30:00 [INFO] : 📊 工单 1949331030540288000 关键词筛选结果: 可疑=False, 置信度=0.000
2025-12-12 10:30:00 [INFO] : ⏭️ 工单 1949331030540288000 未命中关键词阈值（置信度: 0.000），判定为低风险，不保存
2025-12-12 10:30:00 [INFO] : 🔍 开始分析工单 1949331000966250497 的对话
2025-12-12 10:30:00 [INFO] : 成功从数据库加载 1 个关键词配置分类
2025-12-12 10:30:00 [INFO] : 📊 工单 1949331000966250497 关键词筛选结果: 可疑=False, 置信度=0.000
2025-12-12 10:30:00 [INFO] : ⏭️ 工单 1949331000966250497 未命中关键词阈值（置信度: 0.000），判定为低风险，不保存
2025-12-12 10:30:00 [INFO] : 🔍 开始分析工单 1949330990539210753 的对话
2025-12-12 10:30:00 [INFO] : 成功从数据库加载 1 个关键词配置分类
2025-12-12 10:30:00 [INFO] : 📊 工单 1949330990539210753 关键词筛选结果: 可疑=False, 置信度=0.000
2025-12-12 10:30:00 [INFO] : ⏭️ 工单 1949330990539210753 未命中关键词阈值（置信度: 0.000），判定为低风险，不保存
2025-12-12 10:30:00 [INFO] : 🔍 开始分析工单 1949330927574319105 的对话
2025-12-12 10:30:00 [INFO] : 成功从数据库加载 1 个关键词配置分类
2025-12-12 10:30:00 [INFO] : 📊 工单 1949330927574319105 关键词筛选结果: 可疑=False, 置信度=0.000
2025-12-12 10:30:00 [INFO] : ⏭️ 工单 1949330927574319105 未命中关键词阈值（置信度: 0.000），判定为低风险，不保存
2025-12-12 10:30:00 [INFO] : 🔍 开始分析工单 1949330881340506112 的对话
2025-12-12 10:30:00 [INFO] : 成功从数据库加载 1 个关键词配置分类
2025-12-12 10:30:00 [INFO] : 📊 工单 1949330881340506112 关键词筛选结果: 可疑=False, 置信度=0.000
2025-12-12 10:30:00 [INFO] : ⏭️ 工单 1949330881340506112 未命中关键词阈值（置信度: 0.000），判定为低风险，不保存
2025-12-12 10:30:00 [INFO] : 🔍 开始分析工单 1949330858166976513 的对话
2025-12-12 10:30:00 [INFO] : 成功从数据库加载 1 个关键词配置分类
2025-12-12 10:30:00 [INFO] : 📊 工单 1949330858166976513 关键词筛选结果: 可疑=False, 置信度=0.000
2025-12-12 10:30:00 [INFO] : ⏭️ 工单 1949330858166976513 未命中关键词阈值（置信度: 0.000），判定为低风险，不保存
2025-12-12 10:30:00 [INFO] : 🔍 开始分析工单 1949330834372689920 的对话
2025-12-12 10:30:00 [INFO] : 成功从数据库加载 1 个关键词配置分类
2025-12-12 10:30:00 [INFO] : 📊 工单 1949330834372689920 关键词筛选结果: 可疑=False, 置信度=0.000
2025-12-12 10:30:00 [INFO] : ⏭️ 工单 1949330834372689920 未命中关键词阈值（置信度: 0.000），判定为低风险，不保存
2025-12-12 10:30:00 [INFO] : 🔍 开始分析工单 1949330817574502401 的对话
2025-12-12 10:30:00 [INFO] : 成功从数据库加载 1 个关键词配置分类
2025-12-12 10:30:00 [INFO] : 📊 工单 1949330817574502401 关键词筛选结果: 可疑=False, 置信度=0.000
2025-12-12 10:30:00 [INFO] : ⏭️ 工单 1949330817574502401 未命中关键词阈值（置信度: 0.000），判定为低风险，不保存
2025-12-12 10:30:00 [INFO] : 🔍 开始分析工单 1949330685768499201 的对话
2025-12-12 10:30:00 [INFO] : 成功从数据库加载 1 个关键词配置分类
2025-12-12 10:30:00 [INFO] : 📊 工单 1949330685768499201 关键词筛选结果: 可疑=False, 置信度=0.000
2025-12-12 10:30:00 [INFO] : ⏭️ 工单 1949330685768499201 未命中关键词阈值（置信度: 0.000），判定为低风险，不保存
2025-12-12 10:30:00 [INFO] : 🔍 开始分析工单 1949330634518298625 的对话
2025-12-12 10:30:00 [INFO] : 成功从数据库加载 1 个关键词配置分类
2025-12-12 10:30:00 [INFO] : 📊 工单 1949330634518298625 关键词筛选结果: 可疑=False, 置信度=0.000
2025-12-12 10:30:00 [INFO] : ⏭️ 工单 1949330634518298625 未命中关键词阈值（置信度: 0.000），判定为低风险，不保存
2025-12-12 10:30:00 [INFO] : 🔍 开始分析工单 1949330629304778753 的对话
2025-12-12 10:30:00 [INFO] : 成功从数据库加载 1 个关键词配置分类
2025-12-12 10:30:00 [INFO] : 📊 工单 1949330629304778753 关键词筛选结果: 可疑=False, 置信度=0.000
2025-12-12 10:30:00 [INFO] : ⏭️ 工单 1949330629304778753 未命中关键词阈值（置信度: 0.000），判定为低风险，不保存
2025-12-12 10:30:00 [INFO] : 🔍 开始分析工单 1949330520437424129 的对话
2025-12-12 10:30:00 [INFO] : 成功从数据库加载 1 个关键词配置分类
2025-12-12 10:30:00 [INFO] : 📊 工单 1949330520437424129 关键词筛选结果: 可疑=False, 置信度=0.000
2025-12-12 10:30:00 [INFO] : ⏭️ 工单 1949330520437424129 未命中关键词阈值（置信度: 0.000），判定为低风险，不保存
2025-12-12 10:30:00 [INFO] : 🔍 开始分析工单 1949330181827067905 的对话
2025-12-12 10:30:00 [INFO] : 成功从数据库加载 1 个关键词配置分类
2025-12-12 10:30:00 [INFO] : 📊 工单 1949330181827067905 关键词筛选结果: 可疑=False, 置信度=0.200
2025-12-12 10:30:00 [INFO] : ⏭️ 工单 1949330181827067905 未命中关键词阈值（置信度: 0.200），判定为低风险，不保存
2025-12-12 10:30:00 [INFO] : ⚡ 批量分析任务执行完成，开始处理和保存结果...
2025-12-12 10:30:00 [INFO] : 📊 开始处理 50 个分析结果...
2025-12-12 10:30:00 [INFO] : 工单 1949329510306414593 AI状态更新为: COMPLETED
2025-12-12 10:30:00 [INFO] : 工单 1949330168573067265 AI状态更新为: COMPLETED
2025-12-12 10:30:00 [INFO] : 工单 1949330043570225153 AI状态更新为: COMPLETED
2025-12-12 10:30:00 [INFO] : 工单 1949330023412400129 AI状态更新为: COMPLETED
2025-12-12 10:30:00 [INFO] : 工单 1949329943179558913 AI状态更新为: COMPLETED
2025-12-12 10:30:00 [INFO] : 工单 1949329895205109761 AI状态更新为: COMPLETED
2025-12-12 10:30:00 [INFO] : 工单 1949329852762947585 AI状态更新为: COMPLETED
2025-12-12 10:30:00 [INFO] : 工单 1949329821930618881 AI状态更新为: COMPLETED
2025-12-12 10:30:01 [INFO] : 工单 1949329817136529409 AI状态更新为: COMPLETED
2025-12-12 10:30:01 [INFO] : 工单 1949329639625195521 AI状态更新为: COMPLETED
2025-12-12 10:30:01 [INFO] : 工单 1949329634889826305 AI状态更新为: COMPLETED
2025-12-12 10:30:01 [INFO] : 工单 1949329629386899457 AI状态更新为: COMPLETED
2025-12-12 10:30:01 [INFO] : 工单 1949329570347876353 AI状态更新为: COMPLETED
2025-12-12 10:30:01 [INFO] : 工单 1949331312007446529 AI状态更新为: COMPLETED
2025-12-12 10:30:01 [INFO] : 工单 1949329499568996353 AI状态更新为: COMPLETED
2025-12-12 10:30:01 [INFO] : 工单 1949329264994156545 AI状态更新为: COMPLETED
2025-12-12 10:30:01 [INFO] : 工单 1949329213249028096 AI状态更新为: COMPLETED
2025-12-12 10:30:01 [INFO] : 工单 1949329201643388929 AI状态更新为: COMPLETED
2025-12-12 10:30:01 [INFO] : 工单 1949329156764336129 AI状态更新为: COMPLETED
2025-12-12 10:30:01 [INFO] : 工单 1949329140888895489 AI状态更新为: COMPLETED
2025-12-12 10:30:01 [INFO] : 工单 1949329101273694209 AI状态更新为: COMPLETED
2025-12-12 10:30:01 [INFO] : 工单 1949328691024625665 AI状态更新为: COMPLETED
2025-12-12 10:30:01 [INFO] : 工单 1949328645302517761 AI状态更新为: COMPLETED
2025-12-12 10:30:01 [INFO] : 工单 1949328601736282113 AI状态更新为: COMPLETED
2025-12-12 10:30:01 [INFO] : 工单 1949328522304552961 AI状态更新为: COMPLETED
2025-12-12 10:30:01 [INFO] : 工单 1949330407937802241 AI状态更新为: COMPLETED
2025-12-12 10:30:01 [INFO] : 工单 1949331355322023937 AI状态更新为: COMPLETED
2025-12-12 10:30:01 [INFO] : 工单 1949331311558656001 AI状态更新为: COMPLETED
2025-12-12 10:30:01 [INFO] : 工单 1949331301009981441 AI状态更新为: COMPLETED
2025-12-12 10:30:01 [INFO] : 工单 1949331289773441025 AI状态更新为: COMPLETED
2025-12-12 10:30:01 [INFO] : 工单 1949331271821819905 AI状态更新为: COMPLETED
2025-12-12 10:30:01 [INFO] : 工单 1949331171762503681 AI状态更新为: COMPLETED
2025-12-12 10:30:01 [INFO] : 工单 1949331164552495105 AI状态更新为: COMPLETED
2025-12-12 10:30:01 [INFO] : 工单 1949331126350774273 AI状态更新为: COMPLETED
2025-12-12 10:30:01 [INFO] : 工单 1949331101784735744 AI状态更新为: COMPLETED
2025-12-12 10:30:01 [INFO] : 工单 1949331064782585857 AI状态更新为: COMPLETED
2025-12-12 10:30:01 [INFO] : 工单 1949331049779560449 AI状态更新为: COMPLETED
2025-12-12 10:30:01 [INFO] : 工单 1949331030540288000 AI状态更新为: COMPLETED
2025-12-12 10:30:01 [INFO] : 工单 1949331000966250497 AI状态更新为: COMPLETED
2025-12-12 10:30:01 [INFO] : 工单 1949330990539210753 AI状态更新为: COMPLETED
2025-12-12 10:30:01 [INFO] : 工单 1949330927574319105 AI状态更新为: COMPLETED
2025-12-12 10:30:01 [INFO] : 工单 1949330881340506112 AI状态更新为: COMPLETED
2025-12-12 10:30:01 [INFO] : 工单 1949330858166976513 AI状态更新为: COMPLETED
2025-12-12 10:30:01 [INFO] : 工单 1949330834372689920 AI状态更新为: COMPLETED
2025-12-12 10:30:01 [INFO] : 工单 1949330817574502401 AI状态更新为: COMPLETED
2025-12-12 10:30:01 [INFO] : 工单 1949330685768499201 AI状态更新为: COMPLETED
2025-12-12 10:30:01 [INFO] : 工单 1949330634518298625 AI状态更新为: COMPLETED
2025-12-12 10:30:01 [INFO] : 工单 1949330629304778753 AI状态更新为: COMPLETED
2025-12-12 10:30:01 [INFO] : 工单 1949330520437424129 AI状态更新为: COMPLETED
2025-12-12 10:30:01 [INFO] : 工单 1949330181827067905 AI状态更新为: COMPLETED
2025-12-12 10:30:01 [INFO] : ========================================
2025-12-12 10:30:01 [INFO] : 🎉 批量分析完成统计:
2025-12-12 10:30:01 [INFO] :   ✅ 成功: 50
2025-12-12 10:30:01 [INFO] :   ❌ 失败: 0
2025-12-12 10:30:01 [INFO] :   📊 成功率: 100.0%
2025-12-12 10:30:01 [INFO] : ========================================
2025-12-12 10:30:01 [INFO] : 📊 步骤2: 批量分析结果 - success: True, 成功: 50, 失败: 0
2025-12-12 10:30:01 [INFO] : ================================================================================
2025-12-12 10:30:01 [INFO] : 🎉 pending分析队列处理完成 - 最终统计:
2025-12-12 10:30:01 [INFO] :   📥 拉取pending工单总数: 50
2025-12-12 10:30:01 [INFO] :   💬 有评论需分析数量: 50
2025-12-12 10:30:01 [INFO] :   🔍 实际分析处理数量: 50
2025-12-12 10:30:01 [INFO] :   ✅ 成功分析完成数量: 50
2025-12-12 10:30:01 [INFO] :   ❌ 分析失败数量: 0
2025-12-12 10:30:01 [INFO] :   ⏭️ 跳过处理数量: 0
2025-12-12 10:30:01 [INFO] :   📊 分析成功率: 100.0%
2025-12-12 10:30:01 [INFO] : ================================================================================
2025-12-12 10:30:01 [INFO] : ✅ 任务完成: SCHED_BATCH_ANALYSIS_20251212_103000_a5189883, 状态: completed, 耗时: 1秒
2025-12-12 10:30:01 [INFO] : ✅ 批量分析工作流完成: task_id=SCHED_BATCH_ANALYSIS_20251212_103000_a5189883
2025-12-12 10:30:01 [INFO] : ✅ 任务完成: SCHED_BATCH_ANALYSIS_20251212_103000_a5189883, 状态: completed, 耗时: 1秒
2025-12-12 10:30:01 [INFO] : ✅ APScheduler任务完成: SCHED_BATCH_ANALYSIS_20251212_103000_a5189883
2025-12-12 10:30:01 [INFO] : Job "客服记录分析任务 (trigger: cron[month='*', day='*', day_of_week='*', hour='*', minute='*/5'], next run at: 2025-12-12 10:35:00 CST)" executed successfully
2025-12-12 10:30:01 [INFO] : ✅ 任务执行完成: customer_service_analysis
2025-12-12 10:35:00 [INFO] : Running job "客服记录分析任务 (trigger: cron[month='*', day='*', day_of_week='*', hour='*', minute='*/5'], next run at: 2025-12-12 10:40:00 CST)" (scheduled at 2025-12-12 10:35:00+08:00)
2025-12-12 10:35:00 [INFO] : 🎯 APScheduler调用任务执行: customer_service_analysis
2025-12-12 10:35:00 [INFO] : ✅ 创建任务记录成功: SCHED_BATCH_ANALYSIS_20251212_103500_935479f5 (客服记录分析任务)
2025-12-12 10:35:00 [INFO] : 🚀 APScheduler任务开始: SCHED_BATCH_ANALYSIS_20251212_103500_935479f5
2025-12-12 10:35:00 [INFO] : 🚀 开始执行批量分析工作流: task_id=SCHED_BATCH_ANALYSIS_20251212_103500_935479f5
2025-12-12 10:35:00 [INFO] : ================================================================================
2025-12-12 10:35:00 [INFO] : 🚀 开始处理pending分析队列
2025-12-12 10:35:00 [INFO] : ⚙️ 配置参数: batch_size=50, max_concurrent=5
2025-12-12 10:35:00 [INFO] : 🔄 步骤1: 拉取pending工单数据开始...
2025-12-12 10:35:00 [INFO] : 📋 开始拉取pending工单数据，限制 50 条
2025-12-12 10:35:00 [INFO] : 📥 正在查询数据库中的PENDING状态工单...
2025-12-12 10:35:00 [INFO] : 获取到 50 个状态为 PENDING 的工单
2025-12-12 10:35:00 [INFO] : 📊 从数据库查询到 50 个PENDING工单
2025-12-12 10:35:00 [INFO] : 💬 开始处理 50 个工单的评论数据...
2025-12-12 10:35:00 [INFO] : 📋 处理工单 1949326081144127489 (1/50) - 评论表: t_work_comment_2025
2025-12-12 10:35:00 [INFO] : 从表 t_work_comment_2025 获取工单 1949326081144127489 的 4 条完整对话记录（包含客户和客服）
2025-12-12 10:35:00 [INFO] : 💭 工单 1949326081144127489 获取到 4 条原始评论
2025-12-12 10:35:00 [INFO] : 🔍 工单 1949326081144127489 开始去噪处理 4 条有效评论...
2025-12-12 10:35:00 [INFO] : 🔍 开始过滤评论，原始数量: 4
2025-12-12 10:35:00 [INFO] : ✅ 评论过滤完成:
2025-12-12 10:35:00 [INFO] :   📥 原始数量: 4
2025-12-12 10:35:00 [INFO] :   📤 过滤后数量: 4
2025-12-12 10:35:00 [INFO] :   🗑️ 移除数量: 0
2025-12-12 10:35:00 [INFO] :   📊 过滤率: 0.0%
2025-12-12 10:35:00 [INFO] : ✅ 创建批次记录: batch_20251212_103500_6d865a8f, 工单数: 1
2025-12-12 10:35:00 [INFO] : ✅ 更新批次统计: batch_20251212_103500_6d865a8f, 状态: COMPLETED
2025-12-12 10:35:00 [INFO] : ✅ 保存工单 1949326081144127489 去噪记录成功，批次: batch_20251212_103500_6d865a8f
2025-12-12 10:35:00 [INFO] : ✅ 工单 1949326081144127489 去噪完成: 4 -> 4 条评论
2025-12-12 10:35:00 [INFO] : 🧾 工单 1949326081144127489 首响开关: work_type=SETTLEMENT_OF_VERIFY, work_table_name=t_work_2025, is_after_sale=False, raw_comments=4, valid_comments=4
2025-12-12 10:35:00 [INFO] : ✅ 工单 1949326081144127489 有 4 条有效评论，构建完成对话数据
2025-12-12 10:35:00 [INFO] : 工单 1949326081144127489 AI状态更新为: PENDING
2025-12-12 10:35:00 [INFO] : 📋 处理工单 1949326973822042113 (2/50) - 评论表: t_work_comment_2025
2025-12-12 10:35:00 [INFO] : 从表 t_work_comment_2025 获取工单 1949326973822042113 的 4 条完整对话记录（包含客户和客服）
2025-12-12 10:35:00 [INFO] : 💭 工单 1949326973822042113 获取到 4 条原始评论
2025-12-12 10:35:00 [INFO] : 🔍 工单 1949326973822042113 开始去噪处理 4 条有效评论...
2025-12-12 10:35:00 [INFO] : 🔍 开始过滤评论，原始数量: 4
2025-12-12 10:35:00 [INFO] : ✅ 评论过滤完成:
2025-12-12 10:35:00 [INFO] :   📥 原始数量: 4
2025-12-12 10:35:00 [INFO] :   📤 过滤后数量: 4
2025-12-12 10:35:00 [INFO] :   🗑️ 移除数量: 0
2025-12-12 10:35:00 [INFO] :   📊 过滤率: 0.0%
2025-12-12 10:35:00 [INFO] : ✅ 创建批次记录: batch_20251212_103500_68aad71e, 工单数: 1
2025-12-12 10:35:00 [INFO] : ✅ 更新批次统计: batch_20251212_103500_68aad71e, 状态: COMPLETED
2025-12-12 10:35:00 [INFO] : ✅ 保存工单 1949326973822042113 去噪记录成功，批次: batch_20251212_103500_68aad71e
2025-12-12 10:35:00 [INFO] : ✅ 工单 1949326973822042113 去噪完成: 4 -> 4 条评论
2025-12-12 10:35:00 [INFO] : ⏳ 工单 1949326973822042113 首响计算开始，评论总数=4
2025-12-12 10:35:00 [INFO] : 👀 工单 1949326973822042113 评论巡检: id=1949326974065311744, user_type=EMPLOYEE, oper_raw=True, is_service=True, is_customer=False, create_time=2025-07-27 12:32:22
2025-12-12 10:35:00 [INFO] : 👀 工单 1949326973822042113 评论巡检: id=1949327021842628608, user_type=EMPLOYEE, oper_raw=True, is_service=True, is_customer=False, create_time=2025-07-27 12:32:33
2025-12-12 10:35:00 [INFO] : 👀 工单 1949326973822042113 评论巡检: id=1949328633503940608, user_type=EMPLOYEE, oper_raw=True, is_service=True, is_customer=False, create_time=2025-07-27 12:38:57
2025-12-12 10:35:00 [INFO] : 👀 工单 1949326973822042113 评论巡检: id=1949328653292666880, user_type=EMPLOYEE, oper_raw=True, is_service=True, is_customer=False, create_time=2025-07-27 12:39:02
2025-12-12 10:35:00 [INFO] : ⏱️ 工单 1949326973822042113 首响计算: first_customer_message_time=None, first_service_reply_time=None, response_seconds=None, threshold_seconds=120, is_timeout=False
2025-12-12 10:35:00 [INFO] : 🧾 工单 1949326973822042113 首响开关: work_type=AFTER_SALE, work_table_name=t_work_2025, is_after_sale=True, raw_comments=4, valid_comments=4
2025-12-12 10:35:00 [INFO] : ✅ 工单 1949326973822042113 有 4 条有效评论，构建完成对话数据
2025-12-12 10:35:00 [INFO] : 工单 1949326973822042113 AI状态更新为: PENDING
2025-12-12 10:35:00 [INFO] : 📋 处理工单 1949326848546570241 (3/50) - 评论表: t_work_comment_2025
2025-12-12 10:35:00 [INFO] : 从表 t_work_comment_2025 获取工单 1949326848546570241 的 5 条完整对话记录（包含客户和客服）
2025-12-12 10:35:00 [INFO] : 💭 工单 1949326848546570241 获取到 5 条原始评论
2025-12-12 10:35:00 [INFO] : 🔍 工单 1949326848546570241 开始去噪处理 5 条有效评论...
2025-12-12 10:35:00 [INFO] : 🔍 开始过滤评论，原始数量: 5
2025-12-12 10:35:00 [INFO] : ✅ 评论过滤完成:
2025-12-12 10:35:00 [INFO] :   📥 原始数量: 5
2025-12-12 10:35:00 [INFO] :   📤 过滤后数量: 5
2025-12-12 10:35:00 [INFO] :   🗑️ 移除数量: 0
2025-12-12 10:35:00 [INFO] :   📊 过滤率: 0.0%
2025-12-12 10:35:00 [INFO] : ✅ 创建批次记录: batch_20251212_103500_4fe4dc8e, 工单数: 1
2025-12-12 10:35:00 [INFO] : ✅ 更新批次统计: batch_20251212_103500_4fe4dc8e, 状态: COMPLETED
2025-12-12 10:35:00 [INFO] : ✅ 保存工单 1949326848546570241 去噪记录成功，批次: batch_20251212_103500_4fe4dc8e
2025-12-12 10:35:00 [INFO] : ✅ 工单 1949326848546570241 去噪完成: 5 -> 5 条评论
2025-12-12 10:35:00 [INFO] : 🧾 工单 1949326848546570241 首响开关: work_type=EXCHANGE, work_table_name=t_work_2025, is_after_sale=False, raw_comments=5, valid_comments=5
2025-12-12 10:35:00 [INFO] : ✅ 工单 1949326848546570241 有 5 条有效评论，构建完成对话数据
2025-12-12 10:35:00 [INFO] : 工单 1949326848546570241 AI状态更新为: PENDING
2025-12-12 10:35:00 [INFO] : 📋 处理工单 1949326726140002305 (4/50) - 评论表: t_work_comment_2025
2025-12-12 10:35:00 [INFO] : 从表 t_work_comment_2025 获取工单 1949326726140002305 的 4 条完整对话记录（包含客户和客服）
2025-12-12 10:35:00 [INFO] : 💭 工单 1949326726140002305 获取到 4 条原始评论
2025-12-12 10:35:00 [INFO] : 🔍 工单 1949326726140002305 开始去噪处理 4 条有效评论...
2025-12-12 10:35:00 [INFO] : 🔍 开始过滤评论，原始数量: 4
2025-12-12 10:35:00 [INFO] : ✅ 评论过滤完成:
2025-12-12 10:35:00 [INFO] :   📥 原始数量: 4
2025-12-12 10:35:00 [INFO] :   📤 过滤后数量: 4
2025-12-12 10:35:00 [INFO] :   🗑️ 移除数量: 0
2025-12-12 10:35:00 [INFO] :   📊 过滤率: 0.0%
2025-12-12 10:35:00 [INFO] : ✅ 创建批次记录: batch_20251212_103500_d8904dd3, 工单数: 1
2025-12-12 10:35:00 [INFO] : ✅ 更新批次统计: batch_20251212_103500_d8904dd3, 状态: COMPLETED
2025-12-12 10:35:00 [INFO] : ✅ 保存工单 1949326726140002305 去噪记录成功，批次: batch_20251212_103500_d8904dd3
2025-12-12 10:35:00 [INFO] : ✅ 工单 1949326726140002305 去噪完成: 4 -> 4 条评论
2025-12-12 10:35:00 [INFO] : 🧾 工单 1949326726140002305 首响开关: work_type=INVOICE, work_table_name=t_work_2025, is_after_sale=False, raw_comments=4, valid_comments=4
2025-12-12 10:35:00 [INFO] : ✅ 工单 1949326726140002305 有 4 条有效评论，构建完成对话数据
2025-12-12 10:35:00 [INFO] : 工单 1949326726140002305 AI状态更新为: PENDING
2025-12-12 10:35:00 [INFO] : 📋 处理工单 1949326713787777025 (5/50) - 评论表: t_work_comment_2025
2025-12-12 10:35:00 [INFO] : 从表 t_work_comment_2025 获取工单 1949326713787777025 的 10 条完整对话记录（包含客户和客服）
2025-12-12 10:35:00 [INFO] : 💭 工单 1949326713787777025 获取到 10 条原始评论
2025-12-12 10:35:00 [INFO] : 🔍 工单 1949326713787777025 开始去噪处理 7 条有效评论...
2025-12-12 10:35:00 [INFO] : 🔍 开始过滤评论，原始数量: 7
2025-12-12 10:35:00 [INFO] : ✅ 评论过滤完成:
2025-12-12 10:35:00 [INFO] :   📥 原始数量: 7
2025-12-12 10:35:00 [INFO] :   📤 过滤后数量: 7
2025-12-12 10:35:00 [INFO] :   🗑️ 移除数量: 0
2025-12-12 10:35:00 [INFO] :   📊 过滤率: 0.0%
2025-12-12 10:35:00 [INFO] : ✅ 创建批次记录: batch_20251212_103500_202d4dd8, 工单数: 1
2025-12-12 10:35:00 [INFO] : ✅ 更新批次统计: batch_20251212_103500_202d4dd8, 状态: COMPLETED
2025-12-12 10:35:00 [INFO] : ✅ 保存工单 1949326713787777025 去噪记录成功，批次: batch_20251212_103500_202d4dd8
2025-12-12 10:35:00 [INFO] : ✅ 工单 1949326713787777025 去噪完成: 7 -> 7 条评论
2025-12-12 10:35:00 [INFO] : ⏳ 工单 1949326713787777025 首响计算开始，评论总数=10
2025-12-12 10:35:00 [INFO] : 👀 工单 1949326713787777025 评论巡检: id=1949326714119127040, user_type=EMPLOYEE, oper_raw=True, is_service=True, is_customer=False, create_time=2025-07-27 12:31:20
2025-12-12 10:35:00 [INFO] : 👀 工单 1949326713787777025 评论巡检: id=1949326732125274112, user_type=EMPLOYEE, oper_raw=True, is_service=True, is_customer=False, create_time=2025-07-27 12:31:24
2025-12-12 10:35:00 [INFO] : 👀 工单 1949326713787777025 评论巡检: id=1949326878758141952, user_type=EMPLOYEE, oper_raw=True, is_service=True, is_customer=False, create_time=2025-07-27 12:31:59
2025-12-12 10:35:00 [INFO] : 👀 工单 1949326713787777025 评论巡检: id=1949670218980655104, user_type=EMPLOYEE, oper_raw=True, is_service=True, is_customer=False, create_time=2025-07-28 11:16:17
2025-12-12 10:35:00 [INFO] : 👀 工单 1949326713787777025 评论巡检: id=1949670330935017472, user_type=EMPLOYEE, oper_raw=True, is_service=True, is_customer=False, create_time=2025-07-28 11:16:44
2025-12-12 10:35:00 [INFO] : 👀 工单 1949326713787777025 评论巡检: id=1949671358484971520, user_type=EMPLOYEE, oper_raw=True, is_service=True, is_customer=False, create_time=2025-07-28 11:20:49
2025-12-12 10:35:00 [INFO] : 👀 工单 1949326713787777025 评论巡检: id=1949671634667307008, user_type=EMPLOYEE, oper_raw=True, is_service=True, is_customer=False, create_time=2025-07-28 11:21:55
2025-12-12 10:35:00 [INFO] : 👀 工单 1949326713787777025 评论巡检: id=1949671701595815936, user_type=EMPLOYEE, oper_raw=True, is_service=True, is_customer=False, create_time=2025-07-28 11:22:11
2025-12-12 10:35:00 [INFO] : 👀 工单 1949326713787777025 评论巡检: id=1949692541175595008, user_type=EMPLOYEE, oper_raw=True, is_service=True, is_customer=False, create_time=2025-07-28 12:45:00
2025-12-12 10:35:00 [INFO] : 👀 工单 1949326713787777025 评论巡检: id=1950843964743483392, user_type=EMPLOYEE, oper_raw=True, is_service=True, is_customer=False, create_time=2025-07-31 17:00:20
2025-12-12 10:35:00 [INFO] : ⏱️ 工单 1949326713787777025 首响计算: first_customer_message_time=None, first_service_reply_time=None, response_seconds=None, threshold_seconds=120, is_timeout=False
2025-12-12 10:35:00 [INFO] : 🧾 工单 1949326713787777025 首响开关: work_type=AFTER_SALE, work_table_name=t_work_2025, is_after_sale=True, raw_comments=10, valid_comments=7
2025-12-12 10:35:00 [INFO] : ✅ 工单 1949326713787777025 有 7 条有效评论，构建完成对话数据
2025-12-12 10:35:00 [INFO] : 工单 1949326713787777025 AI状态更新为: PENDING
2025-12-12 10:35:00 [INFO] : 📋 处理工单 1949326697132195841 (6/50) - 评论表: t_work_comment_2025
2025-12-12 10:35:00 [INFO] : 从表 t_work_comment_2025 获取工单 1949326697132195841 的 5 条完整对话记录（包含客户和客服）
2025-12-12 10:35:00 [INFO] : 💭 工单 1949326697132195841 获取到 5 条原始评论
2025-12-12 10:35:00 [INFO] : 🔍 工单 1949326697132195841 开始去噪处理 5 条有效评论...
2025-12-12 10:35:00 [INFO] : 🔍 开始过滤评论，原始数量: 5
2025-12-12 10:35:00 [INFO] : ✅ 评论过滤完成:
2025-12-12 10:35:00 [INFO] :   📥 原始数量: 5
2025-12-12 10:35:00 [INFO] :   📤 过滤后数量: 5
2025-12-12 10:35:00 [INFO] :   🗑️ 移除数量: 0
2025-12-12 10:35:00 [INFO] :   📊 过滤率: 0.0%
2025-12-12 10:35:00 [INFO] : ✅ 创建批次记录: batch_20251212_103500_7922f53a, 工单数: 1
2025-12-12 10:35:00 [INFO] : ✅ 更新批次统计: batch_20251212_103500_7922f53a, 状态: COMPLETED
2025-12-12 10:35:00 [INFO] : ✅ 保存工单 1949326697132195841 去噪记录成功，批次: batch_20251212_103500_7922f53a
2025-12-12 10:35:00 [INFO] : ✅ 工单 1949326697132195841 去噪完成: 5 -> 5 条评论
2025-12-12 10:35:00 [INFO] : 🧾 工单 1949326697132195841 首响开关: work_type=EXCHANGE, work_table_name=t_work_2025, is_after_sale=False, raw_comments=5, valid_comments=5
2025-12-12 10:35:00 [INFO] : ✅ 工单 1949326697132195841 有 5 条有效评论，构建完成对话数据
2025-12-12 10:35:00 [INFO] : 工单 1949326697132195841 AI状态更新为: PENDING
2025-12-12 10:35:00 [INFO] : 📋 处理工单 1949326695437697025 (7/50) - 评论表: t_work_comment_2025
2025-12-12 10:35:00 [INFO] : 从表 t_work_comment_2025 获取工单 1949326695437697025 的 4 条完整对话记录（包含客户和客服）
2025-12-12 10:35:00 [INFO] : 💭 工单 1949326695437697025 获取到 4 条原始评论
2025-12-12 10:35:00 [INFO] : 🔍 工单 1949326695437697025 开始去噪处理 4 条有效评论...
2025-12-12 10:35:00 [INFO] : 🔍 开始过滤评论，原始数量: 4
2025-12-12 10:35:00 [INFO] : ✅ 评论过滤完成:
2025-12-12 10:35:00 [INFO] :   📥 原始数量: 4
2025-12-12 10:35:00 [INFO] :   📤 过滤后数量: 4
2025-12-12 10:35:00 [INFO] :   🗑️ 移除数量: 0
2025-12-12 10:35:00 [INFO] :   📊 过滤率: 0.0%
2025-12-12 10:35:00 [INFO] : ✅ 创建批次记录: batch_20251212_103500_f7f06e54, 工单数: 1
2025-12-12 10:35:00 [INFO] : ✅ 更新批次统计: batch_20251212_103500_f7f06e54, 状态: COMPLETED
2025-12-12 10:35:00 [INFO] : ✅ 保存工单 1949326695437697025 去噪记录成功，批次: batch_20251212_103500_f7f06e54
2025-12-12 10:35:00 [INFO] : ✅ 工单 1949326695437697025 去噪完成: 4 -> 4 条评论
2025-12-12 10:35:00 [INFO] : ⏳ 工单 1949326695437697025 首响计算开始，评论总数=4
2025-12-12 10:35:00 [INFO] : 👀 工单 1949326695437697025 评论巡检: id=1949326695655800832, user_type=SELLER, oper_raw=True, is_service=False, is_customer=True, create_time=2025-07-27 12:31:15
2025-12-12 10:35:00 [INFO] : 🎯 工单 1949326695437697025 首条客户消息锁定: 2025-07-27 12:31:15
2025-12-12 10:35:00 [INFO] : 👀 工单 1949326695437697025 评论巡检: id=1949326734847377408, user_type=EMPLOYEE, oper_raw=True, is_service=True, is_customer=False, create_time=2025-07-27 12:31:24
2025-12-12 10:35:00 [INFO] : 🎯 工单 1949326695437697025 首条客服回复锁定: 2025-07-27 12:31:24
2025-12-12 10:35:00 [INFO] : ⏱️ 工单 1949326695437697025 首响计算: first_customer_message_time=2025-07-27 12:31:15, first_service_reply_time=2025-07-27 12:31:24, response_seconds=9, threshold_seconds=120, is_timeout=False
2025-12-12 10:35:00 [INFO] : 🧾 工单 1949326695437697025 首响开关: work_type=AFTER_SALE, work_table_name=t_work_2025, is_after_sale=True, raw_comments=4, valid_comments=4
2025-12-12 10:35:00 [INFO] : ✅ 工单 1949326695437697025 有 4 条有效评论，构建完成对话数据
2025-12-12 10:35:00 [INFO] : 工单 1949326695437697025 AI状态更新为: PENDING
2025-12-12 10:35:00 [INFO] : 📋 处理工单 1949326679914577921 (8/50) - 评论表: t_work_comment_2025
2025-12-12 10:35:00 [INFO] : 从表 t_work_comment_2025 获取工单 1949326679914577921 的 4 条完整对话记录（包含客户和客服）
2025-12-12 10:35:00 [INFO] : 💭 工单 1949326679914577921 获取到 4 条原始评论
2025-12-12 10:35:00 [INFO] : 🔍 工单 1949326679914577921 开始去噪处理 4 条有效评论...
2025-12-12 10:35:00 [INFO] : 🔍 开始过滤评论，原始数量: 4
2025-12-12 10:35:00 [INFO] : ✅ 评论过滤完成:
2025-12-12 10:35:00 [INFO] :   📥 原始数量: 4
2025-12-12 10:35:00 [INFO] :   📤 过滤后数量: 4
2025-12-12 10:35:00 [INFO] :   🗑️ 移除数量: 0
2025-12-12 10:35:00 [INFO] :   📊 过滤率: 0.0%
2025-12-12 10:35:00 [INFO] : ✅ 创建批次记录: batch_20251212_103500_b2ccda4e, 工单数: 1
2025-12-12 10:35:00 [INFO] : ✅ 更新批次统计: batch_20251212_103500_b2ccda4e, 状态: COMPLETED
2025-12-12 10:35:00 [INFO] : ✅ 保存工单 1949326679914577921 去噪记录成功，批次: batch_20251212_103500_b2ccda4e
2025-12-12 10:35:00 [INFO] : ✅ 工单 1949326679914577921 去噪完成: 4 -> 4 条评论
2025-12-12 10:35:00 [INFO] : ⏳ 工单 1949326679914577921 首响计算开始，评论总数=4
2025-12-12 10:35:00 [INFO] : 👀 工单 1949326679914577921 评论巡检: id=1949326680128487424, user_type=EMPLOYEE, oper_raw=True, is_service=True, is_customer=False, create_time=2025-07-27 12:31:11
2025-12-12 10:35:00 [INFO] : 👀 工单 1949326679914577921 评论巡检: id=1949327690485989376, user_type=EMPLOYEE, oper_raw=True, is_service=True, is_customer=False, create_time=2025-07-27 12:35:12
2025-12-12 10:35:00 [INFO] : 👀 工单 1949326679914577921 评论巡检: id=1949328351227281408, user_type=EMPLOYEE, oper_raw=True, is_service=True, is_customer=False, create_time=2025-07-27 12:37:50
2025-12-12 10:35:00 [INFO] : 👀 工单 1949326679914577921 评论巡检: id=1949384302340866048, user_type=EMPLOYEE, oper_raw=True, is_service=True, is_customer=False, create_time=2025-07-27 16:20:10
2025-12-12 10:35:00 [INFO] : ⏱️ 工单 1949326679914577921 首响计算: first_customer_message_time=None, first_service_reply_time=None, response_seconds=None, threshold_seconds=120, is_timeout=False
2025-12-12 10:35:00 [INFO] : 🧾 工单 1949326679914577921 首响开关: work_type=AFTER_SALE, work_table_name=t_work_2025, is_after_sale=True, raw_comments=4, valid_comments=4
2025-12-12 10:35:00 [INFO] : ✅ 工单 1949326679914577921 有 4 条有效评论，构建完成对话数据
2025-12-12 10:35:00 [INFO] : 工单 1949326679914577921 AI状态更新为: PENDING
2025-12-12 10:35:00 [INFO] : 📋 处理工单 1949326679394484225 (9/50) - 评论表: t_work_comment_2025
2025-12-12 10:35:00 [INFO] : 从表 t_work_comment_2025 获取工单 1949326679394484225 的 4 条完整对话记录（包含客户和客服）
2025-12-12 10:35:00 [INFO] : 💭 工单 1949326679394484225 获取到 4 条原始评论
2025-12-12 10:35:00 [INFO] : 🔍 工单 1949326679394484225 开始去噪处理 4 条有效评论...
2025-12-12 10:35:00 [INFO] : 🔍 开始过滤评论，原始数量: 4
2025-12-12 10:35:00 [INFO] : ✅ 评论过滤完成:
2025-12-12 10:35:00 [INFO] :   📥 原始数量: 4
2025-12-12 10:35:00 [INFO] :   📤 过滤后数量: 4
2025-12-12 10:35:00 [INFO] :   🗑️ 移除数量: 0
2025-12-12 10:35:00 [INFO] :   📊 过滤率: 0.0%
2025-12-12 10:35:00 [INFO] : ✅ 创建批次记录: batch_20251212_103500_1b1d53f5, 工单数: 1
2025-12-12 10:35:00 [INFO] : ✅ 更新批次统计: batch_20251212_103500_1b1d53f5, 状态: COMPLETED
2025-12-12 10:35:00 [INFO] : ✅ 保存工单 1949326679394484225 去噪记录成功，批次: batch_20251212_103500_1b1d53f5
2025-12-12 10:35:00 [INFO] : ✅ 工单 1949326679394484225 去噪完成: 4 -> 4 条评论
2025-12-12 10:35:00 [INFO] : 🧾 工单 1949326679394484225 首响开关: work_type=REPAIR_CHU_JIU, work_table_name=t_work_2025, is_after_sale=False, raw_comments=4, valid_comments=4
2025-12-12 10:35:00 [INFO] : ✅ 工单 1949326679394484225 有 4 条有效评论，构建完成对话数据
2025-12-12 10:35:00 [INFO] : 工单 1949326679394484225 AI状态更新为: PENDING
2025-12-12 10:35:00 [INFO] : 📋 处理工单 1949326611706806272 (10/50) - 评论表: t_work_comment_2025
2025-12-12 10:35:00 [INFO] : 从表 t_work_comment_2025 获取工单 1949326611706806272 的 3 条完整对话记录（包含客户和客服）
2025-12-12 10:35:00 [INFO] : 💭 工单 1949326611706806272 获取到 3 条原始评论
2025-12-12 10:35:00 [INFO] : 🔍 工单 1949326611706806272 开始去噪处理 3 条有效评论...
2025-12-12 10:35:00 [INFO] : 🔍 开始过滤评论，原始数量: 3
2025-12-12 10:35:00 [INFO] : ✅ 评论过滤完成:
2025-12-12 10:35:00 [INFO] :   📥 原始数量: 3
2025-12-12 10:35:00 [INFO] :   📤 过滤后数量: 3
2025-12-12 10:35:00 [INFO] :   🗑️ 移除数量: 0
2025-12-12 10:35:00 [INFO] :   📊 过滤率: 0.0%
2025-12-12 10:35:00 [INFO] : ✅ 创建批次记录: batch_20251212_103500_da576073, 工单数: 1
2025-12-12 10:35:00 [INFO] : ✅ 更新批次统计: batch_20251212_103500_da576073, 状态: COMPLETED
2025-12-12 10:35:00 [INFO] : ✅ 保存工单 1949326611706806272 去噪记录成功，批次: batch_20251212_103500_da576073
2025-12-12 10:35:00 [INFO] : ✅ 工单 1949326611706806272 去噪完成: 3 -> 3 条评论
2025-12-12 10:35:00 [INFO] : 🧾 工单 1949326611706806272 首响开关: work_type=URGE_INSTALL, work_table_name=t_work_2025, is_after_sale=False, raw_comments=3, valid_comments=3
2025-12-12 10:35:00 [INFO] : ✅ 工单 1949326611706806272 有 3 条有效评论，构建完成对话数据
2025-12-12 10:35:00 [INFO] : 工单 1949326611706806272 AI状态更新为: PENDING
2025-12-12 10:35:00 [INFO] : 📋 处理工单 1949326515707576321 (11/50) - 评论表: t_work_comment_2025
2025-12-12 10:35:00 [INFO] : 从表 t_work_comment_2025 获取工单 1949326515707576321 的 8 条完整对话记录（包含客户和客服）
2025-12-12 10:35:00 [INFO] : 💭 工单 1949326515707576321 获取到 8 条原始评论
2025-12-12 10:35:00 [INFO] : 🔍 工单 1949326515707576321 开始去噪处理 5 条有效评论...
2025-12-12 10:35:00 [INFO] : 🔍 开始过滤评论，原始数量: 5
2025-12-12 10:35:00 [INFO] : ✅ 评论过滤完成:
2025-12-12 10:35:00 [INFO] :   📥 原始数量: 5
2025-12-12 10:35:00 [INFO] :   📤 过滤后数量: 5
2025-12-12 10:35:00 [INFO] :   🗑️ 移除数量: 0
2025-12-12 10:35:00 [INFO] :   📊 过滤率: 0.0%
2025-12-12 10:35:00 [INFO] : ✅ 创建批次记录: batch_20251212_103500_e58fd948, 工单数: 1
2025-12-12 10:35:00 [INFO] : ✅ 更新批次统计: batch_20251212_103500_e58fd948, 状态: COMPLETED
2025-12-12 10:35:00 [INFO] : ✅ 保存工单 1949326515707576321 去噪记录成功，批次: batch_20251212_103500_e58fd948
2025-12-12 10:35:00 [INFO] : ✅ 工单 1949326515707576321 去噪完成: 5 -> 5 条评论
2025-12-12 10:35:00 [INFO] : ⏳ 工单 1949326515707576321 首响计算开始，评论总数=8
2025-12-12 10:35:00 [INFO] : 👀 工单 1949326515707576321 评论巡检: id=1949326515921485824, user_type=EMPLOYEE, oper_raw=True, is_service=True, is_customer=False, create_time=2025-07-27 12:30:32
2025-12-12 10:35:00 [INFO] : 👀 工单 1949326515707576321 评论巡检: id=1949326566383157248, user_type=EMPLOYEE, oper_raw=True, is_service=True, is_customer=False, create_time=2025-07-27 12:30:44
2025-12-12 10:35:00 [INFO] : 👀 工单 1949326515707576321 评论巡检: id=1949327366287261696, user_type=EMPLOYEE, oper_raw=True, is_service=True, is_customer=False, create_time=2025-07-27 12:33:55
2025-12-12 10:35:00 [INFO] : 👀 工单 1949326515707576321 评论巡检: id=1949336068511760384, user_type=EMPLOYEE, oper_raw=True, is_service=True, is_customer=False, create_time=2025-07-27 13:08:30
2025-12-12 10:35:00 [INFO] : 👀 工单 1949326515707576321 评论巡检: id=1949342851259170816, user_type=EMPLOYEE, oper_raw=True, is_service=True, is_customer=False, create_time=2025-07-27 13:35:27
2025-12-12 10:35:00 [INFO] : 👀 工单 1949326515707576321 评论巡检: id=1949343566639661056, user_type=EMPLOYEE, oper_raw=True, is_service=True, is_customer=False, create_time=2025-07-27 13:38:17
2025-12-12 10:35:00 [INFO] : 👀 工单 1949326515707576321 评论巡检: id=1949347693788659712, user_type=EMPLOYEE, oper_raw=True, is_service=True, is_customer=False, create_time=2025-07-27 13:54:41
2025-12-12 10:35:00 [INFO] : 👀 工单 1949326515707576321 评论巡检: id=1949347715661955072, user_type=EMPLOYEE, oper_raw=True, is_service=True, is_customer=False, create_time=2025-07-27 13:54:47
2025-12-12 10:35:00 [INFO] : ⏱️ 工单 1949326515707576321 首响计算: first_customer_message_time=None, first_service_reply_time=None, response_seconds=None, threshold_seconds=120, is_timeout=False
2025-12-12 10:35:00 [INFO] : 🧾 工单 1949326515707576321 首响开关: work_type=AFTER_SALE, work_table_name=t_work_2025, is_after_sale=True, raw_comments=8, valid_comments=5
2025-12-12 10:35:00 [INFO] : ✅ 工单 1949326515707576321 有 5 条有效评论，构建完成对话数据
2025-12-12 10:35:00 [INFO] : 工单 1949326515707576321 AI状态更新为: PENDING
2025-12-12 10:35:00 [INFO] : 📋 处理工单 1949326380105728001 (12/50) - 评论表: t_work_comment_2025
2025-12-12 10:35:00 [INFO] : 从表 t_work_comment_2025 获取工单 1949326380105728001 的 4 条完整对话记录（包含客户和客服）
2025-12-12 10:35:00 [INFO] : 💭 工单 1949326380105728001 获取到 4 条原始评论
2025-12-12 10:35:00 [INFO] : 🔍 工单 1949326380105728001 开始去噪处理 4 条有效评论...
2025-12-12 10:35:00 [INFO] : 🔍 开始过滤评论，原始数量: 4
2025-12-12 10:35:00 [INFO] : ✅ 评论过滤完成:
2025-12-12 10:35:00 [INFO] :   📥 原始数量: 4
2025-12-12 10:35:00 [INFO] :   📤 过滤后数量: 4
2025-12-12 10:35:00 [INFO] :   🗑️ 移除数量: 0
2025-12-12 10:35:00 [INFO] :   📊 过滤率: 0.0%
2025-12-12 10:35:00 [INFO] : ✅ 创建批次记录: batch_20251212_103500_6bb7158d, 工单数: 1
2025-12-12 10:35:00 [INFO] : ✅ 更新批次统计: batch_20251212_103500_6bb7158d, 状态: COMPLETED
2025-12-12 10:35:00 [INFO] : ✅ 保存工单 1949326380105728001 去噪记录成功，批次: batch_20251212_103500_6bb7158d
2025-12-12 10:35:00 [INFO] : ✅ 工单 1949326380105728001 去噪完成: 4 -> 4 条评论
2025-12-12 10:35:00 [INFO] : ⏳ 工单 1949326380105728001 首响计算开始，评论总数=4
2025-12-12 10:35:00 [INFO] : 👀 工单 1949326380105728001 评论巡检: id=1949326380428689408, user_type=SELLER, oper_raw=True, is_service=False, is_customer=True, create_time=2025-07-27 12:30:00
2025-12-12 10:35:00 [INFO] : 🎯 工单 1949326380105728001 首条客户消息锁定: 2025-07-27 12:30:00
2025-12-12 10:35:00 [INFO] : 👀 工单 1949326380105728001 评论巡检: id=1949326402285207552, user_type=EMPLOYEE, oper_raw=True, is_service=True, is_customer=False, create_time=2025-07-27 12:30:05
2025-12-12 10:35:00 [INFO] : 🎯 工单 1949326380105728001 首条客服回复锁定: 2025-07-27 12:30:05
2025-12-12 10:35:00 [INFO] : ⏱️ 工单 1949326380105728001 首响计算: first_customer_message_time=2025-07-27 12:30:00, first_service_reply_time=2025-07-27 12:30:05, response_seconds=5, threshold_seconds=120, is_timeout=False
2025-12-12 10:35:00 [INFO] : 🧾 工单 1949326380105728001 首响开关: work_type=AFTER_SALE, work_table_name=t_work_2025, is_after_sale=True, raw_comments=4, valid_comments=4
2025-12-12 10:35:00 [INFO] : ✅ 工单 1949326380105728001 有 4 条有效评论，构建完成对话数据
2025-12-12 10:35:00 [INFO] : 工单 1949326380105728001 AI状态更新为: PENDING
2025-12-12 10:35:00 [INFO] : 📋 处理工单 1949326256264708097 (13/50) - 评论表: t_work_comment_2025
2025-12-12 10:35:00 [INFO] : 从表 t_work_comment_2025 获取工单 1949326256264708097 的 7 条完整对话记录（包含客户和客服）
2025-12-12 10:35:00 [INFO] : 💭 工单 1949326256264708097 获取到 7 条原始评论
2025-12-12 10:35:00 [INFO] : 🔍 工单 1949326256264708097 开始去噪处理 6 条有效评论...
2025-12-12 10:35:00 [INFO] : 🔍 开始过滤评论，原始数量: 6
2025-12-12 10:35:00 [INFO] : ✅ 评论过滤完成:
2025-12-12 10:35:00 [INFO] :   📥 原始数量: 6
2025-12-12 10:35:00 [INFO] :   📤 过滤后数量: 6
2025-12-12 10:35:00 [INFO] :   🗑️ 移除数量: 0
2025-12-12 10:35:00 [INFO] :   📊 过滤率: 0.0%
2025-12-12 10:35:00 [INFO] : ✅ 创建批次记录: batch_20251212_103500_ce8c4562, 工单数: 1
2025-12-12 10:35:00 [INFO] : ✅ 更新批次统计: batch_20251212_103500_ce8c4562, 状态: COMPLETED
2025-12-12 10:35:00 [INFO] : ✅ 保存工单 1949326256264708097 去噪记录成功，批次: batch_20251212_103500_ce8c4562
2025-12-12 10:35:00 [INFO] : ✅ 工单 1949326256264708097 去噪完成: 6 -> 6 条评论
2025-12-12 10:35:00 [INFO] : ⏳ 工单 1949326256264708097 首响计算开始，评论总数=7
2025-12-12 10:35:00 [INFO] : 👀 工单 1949326256264708097 评论巡检: id=1949326256478617600, user_type=SELLER, oper_raw=True, is_service=False, is_customer=True, create_time=2025-07-27 12:29:30
2025-12-12 10:35:00 [INFO] : 🎯 工单 1949326256264708097 首条客户消息锁定: 2025-07-27 12:29:30
2025-12-12 10:35:00 [INFO] : 👀 工单 1949326256264708097 评论巡检: id=1949326391212244992, user_type=EMPLOYEE, oper_raw=True, is_service=True, is_customer=False, create_time=2025-07-27 12:30:03
2025-12-12 10:35:00 [INFO] : 🎯 工单 1949326256264708097 首条客服回复锁定: 2025-07-27 12:30:03
2025-12-12 10:35:00 [INFO] : ⏱️ 工单 1949326256264708097 首响计算: first_customer_message_time=2025-07-27 12:29:30, first_service_reply_time=2025-07-27 12:30:03, response_seconds=33, threshold_seconds=120, is_timeout=False
2025-12-12 10:35:00 [INFO] : 🧾 工单 1949326256264708097 首响开关: work_type=AFTER_SALE, work_table_name=t_work_2025, is_after_sale=True, raw_comments=7, valid_comments=6
2025-12-12 10:35:00 [INFO] : ✅ 工单 1949326256264708097 有 6 条有效评论，构建完成对话数据
2025-12-12 10:35:00 [INFO] : 工单 1949326256264708097 AI状态更新为: PENDING
2025-12-12 10:35:00 [INFO] : 📋 处理工单 1949328277248147457 (14/50) - 评论表: t_work_comment_2025
2025-12-12 10:35:00 [INFO] : 从表 t_work_comment_2025 获取工单 1949328277248147457 的 8 条完整对话记录（包含客户和客服）
2025-12-12 10:35:00 [INFO] : 💭 工单 1949328277248147457 获取到 8 条原始评论
2025-12-12 10:35:00 [INFO] : 🔍 工单 1949328277248147457 开始去噪处理 6 条有效评论...
2025-12-12 10:35:00 [INFO] : 🔍 开始过滤评论，原始数量: 6
2025-12-12 10:35:00 [INFO] : ✅ 评论过滤完成:
2025-12-12 10:35:00 [INFO] :   📥 原始数量: 6
2025-12-12 10:35:00 [INFO] :   📤 过滤后数量: 6
2025-12-12 10:35:00 [INFO] :   🗑️ 移除数量: 0
2025-12-12 10:35:00 [INFO] :   📊 过滤率: 0.0%
2025-12-12 10:35:00 [INFO] : ✅ 创建批次记录: batch_20251212_103500_3f8c84e7, 工单数: 1
2025-12-12 10:35:00 [INFO] : ✅ 更新批次统计: batch_20251212_103500_3f8c84e7, 状态: COMPLETED
2025-12-12 10:35:00 [INFO] : ✅ 保存工单 1949328277248147457 去噪记录成功，批次: batch_20251212_103500_3f8c84e7
2025-12-12 10:35:00 [INFO] : ✅ 工单 1949328277248147457 去噪完成: 6 -> 6 条评论
2025-12-12 10:35:00 [INFO] : ⏳ 工单 1949328277248147457 首响计算开始，评论总数=8
2025-12-12 10:35:00 [INFO] : 👀 工单 1949328277248147457 评论巡检: id=1949328277462056960, user_type=EMPLOYEE, oper_raw=True, is_service=True, is_customer=False, create_time=2025-07-27 12:37:32
2025-12-12 10:35:00 [INFO] : 👀 工单 1949328277248147457 评论巡检: id=1949328298840424448, user_type=EMPLOYEE, oper_raw=True, is_service=True, is_customer=False, create_time=2025-07-27 12:37:37
2025-12-12 10:35:00 [INFO] : 👀 工单 1949328277248147457 评论巡检: id=1949328641510866944, user_type=EMPLOYEE, oper_raw=True, is_service=True, is_customer=False, create_time=2025-07-27 12:38:59
2025-12-12 10:35:00 [INFO] : 👀 工单 1949328277248147457 评论巡检: id=1949328716207226880, user_type=EMPLOYEE, oper_raw=True, is_service=True, is_customer=False, create_time=2025-07-27 12:39:17
2025-12-12 10:35:00 [INFO] : 👀 工单 1949328277248147457 评论巡检: id=1949329167170404352, user_type=EMPLOYEE, oper_raw=True, is_service=True, is_customer=False, create_time=2025-07-27 12:41:04
2025-12-12 10:35:00 [INFO] : 👀 工单 1949328277248147457 评论巡检: id=1949329194194305024, user_type=EMPLOYEE, oper_raw=True, is_service=True, is_customer=False, create_time=2025-07-27 12:41:11
2025-12-12 10:35:00 [INFO] : 👀 工单 1949328277248147457 评论巡检: id=1949329564710731776, user_type=EMPLOYEE, oper_raw=True, is_service=True, is_customer=False, create_time=2025-07-27 12:42:39
2025-12-12 10:35:00 [INFO] : 👀 工单 1949328277248147457 评论巡检: id=1951145209567903744, user_type=EMPLOYEE, oper_raw=True, is_service=True, is_customer=False, create_time=2025-08-01 12:57:23
2025-12-12 10:35:00 [INFO] : ⏱️ 工单 1949328277248147457 首响计算: first_customer_message_time=None, first_service_reply_time=None, response_seconds=None, threshold_seconds=120, is_timeout=False
2025-12-12 10:35:00 [INFO] : 🧾 工单 1949328277248147457 首响开关: work_type=AFTER_SALE, work_table_name=t_work_2025, is_after_sale=True, raw_comments=8, valid_comments=6
2025-12-12 10:35:00 [INFO] : ✅ 工单 1949328277248147457 有 6 条有效评论，构建完成对话数据
2025-12-12 10:35:00 [INFO] : 工单 1949328277248147457 AI状态更新为: PENDING
2025-12-12 10:35:00 [INFO] : 📋 处理工单 1949326060730449921 (15/50) - 评论表: t_work_comment_2025
2025-12-12 10:35:00 [INFO] : 从表 t_work_comment_2025 获取工单 1949326060730449921 的 7 条完整对话记录（包含客户和客服）
2025-12-12 10:35:00 [INFO] : 💭 工单 1949326060730449921 获取到 7 条原始评论
2025-12-12 10:35:00 [INFO] : 🔍 工单 1949326060730449921 开始去噪处理 6 条有效评论...
2025-12-12 10:35:00 [INFO] : 🔍 开始过滤评论，原始数量: 6
2025-12-12 10:35:00 [INFO] : ✅ 评论过滤完成:
2025-12-12 10:35:00 [INFO] :   📥 原始数量: 6
2025-12-12 10:35:00 [INFO] :   📤 过滤后数量: 6
2025-12-12 10:35:00 [INFO] :   🗑️ 移除数量: 0
2025-12-12 10:35:00 [INFO] :   📊 过滤率: 0.0%
2025-12-12 10:35:00 [INFO] : ✅ 创建批次记录: batch_20251212_103500_35d627f0, 工单数: 1
2025-12-12 10:35:00 [INFO] : ✅ 更新批次统计: batch_20251212_103500_35d627f0, 状态: COMPLETED
2025-12-12 10:35:00 [INFO] : ✅ 保存工单 1949326060730449921 去噪记录成功，批次: batch_20251212_103500_35d627f0
2025-12-12 10:35:00 [INFO] : ✅ 工单 1949326060730449921 去噪完成: 6 -> 6 条评论
2025-12-12 10:35:00 [INFO] : 🧾 工单 1949326060730449921 首响开关: work_type=REPAIR_CHU_JIU, work_table_name=t_work_2025, is_after_sale=False, raw_comments=7, valid_comments=6
2025-12-12 10:35:00 [INFO] : ✅ 工单 1949326060730449921 有 6 条有效评论，构建完成对话数据
2025-12-12 10:35:00 [INFO] : 工单 1949326060730449921 AI状态更新为: PENDING
2025-12-12 10:35:00 [INFO] : 📋 处理工单 1949325998331789313 (16/50) - 评论表: t_work_comment_2025
2025-12-12 10:35:00 [INFO] : 从表 t_work_comment_2025 获取工单 1949325998331789313 的 4 条完整对话记录（包含客户和客服）
2025-12-12 10:35:00 [INFO] : 💭 工单 1949325998331789313 获取到 4 条原始评论
2025-12-12 10:35:00 [INFO] : 🔍 工单 1949325998331789313 开始去噪处理 4 条有效评论...
2025-12-12 10:35:00 [INFO] : 🔍 开始过滤评论，原始数量: 4
2025-12-12 10:35:00 [INFO] : ✅ 评论过滤完成:
2025-12-12 10:35:00 [INFO] :   📥 原始数量: 4
2025-12-12 10:35:00 [INFO] :   📤 过滤后数量: 4
2025-12-12 10:35:00 [INFO] :   🗑️ 移除数量: 0
2025-12-12 10:35:00 [INFO] :   📊 过滤率: 0.0%
2025-12-12 10:35:00 [INFO] : ✅ 创建批次记录: batch_20251212_103500_f75adba8, 工单数: 1
2025-12-12 10:35:00 [INFO] : ✅ 更新批次统计: batch_20251212_103500_f75adba8, 状态: COMPLETED
2025-12-12 10:35:00 [INFO] : ✅ 保存工单 1949325998331789313 去噪记录成功，批次: batch_20251212_103500_f75adba8
2025-12-12 10:35:00 [INFO] : ✅ 工单 1949325998331789313 去噪完成: 4 -> 4 条评论
2025-12-12 10:35:00 [INFO] : ⏳ 工单 1949325998331789313 首响计算开始，评论总数=4
2025-12-12 10:35:00 [INFO] : 👀 工单 1949325998331789313 评论巡检: id=1949325998554087424, user_type=EMPLOYEE, oper_raw=True, is_service=True, is_customer=False, create_time=2025-07-27 12:28:29
2025-12-12 10:35:00 [INFO] : 👀 工单 1949325998331789313 评论巡检: id=1949326027129880576, user_type=EMPLOYEE, oper_raw=True, is_service=True, is_customer=False, create_time=2025-07-27 12:28:36
2025-12-12 10:35:00 [INFO] : 👀 工单 1949325998331789313 评论巡检: id=1949326749976231936, user_type=EMPLOYEE, oper_raw=True, is_service=True, is_customer=False, create_time=2025-07-27 12:31:28
2025-12-12 10:35:00 [INFO] : 👀 工单 1949325998331789313 评论巡检: id=1949404291873636352, user_type=EMPLOYEE, oper_raw=True, is_service=True, is_customer=False, create_time=2025-07-27 17:39:36
2025-12-12 10:35:00 [INFO] : ⏱️ 工单 1949325998331789313 首响计算: first_customer_message_time=None, first_service_reply_time=None, response_seconds=None, threshold_seconds=120, is_timeout=False
2025-12-12 10:35:00 [INFO] : 🧾 工单 1949325998331789313 首响开关: work_type=AFTER_SALE, work_table_name=t_work_2025, is_after_sale=True, raw_comments=4, valid_comments=4
2025-12-12 10:35:00 [INFO] : ✅ 工单 1949325998331789313 有 4 条有效评论，构建完成对话数据
2025-12-12 10:35:00 [INFO] : 工单 1949325998331789313 AI状态更新为: PENDING
2025-12-12 10:35:00 [INFO] : 📋 处理工单 1949325736158429185 (17/50) - 评论表: t_work_comment_2025
2025-12-12 10:35:00 [INFO] : 从表 t_work_comment_2025 获取工单 1949325736158429185 的 5 条完整对话记录（包含客户和客服）
2025-12-12 10:35:00 [INFO] : 💭 工单 1949325736158429185 获取到 5 条原始评论
2025-12-12 10:35:00 [INFO] : 🔍 工单 1949325736158429185 开始去噪处理 5 条有效评论...
2025-12-12 10:35:00 [INFO] : 🔍 开始过滤评论，原始数量: 5
2025-12-12 10:35:00 [INFO] : ✅ 评论过滤完成:
2025-12-12 10:35:00 [INFO] :   📥 原始数量: 5
2025-12-12 10:35:00 [INFO] :   📤 过滤后数量: 5
2025-12-12 10:35:00 [INFO] :   🗑️ 移除数量: 0
2025-12-12 10:35:00 [INFO] :   📊 过滤率: 0.0%
2025-12-12 10:35:00 [INFO] : ✅ 创建批次记录: batch_20251212_103500_74663cb3, 工单数: 1
2025-12-12 10:35:00 [INFO] : ✅ 更新批次统计: batch_20251212_103500_74663cb3, 状态: COMPLETED
2025-12-12 10:35:00 [INFO] : ✅ 保存工单 1949325736158429185 去噪记录成功，批次: batch_20251212_103500_74663cb3
2025-12-12 10:35:00 [INFO] : ✅ 工单 1949325736158429185 去噪完成: 5 -> 5 条评论
2025-12-12 10:35:00 [INFO] : 🧾 工单 1949325736158429185 首响开关: work_type=ADD_WECHAT, work_table_name=t_work_2025, is_after_sale=False, raw_comments=5, valid_comments=5
2025-12-12 10:35:00 [INFO] : ✅ 工单 1949325736158429185 有 5 条有效评论，构建完成对话数据
2025-12-12 10:35:00 [INFO] : 工单 1949325736158429185 AI状态更新为: PENDING
2025-12-12 10:35:00 [INFO] : 📋 处理工单 1949325712607412225 (18/50) - 评论表: t_work_comment_2025
2025-12-12 10:35:00 [INFO] : 从表 t_work_comment_2025 获取工单 1949325712607412225 的 4 条完整对话记录（包含客户和客服）
2025-12-12 10:35:00 [INFO] : 💭 工单 1949325712607412225 获取到 4 条原始评论
2025-12-12 10:35:00 [INFO] : 🔍 工单 1949325712607412225 开始去噪处理 4 条有效评论...
2025-12-12 10:35:00 [INFO] : 🔍 开始过滤评论，原始数量: 4
2025-12-12 10:35:00 [INFO] : ✅ 评论过滤完成:
2025-12-12 10:35:00 [INFO] :   📥 原始数量: 4
2025-12-12 10:35:00 [INFO] :   📤 过滤后数量: 4
2025-12-12 10:35:00 [INFO] :   🗑️ 移除数量: 0
2025-12-12 10:35:00 [INFO] :   📊 过滤率: 0.0%
2025-12-12 10:35:00 [INFO] : ✅ 创建批次记录: batch_20251212_103500_87b66eaf, 工单数: 1
2025-12-12 10:35:00 [INFO] : ✅ 更新批次统计: batch_20251212_103500_87b66eaf, 状态: COMPLETED
2025-12-12 10:35:00 [INFO] : ✅ 保存工单 1949325712607412225 去噪记录成功，批次: batch_20251212_103500_87b66eaf
2025-12-12 10:35:00 [INFO] : ✅ 工单 1949325712607412225 去噪完成: 4 -> 4 条评论
2025-12-12 10:35:00 [INFO] : 🧾 工单 1949325712607412225 首响开关: work_type=EXCHANGE, work_table_name=t_work_2025, is_after_sale=False, raw_comments=4, valid_comments=4
2025-12-12 10:35:00 [INFO] : ✅ 工单 1949325712607412225 有 4 条有效评论，构建完成对话数据
2025-12-12 10:35:00 [INFO] : 工单 1949325712607412225 AI状态更新为: PENDING
2025-12-12 10:35:00 [INFO] : 📋 处理工单 1949325585465475073 (19/50) - 评论表: t_work_comment_2025
2025-12-12 10:35:00 [INFO] : 从表 t_work_comment_2025 获取工单 1949325585465475073 的 4 条完整对话记录（包含客户和客服）
2025-12-12 10:35:00 [INFO] : 💭 工单 1949325585465475073 获取到 4 条原始评论
2025-12-12 10:35:00 [INFO] : 🔍 工单 1949325585465475073 开始去噪处理 4 条有效评论...
2025-12-12 10:35:00 [INFO] : 🔍 开始过滤评论，原始数量: 4
2025-12-12 10:35:00 [INFO] : ✅ 评论过滤完成:
2025-12-12 10:35:00 [INFO] :   📥 原始数量: 4
2025-12-12 10:35:00 [INFO] :   📤 过滤后数量: 4
2025-12-12 10:35:00 [INFO] :   🗑️ 移除数量: 0
2025-12-12 10:35:00 [INFO] :   📊 过滤率: 0.0%
2025-12-12 10:35:00 [INFO] : ✅ 创建批次记录: batch_20251212_103500_e26efb81, 工单数: 1
2025-12-12 10:35:00 [INFO] : ✅ 更新批次统计: batch_20251212_103500_e26efb81, 状态: COMPLETED
2025-12-12 10:35:00 [INFO] : ✅ 保存工单 1949325585465475073 去噪记录成功，批次: batch_20251212_103500_e26efb81
2025-12-12 10:35:00 [INFO] : ✅ 工单 1949325585465475073 去噪完成: 4 -> 4 条评论
2025-12-12 10:35:00 [INFO] : 🧾 工单 1949325585465475073 首响开关: work_type=URGE_INSTALL, work_table_name=t_work_2025, is_after_sale=False, raw_comments=4, valid_comments=4
2025-12-12 10:35:00 [INFO] : ✅ 工单 1949325585465475073 有 4 条有效评论，构建完成对话数据
2025-12-12 10:35:00 [INFO] : 工单 1949325585465475073 AI状态更新为: PENDING
2025-12-12 10:35:00 [INFO] : 📋 处理工单 1949325569556480000 (20/50) - 评论表: t_work_comment_2025
2025-12-12 10:35:00 [INFO] : 从表 t_work_comment_2025 获取工单 1949325569556480000 的 4 条完整对话记录（包含客户和客服）
2025-12-12 10:35:00 [INFO] : 💭 工单 1949325569556480000 获取到 4 条原始评论
2025-12-12 10:35:00 [INFO] : 🔍 工单 1949325569556480000 开始去噪处理 4 条有效评论...
2025-12-12 10:35:00 [INFO] : 🔍 开始过滤评论，原始数量: 4
2025-12-12 10:35:00 [INFO] : ✅ 评论过滤完成:
2025-12-12 10:35:00 [INFO] :   📥 原始数量: 4
2025-12-12 10:35:00 [INFO] :   📤 过滤后数量: 4
2025-12-12 10:35:00 [INFO] :   🗑️ 移除数量: 0
2025-12-12 10:35:00 [INFO] :   📊 过滤率: 0.0%
2025-12-12 10:35:00 [INFO] : ✅ 创建批次记录: batch_20251212_103500_cecede7b, 工单数: 1
2025-12-12 10:35:00 [INFO] : ✅ 更新批次统计: batch_20251212_103500_cecede7b, 状态: COMPLETED
2025-12-12 10:35:00 [INFO] : ✅ 保存工单 1949325569556480000 去噪记录成功，批次: batch_20251212_103500_cecede7b
2025-12-12 10:35:00 [INFO] : ✅ 工单 1949325569556480000 去噪完成: 4 -> 4 条评论
2025-12-12 10:35:00 [INFO] : 🧾 工单 1949325569556480000 首响开关: work_type=URGE_INSTALL, work_table_name=t_work_2025, is_after_sale=False, raw_comments=4, valid_comments=4
2025-12-12 10:35:00 [INFO] : ✅ 工单 1949325569556480000 有 4 条有效评论，构建完成对话数据
2025-12-12 10:35:00 [INFO] : 工单 1949325569556480000 AI状态更新为: PENDING
2025-12-12 10:35:00 [INFO] : 📋 处理工单 1949325516909576193 (21/50) - 评论表: t_work_comment_2025
2025-12-12 10:35:00 [INFO] : 从表 t_work_comment_2025 获取工单 1949325516909576193 的 6 条完整对话记录（包含客户和客服）
2025-12-12 10:35:00 [INFO] : 💭 工单 1949325516909576193 获取到 6 条原始评论
2025-12-12 10:35:00 [INFO] : 🔍 工单 1949325516909576193 开始去噪处理 5 条有效评论...
2025-12-12 10:35:00 [INFO] : 🔍 开始过滤评论，原始数量: 5
2025-12-12 10:35:00 [INFO] : ✅ 评论过滤完成:
2025-12-12 10:35:00 [INFO] :   📥 原始数量: 5
2025-12-12 10:35:00 [INFO] :   📤 过滤后数量: 5
2025-12-12 10:35:00 [INFO] :   🗑️ 移除数量: 0
2025-12-12 10:35:00 [INFO] :   📊 过滤率: 0.0%
2025-12-12 10:35:00 [INFO] : ✅ 创建批次记录: batch_20251212_103500_1a01f84a, 工单数: 1
2025-12-12 10:35:00 [INFO] : ✅ 更新批次统计: batch_20251212_103500_1a01f84a, 状态: COMPLETED
2025-12-12 10:35:00 [INFO] : ✅ 保存工单 1949325516909576193 去噪记录成功，批次: batch_20251212_103500_1a01f84a
2025-12-12 10:35:00 [INFO] : ✅ 工单 1949325516909576193 去噪完成: 5 -> 5 条评论
2025-12-12 10:35:00 [INFO] : ⏳ 工单 1949325516909576193 首响计算开始，评论总数=6
2025-12-12 10:35:00 [INFO] : 👀 工单 1949325516909576193 评论巡检: id=1949325517119291392, user_type=EMPLOYEE, oper_raw=True, is_service=True, is_customer=False, create_time=2025-07-27 12:26:34
2025-12-12 10:35:00 [INFO] : 👀 工单 1949325516909576193 评论巡检: id=1949325541957959680, user_type=EMPLOYEE, oper_raw=True, is_service=True, is_customer=False, create_time=2025-07-27 12:26:40
2025-12-12 10:35:00 [INFO] : 👀 工单 1949325516909576193 评论巡检: id=1949325919604703232, user_type=EMPLOYEE, oper_raw=True, is_service=True, is_customer=False, create_time=2025-07-27 12:28:10
2025-12-12 10:35:00 [INFO] : 👀 工单 1949325516909576193 评论巡检: id=1949327703131815936, user_type=EMPLOYEE, oper_raw=True, is_service=True, is_customer=False, create_time=2025-07-27 12:35:15
2025-12-12 10:35:00 [INFO] : 👀 工单 1949325516909576193 评论巡检: id=1949331803974139904, user_type=EMPLOYEE, oper_raw=True, is_service=True, is_customer=False, create_time=2025-07-27 12:51:33
2025-12-12 10:35:00 [INFO] : 👀 工单 1949325516909576193 评论巡检: id=1949331893044379648, user_type=EMPLOYEE, oper_raw=True, is_service=True, is_customer=False, create_time=2025-07-27 12:51:54
2025-12-12 10:35:00 [INFO] : ⏱️ 工单 1949325516909576193 首响计算: first_customer_message_time=None, first_service_reply_time=None, response_seconds=None, threshold_seconds=120, is_timeout=False
2025-12-12 10:35:00 [INFO] : 🧾 工单 1949325516909576193 首响开关: work_type=AFTER_SALE, work_table_name=t_work_2025, is_after_sale=True, raw_comments=6, valid_comments=5
2025-12-12 10:35:00 [INFO] : ✅ 工单 1949325516909576193 有 5 条有效评论，构建完成对话数据
2025-12-12 10:35:00 [INFO] : 工单 1949325516909576193 AI状态更新为: PENDING
2025-12-12 10:35:00 [INFO] : 📋 处理工单 1949325500316909569 (22/50) - 评论表: t_work_comment_2025
2025-12-12 10:35:00 [INFO] : 从表 t_work_comment_2025 获取工单 1949325500316909569 的 6 条完整对话记录（包含客户和客服）
2025-12-12 10:35:00 [INFO] : 💭 工单 1949325500316909569 获取到 6 条原始评论
2025-12-12 10:35:00 [INFO] : 🔍 工单 1949325500316909569 开始去噪处理 6 条有效评论...
2025-12-12 10:35:00 [INFO] : 🔍 开始过滤评论，原始数量: 6
2025-12-12 10:35:00 [INFO] : ✅ 评论过滤完成:
2025-12-12 10:35:00 [INFO] :   📥 原始数量: 6
2025-12-12 10:35:00 [INFO] :   📤 过滤后数量: 6
2025-12-12 10:35:00 [INFO] :   🗑️ 移除数量: 0
2025-12-12 10:35:00 [INFO] :   📊 过滤率: 0.0%
2025-12-12 10:35:00 [INFO] : ✅ 创建批次记录: batch_20251212_103500_3e4d6aa4, 工单数: 1
2025-12-12 10:35:00 [INFO] : ✅ 更新批次统计: batch_20251212_103500_3e4d6aa4, 状态: COMPLETED
2025-12-12 10:35:00 [INFO] : ✅ 保存工单 1949325500316909569 去噪记录成功，批次: batch_20251212_103500_3e4d6aa4
2025-12-12 10:35:00 [INFO] : ✅ 工单 1949325500316909569 去噪完成: 6 -> 6 条评论
2025-12-12 10:35:00 [INFO] : 🧾 工单 1949325500316909569 首响开关: work_type=ADD_WECHAT, work_table_name=t_work_2025, is_after_sale=False, raw_comments=6, valid_comments=6
2025-12-12 10:35:00 [INFO] : ✅ 工单 1949325500316909569 有 6 条有效评论，构建完成对话数据
2025-12-12 10:35:00 [INFO] : 工单 1949325500316909569 AI状态更新为: PENDING
2025-12-12 10:35:00 [INFO] : 📋 处理工单 1949325464703074305 (23/50) - 评论表: t_work_comment_2025
2025-12-12 10:35:00 [INFO] : 从表 t_work_comment_2025 获取工单 1949325464703074305 的 16 条完整对话记录（包含客户和客服）
2025-12-12 10:35:00 [INFO] : 💭 工单 1949325464703074305 获取到 16 条原始评论
2025-12-12 10:35:00 [INFO] : 🔍 工单 1949325464703074305 开始去噪处理 16 条有效评论...
2025-12-12 10:35:00 [INFO] : 🔍 开始过滤评论，原始数量: 16
2025-12-12 10:35:00 [INFO] : ✅ 评论过滤完成:
2025-12-12 10:35:00 [INFO] :   📥 原始数量: 16
2025-12-12 10:35:00 [INFO] :   📤 过滤后数量: 16
2025-12-12 10:35:00 [INFO] :   🗑️ 移除数量: 0
2025-12-12 10:35:00 [INFO] :   📊 过滤率: 0.0%
2025-12-12 10:35:00 [INFO] : ✅ 创建批次记录: batch_20251212_103500_aef4479a, 工单数: 1
2025-12-12 10:35:00 [INFO] : ✅ 更新批次统计: batch_20251212_103500_aef4479a, 状态: COMPLETED
2025-12-12 10:35:00 [INFO] : ✅ 保存工单 1949325464703074305 去噪记录成功，批次: batch_20251212_103500_aef4479a
2025-12-12 10:35:00 [INFO] : ✅ 工单 1949325464703074305 去噪完成: 16 -> 16 条评论
2025-12-12 10:35:00 [INFO] : 🧾 工单 1949325464703074305 首响开关: work_type=ADD_WECHAT, work_table_name=t_work_2025, is_after_sale=False, raw_comments=16, valid_comments=16
2025-12-12 10:35:00 [INFO] : ✅ 工单 1949325464703074305 有 16 条有效评论，构建完成对话数据
2025-12-12 10:35:00 [INFO] : 工单 1949325464703074305 AI状态更新为: PENDING
2025-12-12 10:35:00 [INFO] : 📋 处理工单 1949325356150292481 (24/50) - 评论表: t_work_comment_2025
2025-12-12 10:35:00 [INFO] : 从表 t_work_comment_2025 获取工单 1949325356150292481 的 6 条完整对话记录（包含客户和客服）
2025-12-12 10:35:00 [INFO] : 💭 工单 1949325356150292481 获取到 6 条原始评论
2025-12-12 10:35:00 [INFO] : 🔍 工单 1949325356150292481 开始去噪处理 4 条有效评论...
2025-12-12 10:35:00 [INFO] : 🔍 开始过滤评论，原始数量: 4
2025-12-12 10:35:00 [INFO] : ✅ 评论过滤完成:
2025-12-12 10:35:00 [INFO] :   📥 原始数量: 4
2025-12-12 10:35:00 [INFO] :   📤 过滤后数量: 4
2025-12-12 10:35:00 [INFO] :   🗑️ 移除数量: 0
2025-12-12 10:35:00 [INFO] :   📊 过滤率: 0.0%
2025-12-12 10:35:00 [INFO] : ✅ 创建批次记录: batch_20251212_103500_8b005fae, 工单数: 1
2025-12-12 10:35:00 [INFO] : ✅ 更新批次统计: batch_20251212_103500_8b005fae, 状态: COMPLETED
2025-12-12 10:35:00 [INFO] : ✅ 保存工单 1949325356150292481 去噪记录成功，批次: batch_20251212_103500_8b005fae
2025-12-12 10:35:00 [INFO] : ✅ 工单 1949325356150292481 去噪完成: 4 -> 4 条评论
2025-12-12 10:35:00 [INFO] : 🧾 工单 1949325356150292481 首响开关: work_type=URGE_INSTALL, work_table_name=t_work_2025, is_after_sale=False, raw_comments=6, valid_comments=4
2025-12-12 10:35:00 [INFO] : ✅ 工单 1949325356150292481 有 4 条有效评论，构建完成对话数据
2025-12-12 10:35:00 [INFO] : 工单 1949325356150292481 AI状态更新为: PENDING
2025-12-12 10:35:00 [INFO] : 📋 处理工单 1949325217188806657 (25/50) - 评论表: t_work_comment_2025
2025-12-12 10:35:00 [INFO] : 从表 t_work_comment_2025 获取工单 1949325217188806657 的 7 条完整对话记录（包含客户和客服）
2025-12-12 10:35:00 [INFO] : 💭 工单 1949325217188806657 获取到 7 条原始评论
2025-12-12 10:35:00 [INFO] : 🔍 工单 1949325217188806657 开始去噪处理 6 条有效评论...
2025-12-12 10:35:00 [INFO] : 🔍 开始过滤评论，原始数量: 6
2025-12-12 10:35:00 [INFO] : ✅ 评论过滤完成:
2025-12-12 10:35:00 [INFO] :   📥 原始数量: 6
2025-12-12 10:35:00 [INFO] :   📤 过滤后数量: 6
2025-12-12 10:35:00 [INFO] :   🗑️ 移除数量: 0
2025-12-12 10:35:00 [INFO] :   📊 过滤率: 0.0%
2025-12-12 10:35:00 [INFO] : ✅ 创建批次记录: batch_20251212_103500_4f13a79d, 工单数: 1
2025-12-12 10:35:00 [INFO] : ✅ 更新批次统计: batch_20251212_103500_4f13a79d, 状态: COMPLETED
2025-12-12 10:35:00 [INFO] : ✅ 保存工单 1949325217188806657 去噪记录成功，批次: batch_20251212_103500_4f13a79d
2025-12-12 10:35:00 [INFO] : ✅ 工单 1949325217188806657 去噪完成: 6 -> 6 条评论
2025-12-12 10:35:00 [INFO] : ⏳ 工单 1949325217188806657 首响计算开始，评论总数=7
2025-12-12 10:35:00 [INFO] : 👀 工单 1949325217188806657 评论巡检: id=1949325217411104768, user_type=SELLER, oper_raw=True, is_service=False, is_customer=True, create_time=2025-07-27 12:25:23
2025-12-12 10:35:00 [INFO] : 🎯 工单 1949325217188806657 首条客户消息锁定: 2025-07-27 12:25:23
2025-12-12 10:35:00 [INFO] : 👀 工单 1949325217188806657 评论巡检: id=1949325234892963840, user_type=EMPLOYEE, oper_raw=True, is_service=True, is_customer=False, create_time=2025-07-27 12:25:27
2025-12-12 10:35:00 [INFO] : 🎯 工单 1949325217188806657 首条客服回复锁定: 2025-07-27 12:25:27
2025-12-12 10:35:00 [INFO] : ⏱️ 工单 1949325217188806657 首响计算: first_customer_message_time=2025-07-27 12:25:23, first_service_reply_time=2025-07-27 12:25:27, response_seconds=4, threshold_seconds=120, is_timeout=False
2025-12-12 10:35:00 [INFO] : 🧾 工单 1949325217188806657 首响开关: work_type=AFTER_SALE, work_table_name=t_work_2025, is_after_sale=True, raw_comments=7, valid_comments=6
2025-12-12 10:35:00 [INFO] : ✅ 工单 1949325217188806657 有 6 条有效评论，构建完成对话数据
2025-12-12 10:35:00 [INFO] : 工单 1949325217188806657 AI状态更新为: PENDING
2025-12-12 10:35:00 [INFO] : 📋 处理工单 1949327115862147073 (26/50) - 评论表: t_work_comment_2025
2025-12-12 10:35:00 [INFO] : 从表 t_work_comment_2025 获取工单 1949327115862147073 的 3 条完整对话记录（包含客户和客服）
2025-12-12 10:35:00 [INFO] : 💭 工单 1949327115862147073 获取到 3 条原始评论
2025-12-12 10:35:00 [INFO] : 🔍 工单 1949327115862147073 开始去噪处理 3 条有效评论...
2025-12-12 10:35:00 [INFO] : 🔍 开始过滤评论，原始数量: 3
2025-12-12 10:35:00 [INFO] : ✅ 评论过滤完成:
2025-12-12 10:35:00 [INFO] :   📥 原始数量: 3
2025-12-12 10:35:00 [INFO] :   📤 过滤后数量: 3
2025-12-12 10:35:00 [INFO] :   🗑️ 移除数量: 0
2025-12-12 10:35:00 [INFO] :   📊 过滤率: 0.0%
2025-12-12 10:35:00 [INFO] : ✅ 创建批次记录: batch_20251212_103500_cc623217, 工单数: 1
2025-12-12 10:35:00 [INFO] : ✅ 更新批次统计: batch_20251212_103500_cc623217, 状态: COMPLETED
2025-12-12 10:35:00 [INFO] : ✅ 保存工单 1949327115862147073 去噪记录成功，批次: batch_20251212_103500_cc623217
2025-12-12 10:35:00 [INFO] : ✅ 工单 1949327115862147073 去噪完成: 3 -> 3 条评论
2025-12-12 10:35:00 [INFO] : 🧾 工单 1949327115862147073 首响开关: work_type=CHECK_PRICE, work_table_name=t_work_2025, is_after_sale=False, raw_comments=3, valid_comments=3
2025-12-12 10:35:00 [INFO] : ✅ 工单 1949327115862147073 有 3 条有效评论，构建完成对话数据
2025-12-12 10:35:00 [INFO] : 工单 1949327115862147073 AI状态更新为: PENDING
2025-12-12 10:35:00 [INFO] : 📋 处理工单 1949328485289820161 (27/50) - 评论表: t_work_comment_2025
2025-12-12 10:35:00 [INFO] : 从表 t_work_comment_2025 获取工单 1949328485289820161 的 9 条完整对话记录（包含客户和客服）
2025-12-12 10:35:00 [INFO] : 💭 工单 1949328485289820161 获取到 9 条原始评论
2025-12-12 10:35:00 [INFO] : 🔍 工单 1949328485289820161 开始去噪处理 7 条有效评论...
2025-12-12 10:35:00 [INFO] : 🔍 开始过滤评论，原始数量: 7
2025-12-12 10:35:00 [INFO] : ✅ 评论过滤完成:
2025-12-12 10:35:00 [INFO] :   📥 原始数量: 7
2025-12-12 10:35:00 [INFO] :   📤 过滤后数量: 7
2025-12-12 10:35:00 [INFO] :   🗑️ 移除数量: 0
2025-12-12 10:35:00 [INFO] :   📊 过滤率: 0.0%
2025-12-12 10:35:00 [INFO] : ✅ 创建批次记录: batch_20251212_103500_31e664ce, 工单数: 1
2025-12-12 10:35:00 [INFO] : ✅ 更新批次统计: batch_20251212_103500_31e664ce, 状态: COMPLETED
2025-12-12 10:35:00 [INFO] : ✅ 保存工单 1949328485289820161 去噪记录成功，批次: batch_20251212_103500_31e664ce
2025-12-12 10:35:00 [INFO] : ✅ 工单 1949328485289820161 去噪完成: 7 -> 7 条评论
2025-12-12 10:35:00 [INFO] : 🧾 工单 1949328485289820161 首响开关: work_type=URGE_HF, work_table_name=t_work_2025, is_after_sale=False, raw_comments=9, valid_comments=7
2025-12-12 10:35:00 [INFO] : ✅ 工单 1949328485289820161 有 7 条有效评论，构建完成对话数据
2025-12-12 10:35:00 [INFO] : 工单 1949328485289820161 AI状态更新为: PENDING
2025-12-12 10:35:00 [INFO] : 📋 处理工单 1949328137598795777 (28/50) - 评论表: t_work_comment_2025
2025-12-12 10:35:00 [INFO] : 从表 t_work_comment_2025 获取工单 1949328137598795777 的 5 条完整对话记录（包含客户和客服）
2025-12-12 10:35:00 [INFO] : 💭 工单 1949328137598795777 获取到 5 条原始评论
2025-12-12 10:35:00 [INFO] : 🔍 工单 1949328137598795777 开始去噪处理 5 条有效评论...
2025-12-12 10:35:00 [INFO] : 🔍 开始过滤评论，原始数量: 5
2025-12-12 10:35:00 [INFO] : ✅ 评论过滤完成:
2025-12-12 10:35:00 [INFO] :   📥 原始数量: 5
2025-12-12 10:35:00 [INFO] :   📤 过滤后数量: 5
2025-12-12 10:35:00 [INFO] :   🗑️ 移除数量: 0
2025-12-12 10:35:00 [INFO] :   📊 过滤率: 0.0%
2025-12-12 10:35:00 [INFO] : ✅ 创建批次记录: batch_20251212_103500_eb39c9e9, 工单数: 1
2025-12-12 10:35:00 [INFO] : ✅ 更新批次统计: batch_20251212_103500_eb39c9e9, 状态: COMPLETED
2025-12-12 10:35:00 [INFO] : ✅ 保存工单 1949328137598795777 去噪记录成功，批次: batch_20251212_103500_eb39c9e9
2025-12-12 10:35:00 [INFO] : ✅ 工单 1949328137598795777 去噪完成: 5 -> 5 条评论
2025-12-12 10:35:00 [INFO] : 🧾 工单 1949328137598795777 首响开关: work_type=ADD_WECHAT, work_table_name=t_work_2025, is_after_sale=False, raw_comments=5, valid_comments=5
2025-12-12 10:35:00 [INFO] : ✅ 工单 1949328137598795777 有 5 条有效评论，构建完成对话数据
2025-12-12 10:35:00 [INFO] : 工单 1949328137598795777 AI状态更新为: PENDING
2025-12-12 10:35:00 [INFO] : 📋 处理工单 1949328111464087553 (29/50) - 评论表: t_work_comment_2025
2025-12-12 10:35:00 [INFO] : 从表 t_work_comment_2025 获取工单 1949328111464087553 的 3 条完整对话记录（包含客户和客服）
2025-12-12 10:35:00 [INFO] : 💭 工单 1949328111464087553 获取到 3 条原始评论
2025-12-12 10:35:00 [INFO] : 🔍 工单 1949328111464087553 开始去噪处理 3 条有效评论...
2025-12-12 10:35:00 [INFO] : 🔍 开始过滤评论，原始数量: 3
2025-12-12 10:35:00 [INFO] : ✅ 评论过滤完成:
2025-12-12 10:35:00 [INFO] :   📥 原始数量: 3
2025-12-12 10:35:00 [INFO] :   📤 过滤后数量: 3
2025-12-12 10:35:00 [INFO] :   🗑️ 移除数量: 0
2025-12-12 10:35:00 [INFO] :   📊 过滤率: 0.0%
2025-12-12 10:35:00 [INFO] : ✅ 创建批次记录: batch_20251212_103500_eff8c319, 工单数: 1
2025-12-12 10:35:00 [INFO] : ✅ 更新批次统计: batch_20251212_103500_eff8c319, 状态: COMPLETED
2025-12-12 10:35:00 [INFO] : ✅ 保存工单 1949328111464087553 去噪记录成功，批次: batch_20251212_103500_eff8c319
2025-12-12 10:35:00 [INFO] : ✅ 工单 1949328111464087553 去噪完成: 3 -> 3 条评论
2025-12-12 10:35:00 [INFO] : 🧾 工单 1949328111464087553 首响开关: work_type=URGE_PAYMENT, work_table_name=t_work_2025, is_after_sale=False, raw_comments=3, valid_comments=3
2025-12-12 10:35:00 [INFO] : ✅ 工单 1949328111464087553 有 3 条有效评论，构建完成对话数据
2025-12-12 10:35:00 [INFO] : 工单 1949328111464087553 AI状态更新为: PENDING
2025-12-12 10:35:00 [INFO] : 📋 处理工单 1949328077356007424 (30/50) - 评论表: t_work_comment_2025
2025-12-12 10:35:00 [INFO] : 从表 t_work_comment_2025 获取工单 1949328077356007424 的 4 条完整对话记录（包含客户和客服）
2025-12-12 10:35:00 [INFO] : 💭 工单 1949328077356007424 获取到 4 条原始评论
2025-12-12 10:35:00 [INFO] : 🔍 工单 1949328077356007424 开始去噪处理 4 条有效评论...
2025-12-12 10:35:00 [INFO] : 🔍 开始过滤评论，原始数量: 4
2025-12-12 10:35:00 [INFO] : ✅ 评论过滤完成:
2025-12-12 10:35:00 [INFO] :   📥 原始数量: 4
2025-12-12 10:35:00 [INFO] :   📤 过滤后数量: 4
2025-12-12 10:35:00 [INFO] :   🗑️ 移除数量: 0
2025-12-12 10:35:00 [INFO] :   📊 过滤率: 0.0%
2025-12-12 10:35:00 [INFO] : ✅ 创建批次记录: batch_20251212_103500_a60e76ee, 工单数: 1
2025-12-12 10:35:00 [INFO] : ✅ 更新批次统计: batch_20251212_103500_a60e76ee, 状态: COMPLETED
2025-12-12 10:35:00 [INFO] : ✅ 保存工单 1949328077356007424 去噪记录成功，批次: batch_20251212_103500_a60e76ee
2025-12-12 10:35:00 [INFO] : ✅ 工单 1949328077356007424 去噪完成: 4 -> 4 条评论
2025-12-12 10:35:00 [INFO] : 🧾 工单 1949328077356007424 首响开关: work_type=URGE_INSTALL, work_table_name=t_work_2025, is_after_sale=False, raw_comments=4, valid_comments=4
2025-12-12 10:35:00 [INFO] : ✅ 工单 1949328077356007424 有 4 条有效评论，构建完成对话数据
2025-12-12 10:35:00 [INFO] : 工单 1949328077356007424 AI状态更新为: PENDING
2025-12-12 10:35:00 [INFO] : 📋 处理工单 1949328037573033985 (31/50) - 评论表: t_work_comment_2025
2025-12-12 10:35:00 [INFO] : 从表 t_work_comment_2025 获取工单 1949328037573033985 的 2 条完整对话记录（包含客户和客服）
2025-12-12 10:35:00 [INFO] : 💭 工单 1949328037573033985 获取到 2 条原始评论
2025-12-12 10:35:00 [INFO] : 🔍 工单 1949328037573033985 开始去噪处理 2 条有效评论...
2025-12-12 10:35:00 [INFO] : 🔍 开始过滤评论，原始数量: 2
2025-12-12 10:35:00 [INFO] : ✅ 评论过滤完成:
2025-12-12 10:35:00 [INFO] :   📥 原始数量: 2
2025-12-12 10:35:00 [INFO] :   📤 过滤后数量: 2
2025-12-12 10:35:00 [INFO] :   🗑️ 移除数量: 0
2025-12-12 10:35:00 [INFO] :   📊 过滤率: 0.0%
2025-12-12 10:35:00 [INFO] : ✅ 创建批次记录: batch_20251212_103500_ebadec3a, 工单数: 1
2025-12-12 10:35:00 [INFO] : ✅ 更新批次统计: batch_20251212_103500_ebadec3a, 状态: COMPLETED
2025-12-12 10:35:00 [INFO] : ✅ 保存工单 1949328037573033985 去噪记录成功，批次: batch_20251212_103500_ebadec3a
2025-12-12 10:35:00 [INFO] : ✅ 工单 1949328037573033985 去噪完成: 2 -> 2 条评论
2025-12-12 10:35:00 [INFO] : 🧾 工单 1949328037573033985 首响开关: work_type=ADD_WECHAT, work_table_name=t_work_2025, is_after_sale=False, raw_comments=2, valid_comments=2
2025-12-12 10:35:00 [INFO] : ✅ 工单 1949328037573033985 有 2 条有效评论，构建完成对话数据
2025-12-12 10:35:00 [INFO] : 工单 1949328037573033985 AI状态更新为: PENDING
2025-12-12 10:35:00 [INFO] : 📋 处理工单 1949327862972547073 (32/50) - 评论表: t_work_comment_2025
2025-12-12 10:35:00 [INFO] : 从表 t_work_comment_2025 获取工单 1949327862972547073 的 8 条完整对话记录（包含客户和客服）
2025-12-12 10:35:00 [INFO] : 💭 工单 1949327862972547073 获取到 8 条原始评论
2025-12-12 10:35:00 [INFO] : 🔍 工单 1949327862972547073 开始去噪处理 8 条有效评论...
2025-12-12 10:35:00 [INFO] : 🔍 开始过滤评论，原始数量: 8
2025-12-12 10:35:00 [INFO] : ✅ 评论过滤完成:
2025-12-12 10:35:00 [INFO] :   📥 原始数量: 8
2025-12-12 10:35:00 [INFO] :   📤 过滤后数量: 8
2025-12-12 10:35:00 [INFO] :   🗑️ 移除数量: 0
2025-12-12 10:35:00 [INFO] :   📊 过滤率: 0.0%
2025-12-12 10:35:00 [INFO] : ✅ 创建批次记录: batch_20251212_103500_95ad0825, 工单数: 1
2025-12-12 10:35:00 [INFO] : ✅ 更新批次统计: batch_20251212_103500_95ad0825, 状态: COMPLETED
2025-12-12 10:35:00 [INFO] : ✅ 保存工单 1949327862972547073 去噪记录成功，批次: batch_20251212_103500_95ad0825
2025-12-12 10:35:00 [INFO] : ✅ 工单 1949327862972547073 去噪完成: 8 -> 8 条评论
2025-12-12 10:35:00 [INFO] : ⏳ 工单 1949327862972547073 首响计算开始，评论总数=8
2025-12-12 10:35:00 [INFO] : 👀 工单 1949327862972547073 评论巡检: id=1949327863362617344, user_type=SELLER, oper_raw=True, is_service=False, is_customer=True, create_time=2025-07-27 12:35:54
2025-12-12 10:35:00 [INFO] : 🎯 工单 1949327862972547073 首条客户消息锁定: 2025-07-27 12:35:54
2025-12-12 10:35:00 [INFO] : 👀 工单 1949327862972547073 评论巡检: id=1949329723322531840, user_type=SELLER, oper_raw=True, is_service=False, is_customer=True, create_time=2025-07-27 12:43:17
2025-12-12 10:35:00 [INFO] : 👀 工单 1949327862972547073 评论巡检: id=1949330103884316672, user_type=EMPLOYEE, oper_raw=True, is_service=True, is_customer=False, create_time=2025-07-27 12:44:48
2025-12-12 10:35:00 [INFO] : 🎯 工单 1949327862972547073 首条客服回复锁定: 2025-07-27 12:44:48
2025-12-12 10:35:00 [INFO] : ⏱️ 工单 1949327862972547073 首响计算: first_customer_message_time=2025-07-27 12:35:54, first_service_reply_time=2025-07-27 12:44:48, response_seconds=534, threshold_seconds=120, is_timeout=True
2025-12-12 10:35:00 [INFO] : 🧾 工单 1949327862972547073 首响开关: work_type=AFTER_SALE, work_table_name=t_work_2025, is_after_sale=True, raw_comments=8, valid_comments=8
2025-12-12 10:35:00 [INFO] : ✅ 工单 1949327862972547073 有 8 条有效评论，构建完成对话数据
2025-12-12 10:35:00 [INFO] : 工单 1949327862972547073 AI状态更新为: PENDING
2025-12-12 10:35:00 [INFO] : 📋 处理工单 1949327854047068161 (33/50) - 评论表: t_work_comment_2025
2025-12-12 10:35:00 [INFO] : 从表 t_work_comment_2025 获取工单 1949327854047068161 的 5 条完整对话记录（包含客户和客服）
2025-12-12 10:35:00 [INFO] : 💭 工单 1949327854047068161 获取到 5 条原始评论
2025-12-12 10:35:00 [INFO] : 🔍 工单 1949327854047068161 开始去噪处理 4 条有效评论...
2025-12-12 10:35:00 [INFO] : 🔍 开始过滤评论，原始数量: 4
2025-12-12 10:35:00 [INFO] : ✅ 评论过滤完成:
2025-12-12 10:35:00 [INFO] :   📥 原始数量: 4
2025-12-12 10:35:00 [INFO] :   📤 过滤后数量: 4
2025-12-12 10:35:00 [INFO] :   🗑️ 移除数量: 0
2025-12-12 10:35:00 [INFO] :   📊 过滤率: 0.0%
2025-12-12 10:35:00 [INFO] : ✅ 创建批次记录: batch_20251212_103500_a0d3dd70, 工单数: 1
2025-12-12 10:35:00 [INFO] : ✅ 更新批次统计: batch_20251212_103500_a0d3dd70, 状态: COMPLETED
2025-12-12 10:35:00 [INFO] : ✅ 保存工单 1949327854047068161 去噪记录成功，批次: batch_20251212_103500_a0d3dd70
2025-12-12 10:35:00 [INFO] : ✅ 工单 1949327854047068161 去噪完成: 4 -> 4 条评论
2025-12-12 10:35:00 [INFO] : 🧾 工单 1949327854047068161 首响开关: work_type=URGE_INSTALL, work_table_name=t_work_2025, is_after_sale=False, raw_comments=5, valid_comments=4
2025-12-12 10:35:00 [INFO] : ✅ 工单 1949327854047068161 有 4 条有效评论，构建完成对话数据
2025-12-12 10:35:00 [INFO] : 工单 1949327854047068161 AI状态更新为: PENDING
2025-12-12 10:35:00 [INFO] : 📋 处理工单 1949327790289453057 (34/50) - 评论表: t_work_comment_2025
2025-12-12 10:35:00 [INFO] : 从表 t_work_comment_2025 获取工单 1949327790289453057 的 7 条完整对话记录（包含客户和客服）
2025-12-12 10:35:00 [INFO] : 💭 工单 1949327790289453057 获取到 7 条原始评论
2025-12-12 10:35:00 [INFO] : 🔍 工单 1949327790289453057 开始去噪处理 7 条有效评论...
2025-12-12 10:35:00 [INFO] : 🔍 开始过滤评论，原始数量: 7
2025-12-12 10:35:00 [INFO] : ✅ 评论过滤完成:
2025-12-12 10:35:00 [INFO] :   📥 原始数量: 7
2025-12-12 10:35:00 [INFO] :   📤 过滤后数量: 7
2025-12-12 10:35:00 [INFO] :   🗑️ 移除数量: 0
2025-12-12 10:35:00 [INFO] :   📊 过滤率: 0.0%
2025-12-12 10:35:00 [INFO] : ✅ 创建批次记录: batch_20251212_103500_7b275805, 工单数: 1
2025-12-12 10:35:00 [INFO] : ✅ 更新批次统计: batch_20251212_103500_7b275805, 状态: COMPLETED
2025-12-12 10:35:00 [INFO] : ✅ 保存工单 1949327790289453057 去噪记录成功，批次: batch_20251212_103500_7b275805
2025-12-12 10:35:00 [INFO] : ✅ 工单 1949327790289453057 去噪完成: 7 -> 7 条评论
2025-12-12 10:35:00 [INFO] : 🧾 工单 1949327790289453057 首响开关: work_type=REPAIR_CHU_JIU, work_table_name=t_work_2025, is_after_sale=False, raw_comments=7, valid_comments=7
2025-12-12 10:35:00 [INFO] : ✅ 工单 1949327790289453057 有 7 条有效评论，构建完成对话数据
2025-12-12 10:35:00 [INFO] : 工单 1949327790289453057 AI状态更新为: PENDING
2025-12-12 10:35:00 [INFO] : 📋 处理工单 1949327724359188481 (35/50) - 评论表: t_work_comment_2025
2025-12-12 10:35:00 [INFO] : 从表 t_work_comment_2025 获取工单 1949327724359188481 的 5 条完整对话记录（包含客户和客服）
2025-12-12 10:35:00 [INFO] : 💭 工单 1949327724359188481 获取到 5 条原始评论
2025-12-12 10:35:00 [INFO] : 🔍 工单 1949327724359188481 开始去噪处理 5 条有效评论...
2025-12-12 10:35:00 [INFO] : 🔍 开始过滤评论，原始数量: 5
2025-12-12 10:35:00 [INFO] : ✅ 评论过滤完成:
2025-12-12 10:35:00 [INFO] :   📥 原始数量: 5
2025-12-12 10:35:00 [INFO] :   📤 过滤后数量: 5
2025-12-12 10:35:00 [INFO] :   🗑️ 移除数量: 0
2025-12-12 10:35:00 [INFO] :   📊 过滤率: 0.0%
2025-12-12 10:35:00 [INFO] : ✅ 创建批次记录: batch_20251212_103500_e0e9bf2f, 工单数: 1
2025-12-12 10:35:00 [INFO] : ✅ 更新批次统计: batch_20251212_103500_e0e9bf2f, 状态: COMPLETED
2025-12-12 10:35:00 [INFO] : ✅ 保存工单 1949327724359188481 去噪记录成功，批次: batch_20251212_103500_e0e9bf2f
2025-12-12 10:35:00 [INFO] : ✅ 工单 1949327724359188481 去噪完成: 5 -> 5 条评论
2025-12-12 10:35:00 [INFO] : 🧾 工单 1949327724359188481 首响开关: work_type=ADD_WECHAT, work_table_name=t_work_2025, is_after_sale=False, raw_comments=5, valid_comments=5
2025-12-12 10:35:00 [INFO] : ✅ 工单 1949327724359188481 有 5 条有效评论，构建完成对话数据
2025-12-12 10:35:00 [INFO] : 工单 1949327724359188481 AI状态更新为: PENDING
2025-12-12 10:35:00 [INFO] : 📋 处理工单 1949327485376135169 (36/50) - 评论表: t_work_comment_2025
2025-12-12 10:35:00 [INFO] : 从表 t_work_comment_2025 获取工单 1949327485376135169 的 3 条完整对话记录（包含客户和客服）
2025-12-12 10:35:00 [INFO] : 💭 工单 1949327485376135169 获取到 3 条原始评论
2025-12-12 10:35:00 [INFO] : 🔍 工单 1949327485376135169 开始去噪处理 2 条有效评论...
2025-12-12 10:35:00 [INFO] : 🔍 开始过滤评论，原始数量: 2
2025-12-12 10:35:00 [INFO] : ✅ 评论过滤完成:
2025-12-12 10:35:00 [INFO] :   📥 原始数量: 2
2025-12-12 10:35:00 [INFO] :   📤 过滤后数量: 2
2025-12-12 10:35:00 [INFO] :   🗑️ 移除数量: 0
2025-12-12 10:35:00 [INFO] :   📊 过滤率: 0.0%
2025-12-12 10:35:00 [INFO] : ✅ 创建批次记录: batch_20251212_103500_953cc1ac, 工单数: 1
2025-12-12 10:35:00 [INFO] : ✅ 更新批次统计: batch_20251212_103500_953cc1ac, 状态: COMPLETED
2025-12-12 10:35:00 [INFO] : ✅ 保存工单 1949327485376135169 去噪记录成功，批次: batch_20251212_103500_953cc1ac
2025-12-12 10:35:00 [INFO] : ✅ 工单 1949327485376135169 去噪完成: 2 -> 2 条评论
2025-12-12 10:35:00 [INFO] : 🧾 工单 1949327485376135169 首响开关: work_type=URGE_INSTALL, work_table_name=t_work_2025, is_after_sale=False, raw_comments=3, valid_comments=2
2025-12-12 10:35:00 [INFO] : ✅ 工单 1949327485376135169 有 2 条有效评论，构建完成对话数据
2025-12-12 10:35:00 [INFO] : 工单 1949327485376135169 AI状态更新为: PENDING
2025-12-12 10:35:00 [INFO] : 📋 处理工单 1949327484264644609 (37/50) - 评论表: t_work_comment_2025
2025-12-12 10:35:00 [INFO] : 从表 t_work_comment_2025 获取工单 1949327484264644609 的 19 条完整对话记录（包含客户和客服）
2025-12-12 10:35:00 [INFO] : 💭 工单 1949327484264644609 获取到 19 条原始评论
2025-12-12 10:35:00 [INFO] : 🔍 工单 1949327484264644609 开始去噪处理 17 条有效评论...
2025-12-12 10:35:00 [INFO] : 🔍 开始过滤评论，原始数量: 17
2025-12-12 10:35:00 [INFO] : ✅ 评论过滤完成:
2025-12-12 10:35:00 [INFO] :   📥 原始数量: 17
2025-12-12 10:35:00 [INFO] :   📤 过滤后数量: 17
2025-12-12 10:35:00 [INFO] :   🗑️ 移除数量: 0
2025-12-12 10:35:00 [INFO] :   📊 过滤率: 0.0%
2025-12-12 10:35:00 [INFO] : ✅ 创建批次记录: batch_20251212_103500_39fa6b88, 工单数: 1
2025-12-12 10:35:00 [INFO] : ✅ 更新批次统计: batch_20251212_103500_39fa6b88, 状态: COMPLETED
2025-12-12 10:35:00 [INFO] : ✅ 保存工单 1949327484264644609 去噪记录成功，批次: batch_20251212_103500_39fa6b88
2025-12-12 10:35:00 [INFO] : ✅ 工单 1949327484264644609 去噪完成: 17 -> 17 条评论
2025-12-12 10:35:00 [INFO] : ⏳ 工单 1949327484264644609 首响计算开始，评论总数=19
2025-12-12 10:35:00 [INFO] : 👀 工单 1949327484264644609 评论巡检: id=1949327484499525632, user_type=SELLER, oper_raw=True, is_service=False, is_customer=True, create_time=2025-07-27 12:34:23
2025-12-12 10:35:00 [INFO] : 🎯 工单 1949327484264644609 首条客户消息锁定: 2025-07-27 12:34:23
2025-12-12 10:35:00 [INFO] : 👀 工单 1949327484264644609 评论巡检: id=1949327857838718976, user_type=EMPLOYEE, oper_raw=True, is_service=True, is_customer=False, create_time=2025-07-27 12:35:52
2025-12-12 10:35:00 [INFO] : 🎯 工单 1949327484264644609 首条客服回复锁定: 2025-07-27 12:35:52
2025-12-12 10:35:00 [INFO] : ⏱️ 工单 1949327484264644609 首响计算: first_customer_message_time=2025-07-27 12:34:23, first_service_reply_time=2025-07-27 12:35:52, response_seconds=89, threshold_seconds=120, is_timeout=False
2025-12-12 10:35:00 [INFO] : 🧾 工单 1949327484264644609 首响开关: work_type=AFTER_SALE, work_table_name=t_work_2025, is_after_sale=True, raw_comments=19, valid_comments=17
2025-12-12 10:35:00 [INFO] : ✅ 工单 1949327484264644609 有 17 条有效评论，构建完成对话数据
2025-12-12 10:35:00 [INFO] : 工单 1949327484264644609 AI状态更新为: PENDING
2025-12-12 10:35:00 [INFO] : 📋 处理工单 1949327475871842305 (38/50) - 评论表: t_work_comment_2025
2025-12-12 10:35:00 [INFO] : 从表 t_work_comment_2025 获取工单 1949327475871842305 的 7 条完整对话记录（包含客户和客服）
2025-12-12 10:35:00 [INFO] : 💭 工单 1949327475871842305 获取到 7 条原始评论
2025-12-12 10:35:00 [INFO] : 🔍 工单 1949327475871842305 开始去噪处理 7 条有效评论...
2025-12-12 10:35:00 [INFO] : 🔍 开始过滤评论，原始数量: 7
2025-12-12 10:35:00 [INFO] : ✅ 评论过滤完成:
2025-12-12 10:35:00 [INFO] :   📥 原始数量: 7
2025-12-12 10:35:00 [INFO] :   📤 过滤后数量: 7
2025-12-12 10:35:00 [INFO] :   🗑️ 移除数量: 0
2025-12-12 10:35:00 [INFO] :   📊 过滤率: 0.0%
2025-12-12 10:35:00 [INFO] : ✅ 创建批次记录: batch_20251212_103500_ea77311c, 工单数: 1
2025-12-12 10:35:00 [INFO] : ✅ 更新批次统计: batch_20251212_103500_ea77311c, 状态: COMPLETED
2025-12-12 10:35:00 [INFO] : ✅ 保存工单 1949327475871842305 去噪记录成功，批次: batch_20251212_103500_ea77311c
2025-12-12 10:35:00 [INFO] : ✅ 工单 1949327475871842305 去噪完成: 7 -> 7 条评论
2025-12-12 10:35:00 [INFO] : 🧾 工单 1949327475871842305 首响开关: work_type=CHECK_PRICE, work_table_name=t_work_2025, is_after_sale=False, raw_comments=7, valid_comments=7
2025-12-12 10:35:00 [INFO] : ✅ 工单 1949327475871842305 有 7 条有效评论，构建完成对话数据
2025-12-12 10:35:00 [INFO] : 工单 1949327475871842305 AI状态更新为: PENDING
2025-12-12 10:35:00 [INFO] : 📋 处理工单 1949327471635595265 (39/50) - 评论表: t_work_comment_2025
2025-12-12 10:35:00 [INFO] : 从表 t_work_comment_2025 获取工单 1949327471635595265 的 5 条完整对话记录（包含客户和客服）
2025-12-12 10:35:00 [INFO] : 💭 工单 1949327471635595265 获取到 5 条原始评论
2025-12-12 10:35:00 [INFO] : 🔍 工单 1949327471635595265 开始去噪处理 4 条有效评论...
2025-12-12 10:35:00 [INFO] : 🔍 开始过滤评论，原始数量: 4
2025-12-12 10:35:00 [INFO] : ✅ 评论过滤完成:
2025-12-12 10:35:00 [INFO] :   📥 原始数量: 4
2025-12-12 10:35:00 [INFO] :   📤 过滤后数量: 4
2025-12-12 10:35:00 [INFO] :   🗑️ 移除数量: 0
2025-12-12 10:35:00 [INFO] :   📊 过滤率: 0.0%
2025-12-12 10:35:00 [INFO] : ✅ 创建批次记录: batch_20251212_103500_f72be827, 工单数: 1
2025-12-12 10:35:00 [INFO] : ✅ 更新批次统计: batch_20251212_103500_f72be827, 状态: COMPLETED
2025-12-12 10:35:00 [INFO] : ✅ 保存工单 1949327471635595265 去噪记录成功，批次: batch_20251212_103500_f72be827
2025-12-12 10:35:00 [INFO] : ✅ 工单 1949327471635595265 去噪完成: 4 -> 4 条评论
2025-12-12 10:35:00 [INFO] : ⏳ 工单 1949327471635595265 首响计算开始，评论总数=5
2025-12-12 10:35:00 [INFO] : 👀 工单 1949327471635595265 评论巡检: id=1949327471853699072, user_type=EMPLOYEE, oper_raw=True, is_service=True, is_customer=False, create_time=2025-07-27 12:34:20
2025-12-12 10:35:00 [INFO] : 👀 工单 1949327471635595265 评论巡检: id=1949327501511622656, user_type=EMPLOYEE, oper_raw=True, is_service=True, is_customer=False, create_time=2025-07-27 12:34:27
2025-12-12 10:35:00 [INFO] : 👀 工单 1949327471635595265 评论巡检: id=1949328018577031168, user_type=EMPLOYEE, oper_raw=True, is_service=True, is_customer=False, create_time=2025-07-27 12:36:31
2025-12-12 10:35:00 [INFO] : 👀 工单 1949327471635595265 评论巡检: id=1949328262530334720, user_type=EMPLOYEE, oper_raw=True, is_service=True, is_customer=False, create_time=2025-07-27 12:37:29
2025-12-12 10:35:00 [INFO] : 👀 工单 1949327471635595265 评论巡检: id=1949328306138513408, user_type=EMPLOYEE, oper_raw=True, is_service=True, is_customer=False, create_time=2025-07-27 12:37:39
2025-12-12 10:35:00 [INFO] : ⏱️ 工单 1949327471635595265 首响计算: first_customer_message_time=None, first_service_reply_time=None, response_seconds=None, threshold_seconds=120, is_timeout=False
2025-12-12 10:35:00 [INFO] : 🧾 工单 1949327471635595265 首响开关: work_type=AFTER_SALE, work_table_name=t_work_2025, is_after_sale=True, raw_comments=5, valid_comments=4
2025-12-12 10:35:00 [INFO] : ✅ 工单 1949327471635595265 有 4 条有效评论，构建完成对话数据
2025-12-12 10:35:00 [INFO] : 工单 1949327471635595265 AI状态更新为: PENDING
2025-12-12 10:35:00 [INFO] : 📋 处理工单 1949327462760448001 (40/50) - 评论表: t_work_comment_2025
2025-12-12 10:35:00 [INFO] : 从表 t_work_comment_2025 获取工单 1949327462760448001 的 4 条完整对话记录（包含客户和客服）
2025-12-12 10:35:00 [INFO] : 💭 工单 1949327462760448001 获取到 4 条原始评论
2025-12-12 10:35:00 [INFO] : 🔍 工单 1949327462760448001 开始去噪处理 3 条有效评论...
2025-12-12 10:35:00 [INFO] : 🔍 开始过滤评论，原始数量: 3
2025-12-12 10:35:00 [INFO] : ✅ 评论过滤完成:
2025-12-12 10:35:00 [INFO] :   📥 原始数量: 3
2025-12-12 10:35:00 [INFO] :   📤 过滤后数量: 3
2025-12-12 10:35:00 [INFO] :   🗑️ 移除数量: 0
2025-12-12 10:35:00 [INFO] :   📊 过滤率: 0.0%
2025-12-12 10:35:00 [INFO] : ✅ 创建批次记录: batch_20251212_103500_70fb3658, 工单数: 1
2025-12-12 10:35:00 [INFO] : ✅ 更新批次统计: batch_20251212_103500_70fb3658, 状态: COMPLETED
2025-12-12 10:35:00 [INFO] : ✅ 保存工单 1949327462760448001 去噪记录成功，批次: batch_20251212_103500_70fb3658
2025-12-12 10:35:00 [INFO] : ✅ 工单 1949327462760448001 去噪完成: 3 -> 3 条评论
2025-12-12 10:35:00 [INFO] : 🧾 工单 1949327462760448001 首响开关: work_type=SHOP_NO_ORDER, work_table_name=t_work_2025, is_after_sale=False, raw_comments=4, valid_comments=3
2025-12-12 10:35:00 [INFO] : ✅ 工单 1949327462760448001 有 3 条有效评论，构建完成对话数据
2025-12-12 10:35:00 [INFO] : 工单 1949327462760448001 AI状态更新为: PENDING
2025-12-12 10:35:00 [INFO] : 📋 处理工单 1949327429055021056 (41/50) - 评论表: t_work_comment_2025
2025-12-12 10:35:00 [INFO] : 从表 t_work_comment_2025 获取工单 1949327429055021056 的 3 条完整对话记录（包含客户和客服）
2025-12-12 10:35:00 [INFO] : 💭 工单 1949327429055021056 获取到 3 条原始评论
2025-12-12 10:35:00 [INFO] : 🔍 工单 1949327429055021056 开始去噪处理 3 条有效评论...
2025-12-12 10:35:00 [INFO] : 🔍 开始过滤评论，原始数量: 3
2025-12-12 10:35:00 [INFO] : ✅ 评论过滤完成:
2025-12-12 10:35:00 [INFO] :   📥 原始数量: 3
2025-12-12 10:35:00 [INFO] :   📤 过滤后数量: 3
2025-12-12 10:35:00 [INFO] :   🗑️ 移除数量: 0
2025-12-12 10:35:00 [INFO] :   📊 过滤率: 0.0%
2025-12-12 10:35:00 [INFO] : ✅ 创建批次记录: batch_20251212_103500_1b23d9f2, 工单数: 1
2025-12-12 10:35:00 [INFO] : ✅ 更新批次统计: batch_20251212_103500_1b23d9f2, 状态: COMPLETED
2025-12-12 10:35:00 [INFO] : ✅ 保存工单 1949327429055021056 去噪记录成功，批次: batch_20251212_103500_1b23d9f2
2025-12-12 10:35:00 [INFO] : ✅ 工单 1949327429055021056 去噪完成: 3 -> 3 条评论
2025-12-12 10:35:00 [INFO] : 🧾 工单 1949327429055021056 首响开关: work_type=URGE_INSTALL, work_table_name=t_work_2025, is_after_sale=False, raw_comments=3, valid_comments=3
2025-12-12 10:35:00 [INFO] : ✅ 工单 1949327429055021056 有 3 条有效评论，构建完成对话数据
2025-12-12 10:35:00 [INFO] : 工单 1949327429055021056 AI状态更新为: PENDING
2025-12-12 10:35:00 [INFO] : 📋 处理工单 1949327387091009537 (42/50) - 评论表: t_work_comment_2025
2025-12-12 10:35:00 [INFO] : 从表 t_work_comment_2025 获取工单 1949327387091009537 的 11 条完整对话记录（包含客户和客服）
2025-12-12 10:35:00 [INFO] : 💭 工单 1949327387091009537 获取到 11 条原始评论
2025-12-12 10:35:00 [INFO] : 🔍 工单 1949327387091009537 开始去噪处理 10 条有效评论...
2025-12-12 10:35:00 [INFO] : 🔍 开始过滤评论，原始数量: 10
2025-12-12 10:35:00 [INFO] : ✅ 评论过滤完成:
2025-12-12 10:35:00 [INFO] :   📥 原始数量: 10
2025-12-12 10:35:00 [INFO] :   📤 过滤后数量: 10
2025-12-12 10:35:00 [INFO] :   🗑️ 移除数量: 0
2025-12-12 10:35:00 [INFO] :   📊 过滤率: 0.0%
2025-12-12 10:35:00 [INFO] : ✅ 创建批次记录: batch_20251212_103500_3a6eb1b5, 工单数: 1
2025-12-12 10:35:00 [INFO] : ✅ 更新批次统计: batch_20251212_103500_3a6eb1b5, 状态: COMPLETED
2025-12-12 10:35:00 [INFO] : ✅ 保存工单 1949327387091009537 去噪记录成功，批次: batch_20251212_103500_3a6eb1b5
2025-12-12 10:35:00 [INFO] : ✅ 工单 1949327387091009537 去噪完成: 10 -> 10 条评论
2025-12-12 10:35:00 [INFO] : ⏳ 工单 1949327387091009537 首响计算开始，评论总数=11
2025-12-12 10:35:00 [INFO] : 👀 工单 1949327387091009537 评论巡检: id=1949327387313307648, user_type=EMPLOYEE, oper_raw=True, is_service=True, is_customer=False, create_time=2025-07-27 12:34:00
2025-12-12 10:35:00 [INFO] : 👀 工单 1949327387091009537 评论巡检: id=1949327401443917824, user_type=EMPLOYEE, oper_raw=True, is_service=True, is_customer=False, create_time=2025-07-27 12:34:03
2025-12-12 10:35:00 [INFO] : 👀 工单 1949327387091009537 评论巡检: id=1949329150812618752, user_type=EMPLOYEE, oper_raw=True, is_service=True, is_customer=False, create_time=2025-07-27 12:41:00
2025-12-12 10:35:00 [INFO] : 👀 工单 1949327387091009537 评论巡检: id=1949342566595952640, user_type=EMPLOYEE, oper_raw=True, is_service=True, is_customer=False, create_time=2025-07-27 13:34:19
2025-12-12 10:35:00 [INFO] : 👀 工单 1949327387091009537 评论巡检: id=1950735942608224256, user_type=EMPLOYEE, oper_raw=True, is_service=True, is_customer=False, create_time=2025-07-31 09:51:06
2025-12-12 10:35:00 [INFO] : 👀 工单 1949327387091009537 评论巡检: id=1950736106676813824, user_type=EMPLOYEE, oper_raw=True, is_service=True, is_customer=False, create_time=2025-07-31 09:51:45
2025-12-12 10:35:00 [INFO] : 👀 工单 1949327387091009537 评论巡检: id=1950737335951818752, user_type=EMPLOYEE, oper_raw=True, is_service=True, is_customer=False, create_time=2025-07-31 09:56:38
2025-12-12 10:35:00 [INFO] : 👀 工单 1949327387091009537 评论巡检: id=1951838224397631488, user_type=EMPLOYEE, oper_raw=True, is_service=True, is_customer=False, create_time=2025-08-03 10:51:10
2025-12-12 10:35:00 [INFO] : 👀 工单 1949327387091009537 评论巡检: id=1955120942875148288, user_type=EMPLOYEE, oper_raw=True, is_service=True, is_customer=False, create_time=2025-08-12 12:15:31
2025-12-12 10:35:00 [INFO] : 👀 工单 1949327387091009537 评论巡检: id=1957749391729098752, user_type=EMPLOYEE, oper_raw=True, is_service=True, is_customer=False, create_time=2025-08-19 18:20:02
2025-12-12 10:35:00 [INFO] : 👀 工单 1949327387091009537 评论巡检: id=1957749435387609088, user_type=EMPLOYEE, oper_raw=True, is_service=True, is_customer=False, create_time=2025-08-19 18:20:13
2025-12-12 10:35:00 [INFO] : ⏱️ 工单 1949327387091009537 首响计算: first_customer_message_time=None, first_service_reply_time=None, response_seconds=None, threshold_seconds=120, is_timeout=False
2025-12-12 10:35:00 [INFO] : 🧾 工单 1949327387091009537 首响开关: work_type=AFTER_SALE, work_table_name=t_work_2025, is_after_sale=True, raw_comments=11, valid_comments=10
2025-12-12 10:35:00 [INFO] : ✅ 工单 1949327387091009537 有 10 条有效评论，构建完成对话数据
2025-12-12 10:35:00 [INFO] : 工单 1949327387091009537 AI状态更新为: PENDING
2025-12-12 10:35:00 [INFO] : 📋 处理工单 1949327354211860481 (43/50) - 评论表: t_work_comment_2025
2025-12-12 10:35:00 [INFO] : 从表 t_work_comment_2025 获取工单 1949327354211860481 的 9 条完整对话记录（包含客户和客服）
2025-12-12 10:35:00 [INFO] : 💭 工单 1949327354211860481 获取到 9 条原始评论
2025-12-12 10:35:00 [INFO] : 🔍 工单 1949327354211860481 开始去噪处理 8 条有效评论...
2025-12-12 10:35:00 [INFO] : 🔍 开始过滤评论，原始数量: 8
2025-12-12 10:35:00 [INFO] : ✅ 评论过滤完成:
2025-12-12 10:35:00 [INFO] :   📥 原始数量: 8
2025-12-12 10:35:00 [INFO] :   📤 过滤后数量: 8
2025-12-12 10:35:00 [INFO] :   🗑️ 移除数量: 0
2025-12-12 10:35:00 [INFO] :   📊 过滤率: 0.0%
2025-12-12 10:35:00 [INFO] : ✅ 创建批次记录: batch_20251212_103500_9ae0eb6e, 工单数: 1
2025-12-12 10:35:00 [INFO] : ✅ 更新批次统计: batch_20251212_103500_9ae0eb6e, 状态: COMPLETED
2025-12-12 10:35:00 [INFO] : ✅ 保存工单 1949327354211860481 去噪记录成功，批次: batch_20251212_103500_9ae0eb6e
2025-12-12 10:35:00 [INFO] : ✅ 工单 1949327354211860481 去噪完成: 8 -> 8 条评论
2025-12-12 10:35:00 [INFO] : ⏳ 工单 1949327354211860481 首响计算开始，评论总数=9
2025-12-12 10:35:00 [INFO] : 👀 工单 1949327354211860481 评论巡检: id=1949327354438352896, user_type=EMPLOYEE, oper_raw=True, is_service=True, is_customer=False, create_time=2025-07-27 12:33:52
2025-12-12 10:35:00 [INFO] : 👀 工单 1949327354211860481 评论巡检: id=1949327386206011392, user_type=EMPLOYEE, oper_raw=True, is_service=True, is_customer=False, create_time=2025-07-27 12:34:00
2025-12-12 10:35:00 [INFO] : 👀 工单 1949327354211860481 评论巡检: id=1949327615751880704, user_type=EMPLOYEE, oper_raw=True, is_service=True, is_customer=False, create_time=2025-07-27 12:34:55
2025-12-12 10:35:00 [INFO] : 👀 工单 1949327354211860481 评论巡检: id=1949327672957992960, user_type=EMPLOYEE, oper_raw=True, is_service=True, is_customer=False, create_time=2025-07-27 12:35:08
2025-12-12 10:35:00 [INFO] : 👀 工单 1949327354211860481 评论巡检: id=1949328846150959104, user_type=EMPLOYEE, oper_raw=True, is_service=True, is_customer=False, create_time=2025-07-27 12:39:48
2025-12-12 10:35:00 [INFO] : 👀 工单 1949327354211860481 评论巡检: id=1949331253366882304, user_type=EMPLOYEE, oper_raw=True, is_service=True, is_customer=False, create_time=2025-07-27 12:49:22
2025-12-12 10:35:00 [INFO] : 👀 工单 1949327354211860481 评论巡检: id=1949690843942092800, user_type=EMPLOYEE, oper_raw=True, is_service=True, is_customer=False, create_time=2025-07-28 12:38:15
2025-12-12 10:35:00 [INFO] : 👀 工单 1949327354211860481 评论巡检: id=1949690950074761216, user_type=EMPLOYEE, oper_raw=True, is_service=True, is_customer=False, create_time=2025-07-28 12:38:40
2025-12-12 10:35:00 [INFO] : 👀 工单 1949327354211860481 评论巡检: id=1951272691528892416, user_type=EMPLOYEE, oper_raw=True, is_service=True, is_customer=False, create_time=2025-08-01 21:23:57
2025-12-12 10:35:00 [INFO] : ⏱️ 工单 1949327354211860481 首响计算: first_customer_message_time=None, first_service_reply_time=None, response_seconds=None, threshold_seconds=120, is_timeout=False
2025-12-12 10:35:00 [INFO] : 🧾 工单 1949327354211860481 首响开关: work_type=AFTER_SALE, work_table_name=t_work_2025, is_after_sale=True, raw_comments=9, valid_comments=8
2025-12-12 10:35:00 [INFO] : ✅ 工单 1949327354211860481 有 8 条有效评论，构建完成对话数据
2025-12-12 10:35:00 [INFO] : 工单 1949327354211860481 AI状态更新为: PENDING
2025-12-12 10:35:00 [INFO] : 📋 处理工单 1949327350265020417 (44/50) - 评论表: t_work_comment_2025
2025-12-12 10:35:00 [INFO] : 从表 t_work_comment_2025 获取工单 1949327350265020417 的 4 条完整对话记录（包含客户和客服）
2025-12-12 10:35:00 [INFO] : 💭 工单 1949327350265020417 获取到 4 条原始评论
2025-12-12 10:35:00 [INFO] : 🔍 工单 1949327350265020417 开始去噪处理 4 条有效评论...
2025-12-12 10:35:00 [INFO] : 🔍 开始过滤评论，原始数量: 4
2025-12-12 10:35:00 [INFO] : ✅ 评论过滤完成:
2025-12-12 10:35:00 [INFO] :   📥 原始数量: 4
2025-12-12 10:35:00 [INFO] :   📤 过滤后数量: 4
2025-12-12 10:35:00 [INFO] :   🗑️ 移除数量: 0
2025-12-12 10:35:00 [INFO] :   📊 过滤率: 0.0%
2025-12-12 10:35:00 [INFO] : ✅ 创建批次记录: batch_20251212_103500_216086a9, 工单数: 1
2025-12-12 10:35:00 [INFO] : ✅ 更新批次统计: batch_20251212_103500_216086a9, 状态: COMPLETED
2025-12-12 10:35:00 [INFO] : ✅ 保存工单 1949327350265020417 去噪记录成功，批次: batch_20251212_103500_216086a9
2025-12-12 10:35:00 [INFO] : ✅ 工单 1949327350265020417 去噪完成: 4 -> 4 条评论
2025-12-12 10:35:00 [INFO] : ⏳ 工单 1949327350265020417 首响计算开始，评论总数=4
2025-12-12 10:35:00 [INFO] : 👀 工单 1949327350265020417 评论巡检: id=1949327350495707136, user_type=SELLER, oper_raw=True, is_service=False, is_customer=True, create_time=2025-07-27 12:33:51
2025-12-12 10:35:00 [INFO] : 🎯 工单 1949327350265020417 首条客户消息锁定: 2025-07-27 12:33:51
2025-12-12 10:35:00 [INFO] : 👀 工单 1949327350265020417 评论巡检: id=1949327368086618112, user_type=EMPLOYEE, oper_raw=True, is_service=True, is_customer=False, create_time=2025-07-27 12:33:55
2025-12-12 10:35:00 [INFO] : 🎯 工单 1949327350265020417 首条客服回复锁定: 2025-07-27 12:33:55
2025-12-12 10:35:00 [INFO] : ⏱️ 工单 1949327350265020417 首响计算: first_customer_message_time=2025-07-27 12:33:51, first_service_reply_time=2025-07-27 12:33:55, response_seconds=4, threshold_seconds=120, is_timeout=False
2025-12-12 10:35:00 [INFO] : 🧾 工单 1949327350265020417 首响开关: work_type=AFTER_SALE, work_table_name=t_work_2025, is_after_sale=True, raw_comments=4, valid_comments=4
2025-12-12 10:35:00 [INFO] : ✅ 工单 1949327350265020417 有 4 条有效评论，构建完成对话数据
2025-12-12 10:35:00 [INFO] : 工单 1949327350265020417 AI状态更新为: PENDING
2025-12-12 10:35:00 [INFO] : 📋 处理工单 1949327278584365057 (45/50) - 评论表: t_work_comment_2025
2025-12-12 10:35:00 [INFO] : 从表 t_work_comment_2025 获取工单 1949327278584365057 的 4 条完整对话记录（包含客户和客服）
2025-12-12 10:35:00 [INFO] : 💭 工单 1949327278584365057 获取到 4 条原始评论
2025-12-12 10:35:00 [INFO] : 🔍 工单 1949327278584365057 开始去噪处理 3 条有效评论...
2025-12-12 10:35:00 [INFO] : 🔍 开始过滤评论，原始数量: 3
2025-12-12 10:35:00 [INFO] : ✅ 评论过滤完成:
2025-12-12 10:35:00 [INFO] :   📥 原始数量: 3
2025-12-12 10:35:00 [INFO] :   📤 过滤后数量: 3
2025-12-12 10:35:00 [INFO] :   🗑️ 移除数量: 0
2025-12-12 10:35:00 [INFO] :   📊 过滤率: 0.0%
2025-12-12 10:35:00 [INFO] : ✅ 创建批次记录: batch_20251212_103500_aa49e8cc, 工单数: 1
2025-12-12 10:35:00 [INFO] : ✅ 更新批次统计: batch_20251212_103500_aa49e8cc, 状态: COMPLETED
2025-12-12 10:35:00 [INFO] : ✅ 保存工单 1949327278584365057 去噪记录成功，批次: batch_20251212_103500_aa49e8cc
2025-12-12 10:35:00 [INFO] : ✅ 工单 1949327278584365057 去噪完成: 3 -> 3 条评论
2025-12-12 10:35:00 [INFO] : 🧾 工单 1949327278584365057 首响开关: work_type=URGE_INSTALL, work_table_name=t_work_2025, is_after_sale=False, raw_comments=4, valid_comments=3
2025-12-12 10:35:00 [INFO] : ✅ 工单 1949327278584365057 有 3 条有效评论，构建完成对话数据
2025-12-12 10:35:00 [INFO] : 工单 1949327278584365057 AI状态更新为: PENDING
2025-12-12 10:35:00 [INFO] : 📋 处理工单 1949327245172539393 (46/50) - 评论表: t_work_comment_2025
2025-12-12 10:35:00 [INFO] : 从表 t_work_comment_2025 获取工单 1949327245172539393 的 3 条完整对话记录（包含客户和客服）
2025-12-12 10:35:00 [INFO] : 💭 工单 1949327245172539393 获取到 3 条原始评论
2025-12-12 10:35:00 [INFO] : 🔍 工单 1949327245172539393 开始去噪处理 2 条有效评论...
2025-12-12 10:35:00 [INFO] : 🔍 开始过滤评论，原始数量: 2
2025-12-12 10:35:00 [INFO] : ✅ 评论过滤完成:
2025-12-12 10:35:00 [INFO] :   📥 原始数量: 2
2025-12-12 10:35:00 [INFO] :   📤 过滤后数量: 2
2025-12-12 10:35:00 [INFO] :   🗑️ 移除数量: 0
2025-12-12 10:35:00 [INFO] :   📊 过滤率: 0.0%
2025-12-12 10:35:00 [INFO] : ✅ 创建批次记录: batch_20251212_103500_5e27c9d2, 工单数: 1
2025-12-12 10:35:00 [INFO] : ✅ 更新批次统计: batch_20251212_103500_5e27c9d2, 状态: COMPLETED
2025-12-12 10:35:00 [INFO] : ✅ 保存工单 1949327245172539393 去噪记录成功，批次: batch_20251212_103500_5e27c9d2
2025-12-12 10:35:00 [INFO] : ✅ 工单 1949327245172539393 去噪完成: 2 -> 2 条评论
2025-12-12 10:35:00 [INFO] : 🧾 工单 1949327245172539393 首响开关: work_type=SHOP_NO_ORDER, work_table_name=t_work_2025, is_after_sale=False, raw_comments=3, valid_comments=2
2025-12-12 10:35:00 [INFO] : ✅ 工单 1949327245172539393 有 2 条有效评论，构建完成对话数据
2025-12-12 10:35:00 [INFO] : 工单 1949327245172539393 AI状态更新为: PENDING
2025-12-12 10:35:00 [INFO] : 📋 处理工单 1949327242685317121 (47/50) - 评论表: t_work_comment_2025
2025-12-12 10:35:00 [INFO] : 从表 t_work_comment_2025 获取工单 1949327242685317121 的 6 条完整对话记录（包含客户和客服）
2025-12-12 10:35:00 [INFO] : 💭 工单 1949327242685317121 获取到 6 条原始评论
2025-12-12 10:35:00 [INFO] : 🔍 工单 1949327242685317121 开始去噪处理 4 条有效评论...
2025-12-12 10:35:00 [INFO] : 🔍 开始过滤评论，原始数量: 4
2025-12-12 10:35:00 [INFO] : ✅ 评论过滤完成:
2025-12-12 10:35:00 [INFO] :   📥 原始数量: 4
2025-12-12 10:35:00 [INFO] :   📤 过滤后数量: 4
2025-12-12 10:35:00 [INFO] :   🗑️ 移除数量: 0
2025-12-12 10:35:00 [INFO] :   📊 过滤率: 0.0%
2025-12-12 10:35:00 [INFO] : ✅ 创建批次记录: batch_20251212_103500_848fcb80, 工单数: 1
2025-12-12 10:35:00 [INFO] : ✅ 更新批次统计: batch_20251212_103500_848fcb80, 状态: COMPLETED
2025-12-12 10:35:00 [INFO] : ✅ 保存工单 1949327242685317121 去噪记录成功，批次: batch_20251212_103500_848fcb80
2025-12-12 10:35:00 [INFO] : ✅ 工单 1949327242685317121 去噪完成: 4 -> 4 条评论
2025-12-12 10:35:00 [INFO] : ⏳ 工单 1949327242685317121 首响计算开始，评论总数=6
2025-12-12 10:35:00 [INFO] : 👀 工单 1949327242685317121 评论巡检: id=1949327242895032320, user_type=EMPLOYEE, oper_raw=True, is_service=True, is_customer=False, create_time=2025-07-27 12:33:26
2025-12-12 10:35:00 [INFO] : 👀 工单 1949327242685317121 评论巡检: id=1949327353729515520, user_type=EMPLOYEE, oper_raw=True, is_service=True, is_customer=False, create_time=2025-07-27 12:33:52
2025-12-12 10:35:00 [INFO] : 👀 工单 1949327242685317121 评论巡检: id=1949328769533607936, user_type=EMPLOYEE, oper_raw=True, is_service=True, is_customer=False, create_time=2025-07-27 12:39:30
2025-12-12 10:35:00 [INFO] : 👀 工单 1949327242685317121 评论巡检: id=1949328848902422528, user_type=EMPLOYEE, oper_raw=True, is_service=True, is_customer=False, create_time=2025-07-27 12:39:49
2025-12-12 10:35:00 [INFO] : 👀 工单 1949327242685317121 评论巡检: id=1949329422477688832, user_type=EMPLOYEE, oper_raw=True, is_service=True, is_customer=False, create_time=2025-07-27 12:42:05
2025-12-12 10:35:00 [INFO] : 👀 工单 1949327242685317121 评论巡检: id=1949329473908244480, user_type=EMPLOYEE, oper_raw=True, is_service=True, is_customer=False, create_time=2025-07-27 12:42:18
2025-12-12 10:35:00 [INFO] : ⏱️ 工单 1949327242685317121 首响计算: first_customer_message_time=None, first_service_reply_time=None, response_seconds=None, threshold_seconds=120, is_timeout=False
2025-12-12 10:35:00 [INFO] : 🧾 工单 1949327242685317121 首响开关: work_type=AFTER_SALE, work_table_name=t_work_2025, is_after_sale=True, raw_comments=6, valid_comments=4
2025-12-12 10:35:00 [INFO] : ✅ 工单 1949327242685317121 有 4 条有效评论，构建完成对话数据
2025-12-12 10:35:00 [INFO] : 工单 1949327242685317121 AI状态更新为: PENDING
2025-12-12 10:35:00 [INFO] : 📋 处理工单 1949327235726966784 (48/50) - 评论表: t_work_comment_2025
2025-12-12 10:35:00 [INFO] : 从表 t_work_comment_2025 获取工单 1949327235726966784 的 3 条完整对话记录（包含客户和客服）
2025-12-12 10:35:00 [INFO] : 💭 工单 1949327235726966784 获取到 3 条原始评论
2025-12-12 10:35:00 [INFO] : 🔍 工单 1949327235726966784 开始去噪处理 3 条有效评论...
2025-12-12 10:35:00 [INFO] : 🔍 开始过滤评论，原始数量: 3
2025-12-12 10:35:00 [INFO] : ✅ 评论过滤完成:
2025-12-12 10:35:00 [INFO] :   📥 原始数量: 3
2025-12-12 10:35:00 [INFO] :   📤 过滤后数量: 3
2025-12-12 10:35:00 [INFO] :   🗑️ 移除数量: 0
2025-12-12 10:35:00 [INFO] :   📊 过滤率: 0.0%
2025-12-12 10:35:00 [INFO] : ✅ 创建批次记录: batch_20251212_103500_a79cc94b, 工单数: 1
2025-12-12 10:35:00 [INFO] : ✅ 更新批次统计: batch_20251212_103500_a79cc94b, 状态: COMPLETED
2025-12-12 10:35:00 [INFO] : ✅ 保存工单 1949327235726966784 去噪记录成功，批次: batch_20251212_103500_a79cc94b
2025-12-12 10:35:00 [INFO] : ✅ 工单 1949327235726966784 去噪完成: 3 -> 3 条评论
2025-12-12 10:35:00 [INFO] : 🧾 工单 1949327235726966784 首响开关: work_type=URGE_INSTALL, work_table_name=t_work_2025, is_after_sale=False, raw_comments=3, valid_comments=3
2025-12-12 10:35:00 [INFO] : ✅ 工单 1949327235726966784 有 3 条有效评论，构建完成对话数据
2025-12-12 10:35:00 [INFO] : 工单 1949327235726966784 AI状态更新为: PENDING
2025-12-12 10:35:00 [INFO] : 📋 处理工单 1949327189346353153 (49/50) - 评论表: t_work_comment_2025
2025-12-12 10:35:00 [INFO] : 从表 t_work_comment_2025 获取工单 1949327189346353153 的 4 条完整对话记录（包含客户和客服）
2025-12-12 10:35:00 [INFO] : 💭 工单 1949327189346353153 获取到 4 条原始评论
2025-12-12 10:35:00 [INFO] : 🔍 工单 1949327189346353153 开始去噪处理 4 条有效评论...
2025-12-12 10:35:00 [INFO] : 🔍 开始过滤评论，原始数量: 4
2025-12-12 10:35:00 [INFO] : ✅ 评论过滤完成:
2025-12-12 10:35:00 [INFO] :   📥 原始数量: 4
2025-12-12 10:35:00 [INFO] :   📤 过滤后数量: 4
2025-12-12 10:35:00 [INFO] :   🗑️ 移除数量: 0
2025-12-12 10:35:00 [INFO] :   📊 过滤率: 0.0%
2025-12-12 10:35:00 [INFO] : ✅ 创建批次记录: batch_20251212_103500_2d3fff1f, 工单数: 1
2025-12-12 10:35:00 [INFO] : ✅ 更新批次统计: batch_20251212_103500_2d3fff1f, 状态: COMPLETED
2025-12-12 10:35:00 [INFO] : ✅ 保存工单 1949327189346353153 去噪记录成功，批次: batch_20251212_103500_2d3fff1f
2025-12-12 10:35:00 [INFO] : ✅ 工单 1949327189346353153 去噪完成: 4 -> 4 条评论
2025-12-12 10:35:00 [INFO] : ⏳ 工单 1949327189346353153 首响计算开始，评论总数=4
2025-12-12 10:35:00 [INFO] : 👀 工单 1949327189346353153 评论巡检: id=1949327189577039872, user_type=SELLER, oper_raw=True, is_service=False, is_customer=True, create_time=2025-07-27 12:33:13
2025-12-12 10:35:00 [INFO] : 🎯 工单 1949327189346353153 首条客户消息锁定: 2025-07-27 12:33:13
2025-12-12 10:35:00 [INFO] : 👀 工单 1949327189346353153 评论巡检: id=1949327212003983360, user_type=EMPLOYEE, oper_raw=True, is_service=True, is_customer=False, create_time=2025-07-27 12:33:18
2025-12-12 10:35:00 [INFO] : 🎯 工单 1949327189346353153 首条客服回复锁定: 2025-07-27 12:33:18
2025-12-12 10:35:00 [INFO] : ⏱️ 工单 1949327189346353153 首响计算: first_customer_message_time=2025-07-27 12:33:13, first_service_reply_time=2025-07-27 12:33:18, response_seconds=5, threshold_seconds=120, is_timeout=False
2025-12-12 10:35:00 [INFO] : 🧾 工单 1949327189346353153 首响开关: work_type=AFTER_SALE, work_table_name=t_work_2025, is_after_sale=True, raw_comments=4, valid_comments=4
2025-12-12 10:35:00 [INFO] : ✅ 工单 1949327189346353153 有 4 条有效评论，构建完成对话数据
2025-12-12 10:35:00 [INFO] : 工单 1949327189346353153 AI状态更新为: PENDING
2025-12-12 10:35:00 [INFO] : 📋 处理工单 1949327085671546881 (50/50) - 评论表: t_work_comment_2025
2025-12-12 10:35:00 [INFO] : 从表 t_work_comment_2025 获取工单 1949327085671546881 的 14 条完整对话记录（包含客户和客服）
2025-12-12 10:35:00 [INFO] : 💭 工单 1949327085671546881 获取到 14 条原始评论
2025-12-12 10:35:00 [INFO] : 🔍 工单 1949327085671546881 开始去噪处理 10 条有效评论...
2025-12-12 10:35:00 [INFO] : 🔍 开始过滤评论，原始数量: 10
2025-12-12 10:35:00 [INFO] : ✅ 评论过滤完成:
2025-12-12 10:35:00 [INFO] :   📥 原始数量: 10
2025-12-12 10:35:00 [INFO] :   📤 过滤后数量: 10
2025-12-12 10:35:00 [INFO] :   🗑️ 移除数量: 0
2025-12-12 10:35:00 [INFO] :   📊 过滤率: 0.0%
2025-12-12 10:35:00 [INFO] : ✅ 创建批次记录: batch_20251212_103500_3e7310bd, 工单数: 1
2025-12-12 10:35:00 [INFO] : ✅ 更新批次统计: batch_20251212_103500_3e7310bd, 状态: COMPLETED
2025-12-12 10:35:00 [INFO] : ✅ 保存工单 1949327085671546881 去噪记录成功，批次: batch_20251212_103500_3e7310bd
2025-12-12 10:35:00 [INFO] : ✅ 工单 1949327085671546881 去噪完成: 10 -> 10 条评论
2025-12-12 10:35:00 [INFO] : ⏳ 工单 1949327085671546881 首响计算开始，评论总数=14
2025-12-12 10:35:00 [INFO] : 👀 工单 1949327085671546881 评论巡检: id=1949327085906427904, user_type=EMPLOYEE, oper_raw=True, is_service=True, is_customer=False, create_time=2025-07-27 12:32:48
2025-12-12 10:35:00 [INFO] : 👀 工单 1949327085671546881 评论巡检: id=1949327131783725056, user_type=EMPLOYEE, oper_raw=True, is_service=True, is_customer=False, create_time=2025-07-27 12:32:59
2025-12-12 10:35:00 [INFO] : 👀 工单 1949327085671546881 评论巡检: id=1949327911513227264, user_type=EMPLOYEE, oper_raw=True, is_service=True, is_customer=False, create_time=2025-07-27 12:36:05
2025-12-12 10:35:00 [INFO] : 👀 工单 1949327085671546881 评论巡检: id=1949333680581246976, user_type=EMPLOYEE, oper_raw=True, is_service=True, is_customer=False, create_time=2025-07-27 12:59:00
2025-12-12 10:35:00 [INFO] : 👀 工单 1949327085671546881 评论巡检: id=1949340637228695552, user_type=EMPLOYEE, oper_raw=True, is_service=True, is_customer=False, create_time=2025-07-27 13:26:39
2025-12-12 10:35:00 [INFO] : 👀 工单 1949327085671546881 评论巡检: id=1949340779935694848, user_type=EMPLOYEE, oper_raw=True, is_service=True, is_customer=False, create_time=2025-07-27 13:27:13
2025-12-12 10:35:00 [INFO] : 👀 工单 1949327085671546881 评论巡检: id=1949341606033227776, user_type=EMPLOYEE, oper_raw=True, is_service=True, is_customer=False, create_time=2025-07-27 13:30:30
2025-12-12 10:35:00 [INFO] : 👀 工单 1949327085671546881 评论巡检: id=1949342883869884416, user_type=EMPLOYEE, oper_raw=True, is_service=True, is_customer=False, create_time=2025-07-27 13:35:35
2025-12-12 10:35:00 [INFO] : 👀 工单 1949327085671546881 评论巡检: id=1949342972843655168, user_type=EMPLOYEE, oper_raw=True, is_service=True, is_customer=False, create_time=2025-07-27 13:35:56
2025-12-12 10:35:00 [INFO] : 👀 工单 1949327085671546881 评论巡检: id=1949343174057000960, user_type=EMPLOYEE, oper_raw=True, is_service=True, is_customer=False, create_time=2025-07-27 13:36:44
2025-12-12 10:35:00 [INFO] : 👀 工单 1949327085671546881 评论巡检: id=1949343980604882944, user_type=EMPLOYEE, oper_raw=True, is_service=True, is_customer=False, create_time=2025-07-27 13:39:56
2025-12-12 10:35:00 [INFO] : 👀 工单 1949327085671546881 评论巡检: id=1949344244753760256, user_type=EMPLOYEE, oper_raw=True, is_service=True, is_customer=False, create_time=2025-07-27 13:40:59
2025-12-12 10:35:00 [INFO] : 👀 工单 1949327085671546881 评论巡检: id=1949690093052624896, user_type=EMPLOYEE, oper_raw=True, is_service=True, is_customer=False, create_time=2025-07-28 12:35:16
2025-12-12 10:35:00 [INFO] : 👀 工单 1949327085671546881 评论巡检: id=1949690203870330880, user_type=EMPLOYEE, oper_raw=True, is_service=True, is_customer=False, create_time=2025-07-28 12:35:42
2025-12-12 10:35:00 [INFO] : ⏱️ 工单 1949327085671546881 首响计算: first_customer_message_time=None, first_service_reply_time=None, response_seconds=None, threshold_seconds=120, is_timeout=False
2025-12-12 10:35:00 [INFO] : 🧾 工单 1949327085671546881 首响开关: work_type=AFTER_SALE, work_table_name=t_work_2025, is_after_sale=True, raw_comments=14, valid_comments=10
2025-12-12 10:35:00 [INFO] : ✅ 工单 1949327085671546881 有 10 条有效评论，构建完成对话数据
2025-12-12 10:35:00 [INFO] : 工单 1949327085671546881 AI状态更新为: PENDING
2025-12-12 10:35:00 [INFO] : ============================================================
2025-12-12 10:35:00 [INFO] : 📋 pending工单数据拉取完成总结:
2025-12-12 10:35:00 [INFO] :   📥 查询到工单总数: 50
2025-12-12 10:35:00 [INFO] :   💬 有评论可分析: 50
2025-12-12 10:35:00 [INFO] :   💭 无评论已完成: 0
2025-12-12 10:35:00 [INFO] :   🔍 执行去噪处理: 0
2025-12-12 10:35:00 [INFO] : ============================================================
2025-12-12 10:35:00 [INFO] : 📊 步骤1: pending数据拉取结果 - success: True
2025-12-12 10:35:00 [INFO] : ✅ 步骤1完成: 拉取pending数据成功，获取到 50 个工单
2025-12-12 10:35:00 [INFO] : 📊 pending工单统计详情:
2025-12-12 10:35:00 [INFO] :   📥 拉取工单总数: 50
2025-12-12 10:35:00 [INFO] :   💬 有评论待分析: 50
2025-12-12 10:35:00 [INFO] :   💭 无评论已处理: 0
2025-12-12 10:35:00 [INFO] :   🔍 去噪处理数量: 0
2025-12-12 10:35:00 [INFO] : 🔄 步骤2: 开始批量AI分析处理...
2025-12-12 10:35:00 [INFO] : ================================================================================
2025-12-12 10:35:00 [INFO] : 🧠 开始批量分析处理 50 个工单
2025-12-12 10:35:00 [INFO] : 📊 批量分析前预处理统计:
2025-12-12 10:35:00 [INFO] :   📥 输入工单总数: 50
2025-12-12 10:35:00 [INFO] :   🔄 去重后工单数: 50
2025-12-12 10:35:00 [INFO] :   💬 有评论可分析: 50
2025-12-12 10:35:00 [INFO] :   💭 无评论跳过: 0
2025-12-12 10:35:00 [INFO] : 🔒 开始原子性标记 50 个工单为处理中状态...
2025-12-12 10:35:00 [INFO] : ✅ 工单 1949326081144127489 成功标记为处理中 (1/50)
2025-12-12 10:35:00 [INFO] : ✅ 工单 1949326973822042113 成功标记为处理中 (2/50)
2025-12-12 10:35:00 [INFO] : ✅ 工单 1949326848546570241 成功标记为处理中 (3/50)
2025-12-12 10:35:00 [INFO] : ✅ 工单 1949326726140002305 成功标记为处理中 (4/50)
2025-12-12 10:35:00 [INFO] : ✅ 工单 1949326713787777025 成功标记为处理中 (5/50)
2025-12-12 10:35:00 [INFO] : ✅ 工单 1949326697132195841 成功标记为处理中 (6/50)
2025-12-12 10:35:00 [INFO] : ✅ 工单 1949326695437697025 成功标记为处理中 (7/50)
2025-12-12 10:35:00 [INFO] : ✅ 工单 1949326679914577921 成功标记为处理中 (8/50)
2025-12-12 10:35:00 [INFO] : ✅ 工单 1949326679394484225 成功标记为处理中 (9/50)
2025-12-12 10:35:00 [INFO] : ✅ 工单 1949326611706806272 成功标记为处理中 (10/50)
2025-12-12 10:35:00 [INFO] : ✅ 工单 1949326515707576321 成功标记为处理中 (11/50)
2025-12-12 10:35:00 [INFO] : ✅ 工单 1949326380105728001 成功标记为处理中 (12/50)
2025-12-12 10:35:00 [INFO] : ✅ 工单 1949326256264708097 成功标记为处理中 (13/50)
2025-12-12 10:35:00 [INFO] : ✅ 工单 1949328277248147457 成功标记为处理中 (14/50)
2025-12-12 10:35:00 [INFO] : ✅ 工单 1949326060730449921 成功标记为处理中 (15/50)
2025-12-12 10:35:00 [INFO] : ✅ 工单 1949325998331789313 成功标记为处理中 (16/50)
2025-12-12 10:35:00 [INFO] : ✅ 工单 1949325736158429185 成功标记为处理中 (17/50)
2025-12-12 10:35:00 [INFO] : ✅ 工单 1949325712607412225 成功标记为处理中 (18/50)
2025-12-12 10:35:00 [INFO] : ✅ 工单 1949325585465475073 成功标记为处理中 (19/50)
2025-12-12 10:35:00 [INFO] : ✅ 工单 1949325569556480000 成功标记为处理中 (20/50)
2025-12-12 10:35:00 [INFO] : ✅ 工单 1949325516909576193 成功标记为处理中 (21/50)
2025-12-12 10:35:00 [INFO] : ✅ 工单 1949325500316909569 成功标记为处理中 (22/50)
2025-12-12 10:35:00 [INFO] : ✅ 工单 1949325464703074305 成功标记为处理中 (23/50)
2025-12-12 10:35:00 [INFO] : ✅ 工单 1949325356150292481 成功标记为处理中 (24/50)
2025-12-12 10:35:00 [INFO] : ✅ 工单 1949325217188806657 成功标记为处理中 (25/50)
2025-12-12 10:35:00 [INFO] : ✅ 工单 1949327115862147073 成功标记为处理中 (26/50)
2025-12-12 10:35:00 [INFO] : ✅ 工单 1949328485289820161 成功标记为处理中 (27/50)
2025-12-12 10:35:00 [INFO] : ✅ 工单 1949328137598795777 成功标记为处理中 (28/50)
2025-12-12 10:35:00 [INFO] : ✅ 工单 1949328111464087553 成功标记为处理中 (29/50)
2025-12-12 10:35:00 [INFO] : ✅ 工单 1949328077356007424 成功标记为处理中 (30/50)
2025-12-12 10:35:00 [INFO] : ✅ 工单 1949328037573033985 成功标记为处理中 (31/50)
2025-12-12 10:35:00 [INFO] : ✅ 工单 1949327862972547073 成功标记为处理中 (32/50)
2025-12-12 10:35:00 [INFO] : ✅ 工单 1949327854047068161 成功标记为处理中 (33/50)
2025-12-12 10:35:00 [INFO] : ✅ 工单 1949327790289453057 成功标记为处理中 (34/50)
2025-12-12 10:35:00 [INFO] : ✅ 工单 1949327724359188481 成功标记为处理中 (35/50)
2025-12-12 10:35:00 [INFO] : ✅ 工单 1949327485376135169 成功标记为处理中 (36/50)
2025-12-12 10:35:00 [INFO] : ✅ 工单 1949327484264644609 成功标记为处理中 (37/50)
2025-12-12 10:35:00 [INFO] : ✅ 工单 1949327475871842305 成功标记为处理中 (38/50)
2025-12-12 10:35:00 [INFO] : ✅ 工单 1949327471635595265 成功标记为处理中 (39/50)
2025-12-12 10:35:00 [INFO] : ✅ 工单 1949327462760448001 成功标记为处理中 (40/50)
2025-12-12 10:35:00 [INFO] : ✅ 工单 1949327429055021056 成功标记为处理中 (41/50)
2025-12-12 10:35:00 [INFO] : ✅ 工单 1949327387091009537 成功标记为处理中 (42/50)
2025-12-12 10:35:00 [INFO] : ✅ 工单 1949327354211860481 成功标记为处理中 (43/50)
2025-12-12 10:35:00 [INFO] : ✅ 工单 1949327350265020417 成功标记为处理中 (44/50)
2025-12-12 10:35:00 [INFO] : ✅ 工单 1949327278584365057 成功标记为处理中 (45/50)
2025-12-12 10:35:00 [INFO] : ✅ 工单 1949327245172539393 成功标记为处理中 (46/50)
2025-12-12 10:35:00 [INFO] : ✅ 工单 1949327242685317121 成功标记为处理中 (47/50)
2025-12-12 10:35:00 [INFO] : ✅ 工单 1949327235726966784 成功标记为处理中 (48/50)
2025-12-12 10:35:00 [INFO] : ✅ 工单 1949327189346353153 成功标记为处理中 (49/50)
2025-12-12 10:35:00 [INFO] : ✅ 工单 1949327085671546881 成功标记为处理中 (50/50)
2025-12-12 10:35:00 [INFO] : 🔒 批量状态标记完成: 50/50 个工单成功标记为处理中状态
2025-12-12 10:35:00 [INFO] : 📋 工单 #1: ID=1949326081144127489, 评论数=4
2025-12-12 10:35:00 [INFO] : 📋 工单 #2: ID=1949326973822042113, 评论数=4
2025-12-12 10:35:00 [INFO] : 📋 工单 #3: ID=1949326848546570241, 评论数=5
2025-12-12 10:35:00 [INFO] : 🔄 准备创建 50 个分析任务，并发数: 5
2025-12-12 10:35:00 [INFO] : ⚡ 开始执行批量分析任务 - 目标工单数: 50, 并发数: 5
2025-12-12 10:35:00 [INFO] : 🔍 开始分析工单 1949326081144127489 的对话
2025-12-12 10:35:00 [INFO] : 成功从数据库加载 1 个关键词配置分类
2025-12-12 10:35:00 [INFO] : 📊 工单 1949326081144127489 关键词筛选结果: 可疑=False, 置信度=0.000
2025-12-12 10:35:00 [INFO] : ⏭️ 工单 1949326081144127489 未命中关键词阈值（置信度: 0.000），判定为低风险，不保存
2025-12-12 10:35:00 [INFO] : 🔍 开始分析工单 1949326973822042113 的对话
2025-12-12 10:35:00 [INFO] : 成功从数据库加载 1 个关键词配置分类
2025-12-12 10:35:00 [INFO] : 📊 工单 1949326973822042113 关键词筛选结果: 可疑=False, 置信度=0.000
2025-12-12 10:35:00 [INFO] : ⏭️ 工单 1949326973822042113 未命中关键词阈值（置信度: 0.000），判定为低风险，不保存
2025-12-12 10:35:00 [INFO] : 🔍 开始分析工单 1949326848546570241 的对话
2025-12-12 10:35:00 [INFO] : 成功从数据库加载 1 个关键词配置分类
2025-12-12 10:35:00 [INFO] : 📊 工单 1949326848546570241 关键词筛选结果: 可疑=False, 置信度=0.000
2025-12-12 10:35:00 [INFO] : ⏭️ 工单 1949326848546570241 未命中关键词阈值（置信度: 0.000），判定为低风险，不保存
2025-12-12 10:35:00 [INFO] : 🔍 开始分析工单 1949326726140002305 的对话
2025-12-12 10:35:00 [INFO] : 成功从数据库加载 1 个关键词配置分类
2025-12-12 10:35:00 [INFO] : 📊 工单 1949326726140002305 关键词筛选结果: 可疑=False, 置信度=0.200
2025-12-12 10:35:00 [INFO] : ⏭️ 工单 1949326726140002305 未命中关键词阈值（置信度: 0.200），判定为低风险，不保存
2025-12-12 10:35:00 [INFO] : 🔍 开始分析工单 1949326713787777025 的对话
2025-12-12 10:35:00 [INFO] : 成功从数据库加载 1 个关键词配置分类
2025-12-12 10:35:00 [INFO] : 📊 工单 1949326713787777025 关键词筛选结果: 可疑=False, 置信度=0.200
2025-12-12 10:35:00 [INFO] : ⏭️ 工单 1949326713787777025 未命中关键词阈值（置信度: 0.200），判定为低风险，不保存
2025-12-12 10:35:00 [INFO] : 🔍 开始分析工单 1949326697132195841 的对话
2025-12-12 10:35:00 [INFO] : 成功从数据库加载 1 个关键词配置分类
2025-12-12 10:35:00 [INFO] : 📊 工单 1949326697132195841 关键词筛选结果: 可疑=False, 置信度=0.000
2025-12-12 10:35:00 [INFO] : ⏭️ 工单 1949326697132195841 未命中关键词阈值（置信度: 0.000），判定为低风险，不保存
2025-12-12 10:35:00 [INFO] : 🔍 开始分析工单 1949326695437697025 的对话
2025-12-12 10:35:00 [INFO] : 成功从数据库加载 1 个关键词配置分类
2025-12-12 10:35:00 [INFO] : 📊 工单 1949326695437697025 关键词筛选结果: 可疑=False, 置信度=0.000
2025-12-12 10:35:00 [INFO] : ⏭️ 工单 1949326695437697025 未命中关键词阈值（置信度: 0.000），判定为低风险，不保存
2025-12-12 10:35:00 [INFO] : 🔍 开始分析工单 1949326679914577921 的对话
2025-12-12 10:35:00 [INFO] : 成功从数据库加载 1 个关键词配置分类
2025-12-12 10:35:00 [INFO] : 📊 工单 1949326679914577921 关键词筛选结果: 可疑=False, 置信度=0.000
2025-12-12 10:35:00 [INFO] : ⏭️ 工单 1949326679914577921 未命中关键词阈值（置信度: 0.000），判定为低风险，不保存
2025-12-12 10:35:00 [INFO] : 🔍 开始分析工单 1949326679394484225 的对话
2025-12-12 10:35:00 [INFO] : 成功从数据库加载 1 个关键词配置分类
2025-12-12 10:35:00 [INFO] : 📊 工单 1949326679394484225 关键词筛选结果: 可疑=False, 置信度=0.000
2025-12-12 10:35:00 [INFO] : ⏭️ 工单 1949326679394484225 未命中关键词阈值（置信度: 0.000），判定为低风险，不保存
2025-12-12 10:35:00 [INFO] : 🔍 开始分析工单 1949326611706806272 的对话
2025-12-12 10:35:00 [INFO] : 成功从数据库加载 1 个关键词配置分类
2025-12-12 10:35:00 [INFO] : 📊 工单 1949326611706806272 关键词筛选结果: 可疑=False, 置信度=0.000
2025-12-12 10:35:00 [INFO] : ⏭️ 工单 1949326611706806272 未命中关键词阈值（置信度: 0.000），判定为低风险，不保存
2025-12-12 10:35:00 [INFO] : 🔍 开始分析工单 1949326515707576321 的对话
2025-12-12 10:35:00 [INFO] : 成功从数据库加载 1 个关键词配置分类
2025-12-12 10:35:00 [INFO] : 📊 工单 1949326515707576321 关键词筛选结果: 可疑=False, 置信度=0.000
2025-12-12 10:35:00 [INFO] : ⏭️ 工单 1949326515707576321 未命中关键词阈值（置信度: 0.000），判定为低风险，不保存
2025-12-12 10:35:00 [INFO] : 🔍 开始分析工单 1949326380105728001 的对话
2025-12-12 10:35:00 [INFO] : 成功从数据库加载 1 个关键词配置分类
2025-12-12 10:35:00 [INFO] : 📊 工单 1949326380105728001 关键词筛选结果: 可疑=False, 置信度=0.000
2025-12-12 10:35:00 [INFO] : ⏭️ 工单 1949326380105728001 未命中关键词阈值（置信度: 0.000），判定为低风险，不保存
2025-12-12 10:35:00 [INFO] : 🔍 开始分析工单 1949326256264708097 的对话
2025-12-12 10:35:00 [INFO] : 成功从数据库加载 1 个关键词配置分类
2025-12-12 10:35:00 [INFO] : 📊 工单 1949326256264708097 关键词筛选结果: 可疑=False, 置信度=0.000
2025-12-12 10:35:00 [INFO] : ⏭️ 工单 1949326256264708097 未命中关键词阈值（置信度: 0.000），判定为低风险，不保存
2025-12-12 10:35:00 [INFO] : 🔍 开始分析工单 1949328277248147457 的对话
2025-12-12 10:35:00 [INFO] : 成功从数据库加载 1 个关键词配置分类
2025-12-12 10:35:00 [INFO] : 📊 工单 1949328277248147457 关键词筛选结果: 可疑=False, 置信度=0.000
2025-12-12 10:35:00 [INFO] : ⏭️ 工单 1949328277248147457 未命中关键词阈值（置信度: 0.000），判定为低风险，不保存
2025-12-12 10:35:00 [INFO] : 🔍 开始分析工单 1949326060730449921 的对话
2025-12-12 10:35:00 [INFO] : 成功从数据库加载 1 个关键词配置分类
2025-12-12 10:35:00 [INFO] : 📊 工单 1949326060730449921 关键词筛选结果: 可疑=False, 置信度=0.000
2025-12-12 10:35:00 [INFO] : ⏭️ 工单 1949326060730449921 未命中关键词阈值（置信度: 0.000），判定为低风险，不保存
2025-12-12 10:35:00 [INFO] : 🔍 开始分析工单 1949325998331789313 的对话
2025-12-12 10:35:00 [INFO] : 成功从数据库加载 1 个关键词配置分类
2025-12-12 10:35:00 [INFO] : 📊 工单 1949325998331789313 关键词筛选结果: 可疑=False, 置信度=0.000
2025-12-12 10:35:00 [INFO] : ⏭️ 工单 1949325998331789313 未命中关键词阈值（置信度: 0.000），判定为低风险，不保存
2025-12-12 10:35:00 [INFO] : 🔍 开始分析工单 1949325736158429185 的对话
2025-12-12 10:35:00 [INFO] : 成功从数据库加载 1 个关键词配置分类
2025-12-12 10:35:00 [INFO] : 📊 工单 1949325736158429185 关键词筛选结果: 可疑=False, 置信度=0.000
2025-12-12 10:35:00 [INFO] : ⏭️ 工单 1949325736158429185 未命中关键词阈值（置信度: 0.000），判定为低风险，不保存
2025-12-12 10:35:00 [INFO] : 🔍 开始分析工单 1949325712607412225 的对话
2025-12-12 10:35:00 [INFO] : 成功从数据库加载 1 个关键词配置分类
2025-12-12 10:35:00 [INFO] : 📊 工单 1949325712607412225 关键词筛选结果: 可疑=False, 置信度=0.000
2025-12-12 10:35:00 [INFO] : ⏭️ 工单 1949325712607412225 未命中关键词阈值（置信度: 0.000），判定为低风险，不保存
2025-12-12 10:35:00 [INFO] : 🔍 开始分析工单 1949325585465475073 的对话
2025-12-12 10:35:00 [INFO] : 成功从数据库加载 1 个关键词配置分类
2025-12-12 10:35:00 [INFO] : 📊 工单 1949325585465475073 关键词筛选结果: 可疑=False, 置信度=0.000
2025-12-12 10:35:00 [INFO] : ⏭️ 工单 1949325585465475073 未命中关键词阈值（置信度: 0.000），判定为低风险，不保存
2025-12-12 10:35:00 [INFO] : 🔍 开始分析工单 1949325569556480000 的对话
2025-12-12 10:35:00 [INFO] : 成功从数据库加载 1 个关键词配置分类
2025-12-12 10:35:00 [INFO] : 📊 工单 1949325569556480000 关键词筛选结果: 可疑=False, 置信度=0.000
2025-12-12 10:35:00 [INFO] : ⏭️ 工单 1949325569556480000 未命中关键词阈值（置信度: 0.000），判定为低风险，不保存
2025-12-12 10:35:00 [INFO] : 🔍 开始分析工单 1949325516909576193 的对话
2025-12-12 10:35:00 [INFO] : 成功从数据库加载 1 个关键词配置分类
2025-12-12 10:35:00 [INFO] : 📊 工单 1949325516909576193 关键词筛选结果: 可疑=False, 置信度=0.000
2025-12-12 10:35:00 [INFO] : ⏭️ 工单 1949325516909576193 未命中关键词阈值（置信度: 0.000），判定为低风险，不保存
2025-12-12 10:35:00 [INFO] : 🔍 开始分析工单 1949325500316909569 的对话
2025-12-12 10:35:00 [INFO] : 成功从数据库加载 1 个关键词配置分类
2025-12-12 10:35:00 [INFO] : 📊 工单 1949325500316909569 关键词筛选结果: 可疑=False, 置信度=0.000
2025-12-12 10:35:00 [INFO] : ⏭️ 工单 1949325500316909569 未命中关键词阈值（置信度: 0.000），判定为低风险，不保存
2025-12-12 10:35:00 [INFO] : 🔍 开始分析工单 1949325464703074305 的对话
2025-12-12 10:35:00 [INFO] : 成功从数据库加载 1 个关键词配置分类
2025-12-12 10:35:00 [INFO] : 📊 工单 1949325464703074305 关键词筛选结果: 可疑=False, 置信度=0.200
2025-12-12 10:35:00 [INFO] : ⏭️ 工单 1949325464703074305 未命中关键词阈值（置信度: 0.200），判定为低风险，不保存
2025-12-12 10:35:00 [INFO] : 🔍 开始分析工单 1949325356150292481 的对话
2025-12-12 10:35:00 [INFO] : 成功从数据库加载 1 个关键词配置分类
2025-12-12 10:35:00 [INFO] : 📊 工单 1949325356150292481 关键词筛选结果: 可疑=False, 置信度=0.000
2025-12-12 10:35:00 [INFO] : ⏭️ 工单 1949325356150292481 未命中关键词阈值（置信度: 0.000），判定为低风险，不保存
2025-12-12 10:35:00 [INFO] : 🔍 开始分析工单 1949325217188806657 的对话
2025-12-12 10:35:00 [INFO] : 成功从数据库加载 1 个关键词配置分类
2025-12-12 10:35:00 [INFO] : 📊 工单 1949325217188806657 关键词筛选结果: 可疑=False, 置信度=0.200
2025-12-12 10:35:00 [INFO] : ⏭️ 工单 1949325217188806657 未命中关键词阈值（置信度: 0.200），判定为低风险，不保存
2025-12-12 10:35:00 [INFO] : 🔍 开始分析工单 1949327115862147073 的对话
2025-12-12 10:35:00 [INFO] : 成功从数据库加载 1 个关键词配置分类
2025-12-12 10:35:00 [INFO] : 📊 工单 1949327115862147073 关键词筛选结果: 可疑=False, 置信度=0.000
2025-12-12 10:35:00 [INFO] : ⏭️ 工单 1949327115862147073 未命中关键词阈值（置信度: 0.000），判定为低风险，不保存
2025-12-12 10:35:00 [INFO] : 🔍 开始分析工单 1949328485289820161 的对话
2025-12-12 10:35:00 [INFO] : 成功从数据库加载 1 个关键词配置分类
2025-12-12 10:35:00 [INFO] : 📊 工单 1949328485289820161 关键词筛选结果: 可疑=False, 置信度=0.200
2025-12-12 10:35:00 [INFO] : ⏭️ 工单 1949328485289820161 未命中关键词阈值（置信度: 0.200），判定为低风险，不保存
2025-12-12 10:35:00 [INFO] : 🔍 开始分析工单 1949328137598795777 的对话
2025-12-12 10:35:00 [INFO] : 成功从数据库加载 1 个关键词配置分类
2025-12-12 10:35:00 [INFO] : 📊 工单 1949328137598795777 关键词筛选结果: 可疑=False, 置信度=0.000
2025-12-12 10:35:00 [INFO] : ⏭️ 工单 1949328137598795777 未命中关键词阈值（置信度: 0.000），判定为低风险，不保存
2025-12-12 10:35:00 [INFO] : 🔍 开始分析工单 1949328111464087553 的对话
2025-12-12 10:35:00 [INFO] : 成功从数据库加载 1 个关键词配置分类
2025-12-12 10:35:00 [INFO] : 📊 工单 1949328111464087553 关键词筛选结果: 可疑=False, 置信度=0.000
2025-12-12 10:35:00 [INFO] : ⏭️ 工单 1949328111464087553 未命中关键词阈值（置信度: 0.000），判定为低风险，不保存
2025-12-12 10:35:00 [INFO] : 🔍 开始分析工单 1949328077356007424 的对话
2025-12-12 10:35:00 [INFO] : 成功从数据库加载 1 个关键词配置分类
2025-12-12 10:35:00 [INFO] : 📊 工单 1949328077356007424 关键词筛选结果: 可疑=False, 置信度=0.000
2025-12-12 10:35:00 [INFO] : ⏭️ 工单 1949328077356007424 未命中关键词阈值（置信度: 0.000），判定为低风险，不保存
2025-12-12 10:35:00 [INFO] : 🔍 开始分析工单 1949328037573033985 的对话
2025-12-12 10:35:00 [INFO] : 成功从数据库加载 1 个关键词配置分类
2025-12-12 10:35:00 [INFO] : 📊 工单 1949328037573033985 关键词筛选结果: 可疑=False, 置信度=0.000
2025-12-12 10:35:00 [INFO] : ⏭️ 工单 1949328037573033985 未命中关键词阈值（置信度: 0.000），判定为低风险，不保存
2025-12-12 10:35:00 [INFO] : 🔍 开始分析工单 1949327862972547073 的对话
2025-12-12 10:35:00 [INFO] : 成功从数据库加载 1 个关键词配置分类
2025-12-12 10:35:00 [INFO] : 📊 工单 1949327862972547073 关键词筛选结果: 可疑=False, 置信度=0.000
2025-12-12 10:35:00 [INFO] : ⏭️ 工单 1949327862972547073 未命中关键词阈值（置信度: 0.000），判定为低风险，不保存
2025-12-12 10:35:00 [INFO] : 🔍 开始分析工单 1949327854047068161 的对话
2025-12-12 10:35:00 [INFO] : 成功从数据库加载 1 个关键词配置分类
2025-12-12 10:35:00 [INFO] : 📊 工单 1949327854047068161 关键词筛选结果: 可疑=False, 置信度=0.000
2025-12-12 10:35:00 [INFO] : ⏭️ 工单 1949327854047068161 未命中关键词阈值（置信度: 0.000），判定为低风险，不保存
2025-12-12 10:35:00 [INFO] : 🔍 开始分析工单 1949327790289453057 的对话
2025-12-12 10:35:00 [INFO] : 成功从数据库加载 1 个关键词配置分类
2025-12-12 10:35:00 [INFO] : 📊 工单 1949327790289453057 关键词筛选结果: 可疑=False, 置信度=0.000
2025-12-12 10:35:00 [INFO] : ⏭️ 工单 1949327790289453057 未命中关键词阈值（置信度: 0.000），判定为低风险，不保存
2025-12-12 10:35:00 [INFO] : 🔍 开始分析工单 1949327724359188481 的对话
2025-12-12 10:35:00 [INFO] : 成功从数据库加载 1 个关键词配置分类
2025-12-12 10:35:00 [INFO] : 📊 工单 1949327724359188481 关键词筛选结果: 可疑=False, 置信度=0.000
2025-12-12 10:35:00 [INFO] : ⏭️ 工单 1949327724359188481 未命中关键词阈值（置信度: 0.000），判定为低风险，不保存
2025-12-12 10:35:00 [INFO] : 🔍 开始分析工单 1949327485376135169 的对话
2025-12-12 10:35:00 [INFO] : 成功从数据库加载 1 个关键词配置分类
2025-12-12 10:35:00 [INFO] : 📊 工单 1949327485376135169 关键词筛选结果: 可疑=False, 置信度=0.000
2025-12-12 10:35:00 [INFO] : ⏭️ 工单 1949327485376135169 未命中关键词阈值（置信度: 0.000），判定为低风险，不保存
2025-12-12 10:35:00 [INFO] : 🔍 开始分析工单 1949327484264644609 的对话
2025-12-12 10:35:00 [INFO] : 成功从数据库加载 1 个关键词配置分类
2025-12-12 10:35:00 [INFO] : 📊 工单 1949327484264644609 关键词筛选结果: 可疑=False, 置信度=0.200
2025-12-12 10:35:00 [INFO] : ⏭️ 工单 1949327484264644609 未命中关键词阈值（置信度: 0.200），判定为低风险，不保存
2025-12-12 10:35:00 [INFO] : 🔍 开始分析工单 1949327475871842305 的对话
2025-12-12 10:35:00 [INFO] : 成功从数据库加载 1 个关键词配置分类
2025-12-12 10:35:00 [INFO] : 📊 工单 1949327475871842305 关键词筛选结果: 可疑=False, 置信度=0.000
2025-12-12 10:35:00 [INFO] : ⏭️ 工单 1949327475871842305 未命中关键词阈值（置信度: 0.000），判定为低风险，不保存
2025-12-12 10:35:00 [INFO] : 🔍 开始分析工单 1949327471635595265 的对话
2025-12-12 10:35:00 [INFO] : 成功从数据库加载 1 个关键词配置分类
2025-12-12 10:35:00 [INFO] : 📊 工单 1949327471635595265 关键词筛选结果: 可疑=False, 置信度=0.000
2025-12-12 10:35:00 [INFO] : ⏭️ 工单 1949327471635595265 未命中关键词阈值（置信度: 0.000），判定为低风险，不保存
2025-12-12 10:35:00 [INFO] : 🔍 开始分析工单 1949327462760448001 的对话
2025-12-12 10:35:00 [INFO] : 成功从数据库加载 1 个关键词配置分类
2025-12-12 10:35:00 [INFO] : 📊 工单 1949327462760448001 关键词筛选结果: 可疑=False, 置信度=0.000
2025-12-12 10:35:00 [INFO] : ⏭️ 工单 1949327462760448001 未命中关键词阈值（置信度: 0.000），判定为低风险，不保存
2025-12-12 10:35:00 [INFO] : 🔍 开始分析工单 1949327429055021056 的对话
2025-12-12 10:35:00 [INFO] : 成功从数据库加载 1 个关键词配置分类
2025-12-12 10:35:00 [INFO] : 📊 工单 1949327429055021056 关键词筛选结果: 可疑=False, 置信度=0.000
2025-12-12 10:35:00 [INFO] : ⏭️ 工单 1949327429055021056 未命中关键词阈值（置信度: 0.000），判定为低风险，不保存
2025-12-12 10:35:00 [INFO] : 🔍 开始分析工单 1949327387091009537 的对话
2025-12-12 10:35:00 [INFO] : 成功从数据库加载 1 个关键词配置分类
2025-12-12 10:35:00 [INFO] : 📊 工单 1949327387091009537 关键词筛选结果: 可疑=False, 置信度=0.200
2025-12-12 10:35:00 [INFO] : ⏭️ 工单 1949327387091009537 未命中关键词阈值（置信度: 0.200），判定为低风险，不保存
2025-12-12 10:35:00 [INFO] : 🔍 开始分析工单 1949327354211860481 的对话
2025-12-12 10:35:00 [INFO] : 成功从数据库加载 1 个关键词配置分类
2025-12-12 10:35:00 [INFO] : 📊 工单 1949327354211860481 关键词筛选结果: 可疑=False, 置信度=0.000
2025-12-12 10:35:00 [INFO] : ⏭️ 工单 1949327354211860481 未命中关键词阈值（置信度: 0.000），判定为低风险，不保存
2025-12-12 10:35:00 [INFO] : 🔍 开始分析工单 1949327350265020417 的对话
2025-12-12 10:35:00 [INFO] : 成功从数据库加载 1 个关键词配置分类
2025-12-12 10:35:00 [INFO] : 📊 工单 1949327350265020417 关键词筛选结果: 可疑=False, 置信度=0.200
2025-12-12 10:35:00 [INFO] : ⏭️ 工单 1949327350265020417 未命中关键词阈值（置信度: 0.200），判定为低风险，不保存
2025-12-12 10:35:00 [INFO] : 🔍 开始分析工单 1949327278584365057 的对话
2025-12-12 10:35:00 [INFO] : 成功从数据库加载 1 个关键词配置分类
2025-12-12 10:35:00 [INFO] : 📊 工单 1949327278584365057 关键词筛选结果: 可疑=False, 置信度=0.000
2025-12-12 10:35:00 [INFO] : ⏭️ 工单 1949327278584365057 未命中关键词阈值（置信度: 0.000），判定为低风险，不保存
2025-12-12 10:35:00 [INFO] : 🔍 开始分析工单 1949327245172539393 的对话
2025-12-12 10:35:00 [INFO] : 成功从数据库加载 1 个关键词配置分类
2025-12-12 10:35:00 [INFO] : 📊 工单 1949327245172539393 关键词筛选结果: 可疑=False, 置信度=0.000
2025-12-12 10:35:00 [INFO] : ⏭️ 工单 1949327245172539393 未命中关键词阈值（置信度: 0.000），判定为低风险，不保存
2025-12-12 10:35:00 [INFO] : 🔍 开始分析工单 1949327242685317121 的对话
2025-12-12 10:35:00 [INFO] : 成功从数据库加载 1 个关键词配置分类
2025-12-12 10:35:00 [INFO] : 📊 工单 1949327242685317121 关键词筛选结果: 可疑=False, 置信度=0.200
2025-12-12 10:35:00 [INFO] : ⏭️ 工单 1949327242685317121 未命中关键词阈值（置信度: 0.200），判定为低风险，不保存
2025-12-12 10:35:00 [INFO] : 🔍 开始分析工单 1949327235726966784 的对话
2025-12-12 10:35:00 [INFO] : 成功从数据库加载 1 个关键词配置分类
2025-12-12 10:35:00 [INFO] : 📊 工单 1949327235726966784 关键词筛选结果: 可疑=False, 置信度=0.000
2025-12-12 10:35:00 [INFO] : ⏭️ 工单 1949327235726966784 未命中关键词阈值（置信度: 0.000），判定为低风险，不保存
2025-12-12 10:35:00 [INFO] : 🔍 开始分析工单 1949327189346353153 的对话
2025-12-12 10:35:00 [INFO] : 成功从数据库加载 1 个关键词配置分类
2025-12-12 10:35:00 [INFO] : 📊 工单 1949327189346353153 关键词筛选结果: 可疑=False, 置信度=0.200
2025-12-12 10:35:00 [INFO] : ⏭️ 工单 1949327189346353153 未命中关键词阈值（置信度: 0.200），判定为低风险，不保存
2025-12-12 10:35:00 [INFO] : 🔍 开始分析工单 1949327085671546881 的对话
2025-12-12 10:35:00 [INFO] : 成功从数据库加载 1 个关键词配置分类
2025-12-12 10:35:00 [INFO] : 📊 工单 1949327085671546881 关键词筛选结果: 可疑=False, 置信度=0.000
2025-12-12 10:35:00 [INFO] : ⏭️ 工单 1949327085671546881 未命中关键词阈值（置信度: 0.000），判定为低风险，不保存
2025-12-12 10:35:00 [INFO] : ⚡ 批量分析任务执行完成，开始处理和保存结果...
2025-12-12 10:35:00 [INFO] : 📊 开始处理 50 个分析结果...
2025-12-12 10:35:00 [INFO] : 工单 1949326081144127489 AI状态更新为: COMPLETED
2025-12-12 10:35:00 [INFO] : 工单 1949326973822042113 AI状态更新为: COMPLETED
2025-12-12 10:35:00 [INFO] : 工单 1949326848546570241 AI状态更新为: COMPLETED
2025-12-12 10:35:00 [INFO] : 工单 1949326726140002305 AI状态更新为: COMPLETED
2025-12-12 10:35:00 [INFO] : 工单 1949326713787777025 AI状态更新为: COMPLETED
2025-12-12 10:35:00 [INFO] : 工单 1949326697132195841 AI状态更新为: COMPLETED
2025-12-12 10:35:00 [INFO] : 工单 1949326695437697025 AI状态更新为: COMPLETED
2025-12-12 10:35:00 [INFO] : 工单 1949326679914577921 AI状态更新为: COMPLETED
2025-12-12 10:35:00 [INFO] : 工单 1949326679394484225 AI状态更新为: COMPLETED
2025-12-12 10:35:00 [INFO] : 工单 1949326611706806272 AI状态更新为: COMPLETED
2025-12-12 10:35:00 [INFO] : 工单 1949326515707576321 AI状态更新为: COMPLETED
2025-12-12 10:35:00 [INFO] : 工单 1949326380105728001 AI状态更新为: COMPLETED
2025-12-12 10:35:00 [INFO] : 工单 1949326256264708097 AI状态更新为: COMPLETED
2025-12-12 10:35:00 [INFO] : 工单 1949328277248147457 AI状态更新为: COMPLETED
2025-12-12 10:35:00 [INFO] : 工单 1949326060730449921 AI状态更新为: COMPLETED
2025-12-12 10:35:00 [INFO] : 工单 1949325998331789313 AI状态更新为: COMPLETED
2025-12-12 10:35:00 [INFO] : 工单 1949325736158429185 AI状态更新为: COMPLETED
2025-12-12 10:35:00 [INFO] : 工单 1949325712607412225 AI状态更新为: COMPLETED
2025-12-12 10:35:00 [INFO] : 工单 1949325585465475073 AI状态更新为: COMPLETED
2025-12-12 10:35:00 [INFO] : 工单 1949325569556480000 AI状态更新为: COMPLETED
2025-12-12 10:35:00 [INFO] : 工单 1949325516909576193 AI状态更新为: COMPLETED
2025-12-12 10:35:00 [INFO] : 工单 1949325500316909569 AI状态更新为: COMPLETED
2025-12-12 10:35:00 [INFO] : 工单 1949325464703074305 AI状态更新为: COMPLETED
2025-12-12 10:35:00 [INFO] : 工单 1949325356150292481 AI状态更新为: COMPLETED
2025-12-12 10:35:00 [INFO] : 工单 1949325217188806657 AI状态更新为: COMPLETED
2025-12-12 10:35:00 [INFO] : 工单 1949327115862147073 AI状态更新为: COMPLETED
2025-12-12 10:35:00 [INFO] : 工单 1949328485289820161 AI状态更新为: COMPLETED
2025-12-12 10:35:00 [INFO] : 工单 1949328137598795777 AI状态更新为: COMPLETED
2025-12-12 10:35:00 [INFO] : 工单 1949328111464087553 AI状态更新为: COMPLETED
2025-12-12 10:35:00 [INFO] : 工单 1949328077356007424 AI状态更新为: COMPLETED
2025-12-12 10:35:00 [INFO] : 工单 1949328037573033985 AI状态更新为: COMPLETED
2025-12-12 10:35:00 [INFO] : ⏰ 工单 1949327862972547073 首次响应超时，强制落库记录首响指标
2025-12-12 10:35:00 [INFO] : 💾 保存工单 1949327862972547073 分析结果: 风险级别=low, 规避责任=False
2025-12-12 10:35:00 [INFO] : === 开始发现工单分表 ===
2025-12-12 10:35:00 [INFO] : 执行SQL查询发现工单表，匹配模式: t_work_order_%
2025-12-12 10:35:00 [INFO] : ✓ 查询到 6 个候选工单表: ['t_work_order_problem', 't_work_order_2025', 't_work_order_2024', 't_work_order_2023', 't_work_order_2022', 't_work_order_2010']
2025-12-12 10:35:00 [WARNING] : ⚠️ 表 t_work_order_problem 格式不匹配年份模式，跳过
2025-12-12 10:35:00 [WARNING] : ⚠️ 表 t_work_order_2010 年份 2010 超出有效范围 (2020-2030)
2025-12-12 10:35:00 [INFO] : ✓ 发现 4 个有效工单表: ['t_work_order_2025', 't_work_order_2024', 't_work_order_2023', 't_work_order_2022']
2025-12-12 10:35:00 [INFO] : 📊 保存时统计工单 1949327862972547073: 总8条，客户3条，客服5条
2025-12-12 10:35:00 [ERROR] : ❌ SQL执行失败，工单 1949327862972547073，错误: (pymysql.err.OperationalError) (1054, "Unknown column 'work_create_time' in 'field list'")
[SQL: 
            INSERT INTO ai_work_comment_analysis_results (
                work_id, order_id, order_no, session_id, session_start_time, session_end_time,
                total_comments, customer_comments, service_comments,
                has_evasion, risk_level, confidence_score,
                evasion_types, evidence_sentences, improvement_suggestions,
                keyword_screening_score, matched_categories, matched_keywords, is_suspicious,
                sentiment, sentiment_intensity, conversation_text,
                work_create_time, first_service_reply_name,
                first_response_seconds, first_response_timeout, first_response_rule_seconds,
                first_customer_message_time, first_service_reply_time,
                llm_raw_response, analysis_details, analysis_note,
                llm_provider, llm_model, llm_tokens_used,
                analysis_time, created_at, updated_at
            ) VALUES (
                %(work_id)s, %(order_id)s, %(order_no)s, %(session_id)s, %(session_start_time)s, %(session_end_time)s,
                %(total_comments)s, %(customer_comments)s, %(service_comments)s,
                %(has_evasion)s, %(risk_level)s, %(confidence_score)s,
                %(evasion_types)s, %(evidence_sentences)s, %(improvement_suggestions)s,
                %(keyword_screening_score)s, %(matched_categories)s, %(matched_keywords)s, %(is_suspicious)s,
                %(sentiment)s, %(sentiment_intensity)s, %(conversation_text)s,
                %(work_create_time)s, %(first_service_reply_name)s,
                %(first_response_seconds)s, %(first_response_timeout)s, %(first_response_rule_seconds)s,
                %(first_customer_message_time)s, %(first_service_reply_time)s,
                %(llm_raw_response)s, %(analysis_details)s, %(analysis_note)s,
                %(llm_provider)s, %(llm_model)s, %(llm_tokens_used)s,
                %(analysis_time)s, %(created_at)s, %(updated_at)s
            ) ON DUPLICATE KEY UPDATE
                order_id = VALUES(order_id),
                order_no = VALUES(order_no),
                session_id = VALUES(session_id),
                session_start_time = VALUES(session_start_time),
                session_end_time = VALUES(session_end_time),
                total_comments = VALUES(total_comments),
                customer_comments = VALUES(customer_comments),
                service_comments = VALUES(service_comments),
                has_evasion = VALUES(has_evasion),
                risk_level = VALUES(risk_level),
                confidence_score = VALUES(confidence_score),
                evasion_types = VALUES(evasion_types),
                evidence_sentences = VALUES(evidence_sentences),
                improvement_suggestions = VALUES(improvement_suggestions),
                keyword_screening_score = VALUES(keyword_screening_score),
                matched_categories = VALUES(matched_categories),
                matched_keywords = VALUES(matched_keywords),
                is_suspicious = VALUES(is_suspicious),
                sentiment = VALUES(sentiment),
                sentiment_intensity = VALUES(sentiment_intensity),
                conversation_text = VALUES(conversation_text),
                work_create_time = VALUES(work_create_time),
                first_service_reply_name = VALUES(first_service_reply_name),
                first_response_seconds = VALUES(first_response_seconds),
                first_response_timeout = VALUES(first_response_timeout),
                first_response_rule_seconds = VALUES(first_response_rule_seconds),
                first_customer_message_time = VALUES(first_customer_message_time),
                first_service_reply_time = VALUES(first_service_reply_time),
                llm_raw_response = VALUES(llm_raw_response),
                analysis_details = VALUES(analysis_details),
                analysis_note = VALUES(analysis_note),
                llm_provider = VALUES(llm_provider),
                llm_model = VALUES(llm_model),
                llm_tokens_used = VALUES(llm_tokens_used),
                analysis_time = VALUES(analysis_time),
                updated_at = VALUES(updated_at)
            ]
[parameters: {'work_id': 1949327862972547073, 'order_id': 1948198467323035648, 'order_no': '15784308406', 'session_id': '1949327862972547073', 'session_start_time': datetime.datetime(2025, 7, 27, 12, 35, 54), 'session_end_time': datetime.datetime(2025, 8, 6, 18, 52, 56), 'total_comments': 8, 'customer_comments': 3, 'service_comments': 5, 'has_evasion': 0, 'risk_level': 'low', 'confidence_score': 0.0, 'evasion_types': None, 'evidence_sentences': None, 'improvement_suggestions': None, 'keyword_screening_score': 0.0, 'matched_categories': None, 'matched_keywords': None, 'is_suspicious': 0, 'sentiment': 'neutral', 'sentiment_intensity': 0.0, 'conversation_text': '[2025-07-27 12:35:54] 客服(尼亚隐形车衣): 收到膜了，给约一下现在送车可以吗，着急贴\n[2025-07-27 12:43:17] 客服(尼亚隐形车衣): 快问问\n[2025-07-27 12:44:48] 客服(嗨丫丫售后小云): 已接单, 马上联系处理\n[2025- ... (126 characters truncated) ... 结算\n[2025-07-28 18:57:58] 客服(嗨丫丫售后小颖): 稍等\n\n[2025-07-28 19:00:40] 客服(嗨丫丫售后小颖): 对接好了，客户已经提车走了哈\n[2025-08-06 18:52:56] 客服(嗨丫丫售后小颖): 【完结】对接好了，客户已经提车走了哈', 'work_create_time': None, 'first_service_reply_name': '嗨丫丫售后小云', 'first_response_seconds': 534, 'first_response_timeout': 1, 'first_response_rule_seconds': 120, 'first_customer_message_time': datetime.datetime(2025, 7, 27, 12, 35, 54), 'first_service_reply_time': datetime.datetime(2025, 7, 27, 12, 44, 48), 'llm_raw_response': None, 'analysis_details': '{"has_evasion": false, "risk_level": "low", "confidence_score": 0.0, "evasion_types": "", "evidence_sentences": [], "improvement_suggestions": [], "s ... (1055 characters truncated) ... service_reply_time": "2025-07-27T12:44:48", "first_service_reply_name": "嗨丫丫售后小云", "force_save": true, "customer_messages": 3, "service_messages": 5}', 'analysis_note': '风险级别: low, 置信度: 0.000 | 对话统计: 总8条(客户0条,服务8条) | 基于关键词规则直接判定', 'llm_provider': 'volcengine', 'llm_model': 'kimi-k2-250711', 'llm_tokens_used': 0, 'analysis_time': datetime.datetime(2025, 12, 12, 10, 35, 0, 777141), 'created_at': datetime.datetime(2025, 12, 12, 10, 35, 0, 777143), 'updated_at': datetime.datetime(2025, 12, 12, 10, 35, 0, 777143)}]
(Background on this error at: https://sqlalche.me/e/20/e3q8)
2025-12-12 10:35:00 [ERROR] : 📊 参数类型统计: evidence_sentences=<class 'NoneType'>, matched_keywords=<class 'NoneType'>, analysis_details=<class 'str'>
2025-12-12 10:35:00 [ERROR] : 🔍 SQL语句片段: 
            INSERT INTO ai_work_comment_analysis_results (
                work_id, order_id, order_no, session_id, session_start_time, session_end_time,
                total_comments, customer_comm...
2025-12-12 10:35:00 [INFO] : 🔄 修复参数类型后重试保存工单 1949327862972547073
2025-12-12 10:35:00 [ERROR] : 保存工单 1949327862972547073 分析结果失败: (pymysql.err.OperationalError) (1054, "Unknown column 'work_create_time' in 'field list'")
[SQL: 
            INSERT INTO ai_work_comment_analysis_results (
                work_id, order_id, order_no, session_id, session_start_time, session_end_time,
                total_comments, customer_comments, service_comments,
                has_evasion, risk_level, confidence_score,
                evasion_types, evidence_sentences, improvement_suggestions,
                keyword_screening_score, matched_categories, matched_keywords, is_suspicious,
                sentiment, sentiment_intensity, conversation_text,
                work_create_time, first_service_reply_name,
                first_response_seconds, first_response_timeout, first_response_rule_seconds,
                first_customer_message_time, first_service_reply_time,
                llm_raw_response, analysis_details, analysis_note,
                llm_provider, llm_model, llm_tokens_used,
                analysis_time, created_at, updated_at
            ) VALUES (
                %(work_id)s, %(order_id)s, %(order_no)s, %(session_id)s, %(session_start_time)s, %(session_end_time)s,
                %(total_comments)s, %(customer_comments)s, %(service_comments)s,
                %(has_evasion)s, %(risk_level)s, %(confidence_score)s,
                %(evasion_types)s, %(evidence_sentences)s, %(improvement_suggestions)s,
                %(keyword_screening_score)s, %(matched_categories)s, %(matched_keywords)s, %(is_suspicious)s,
                %(sentiment)s, %(sentiment_intensity)s, %(conversation_text)s,
                %(work_create_time)s, %(first_service_reply_name)s,
                %(first_response_seconds)s, %(first_response_timeout)s, %(first_response_rule_seconds)s,
                %(first_customer_message_time)s, %(first_service_reply_time)s,
                %(llm_raw_response)s, %(analysis_details)s, %(analysis_note)s,
                %(llm_provider)s, %(llm_model)s, %(llm_tokens_used)s,
                %(analysis_time)s, %(created_at)s, %(updated_at)s
            ) ON DUPLICATE KEY UPDATE
                order_id = VALUES(order_id),
                order_no = VALUES(order_no),
                session_id = VALUES(session_id),
                session_start_time = VALUES(session_start_time),
                session_end_time = VALUES(session_end_time),
                total_comments = VALUES(total_comments),
                customer_comments = VALUES(customer_comments),
                service_comments = VALUES(service_comments),
                has_evasion = VALUES(has_evasion),
                risk_level = VALUES(risk_level),
                confidence_score = VALUES(confidence_score),
                evasion_types = VALUES(evasion_types),
                evidence_sentences = VALUES(evidence_sentences),
                improvement_suggestions = VALUES(improvement_suggestions),
                keyword_screening_score = VALUES(keyword_screening_score),
                matched_categories = VALUES(matched_categories),
                matched_keywords = VALUES(matched_keywords),
                is_suspicious = VALUES(is_suspicious),
                sentiment = VALUES(sentiment),
                sentiment_intensity = VALUES(sentiment_intensity),
                conversation_text = VALUES(conversation_text),
                work_create_time = VALUES(work_create_time),
                first_service_reply_name = VALUES(first_service_reply_name),
                first_response_seconds = VALUES(first_response_seconds),
                first_response_timeout = VALUES(first_response_timeout),
                first_response_rule_seconds = VALUES(first_response_rule_seconds),
                first_customer_message_time = VALUES(first_customer_message_time),
                first_service_reply_time = VALUES(first_service_reply_time),
                llm_raw_response = VALUES(llm_raw_response),
                analysis_details = VALUES(analysis_details),
                analysis_note = VALUES(analysis_note),
                llm_provider = VALUES(llm_provider),
                llm_model = VALUES(llm_model),
                llm_tokens_used = VALUES(llm_tokens_used),
                analysis_time = VALUES(analysis_time),
                updated_at = VALUES(updated_at)
            ]
[parameters: {'work_id': 1949327862972547073, 'order_id': 1948198467323035648, 'order_no': '15784308406', 'session_id': '1949327862972547073', 'session_start_time': datetime.datetime(2025, 7, 27, 12, 35, 54), 'session_end_time': datetime.datetime(2025, 8, 6, 18, 52, 56), 'total_comments': 8, 'customer_comments': 3, 'service_comments': 5, 'has_evasion': 0, 'risk_level': 'low', 'confidence_score': 0.0, 'evasion_types': None, 'evidence_sentences': None, 'improvement_suggestions': None, 'keyword_screening_score': 0.0, 'matched_categories': None, 'matched_keywords': None, 'is_suspicious': 0, 'sentiment': 'neutral', 'sentiment_intensity': 0.0, 'conversation_text': '[2025-07-27 12:35:54] 客服(尼亚隐形车衣): 收到膜了，给约一下现在送车可以吗，着急贴\n[2025-07-27 12:43:17] 客服(尼亚隐形车衣): 快问问\n[2025-07-27 12:44:48] 客服(嗨丫丫售后小云): 已接单, 马上联系处理\n[2025- ... (126 characters truncated) ... 结算\n[2025-07-28 18:57:58] 客服(嗨丫丫售后小颖): 稍等\n\n[2025-07-28 19:00:40] 客服(嗨丫丫售后小颖): 对接好了，客户已经提车走了哈\n[2025-08-06 18:52:56] 客服(嗨丫丫售后小颖): 【完结】对接好了，客户已经提车走了哈', 'work_create_time': None, 'first_service_reply_name': '嗨丫丫售后小云', 'first_response_seconds': 534, 'first_response_timeout': 1, 'first_response_rule_seconds': 120, 'first_customer_message_time': datetime.datetime(2025, 7, 27, 12, 35, 54), 'first_service_reply_time': datetime.datetime(2025, 7, 27, 12, 44, 48), 'llm_raw_response': None, 'analysis_details': '{"has_evasion": false, "risk_level": "low", "confidence_score": 0.0, "evasion_types": "", "evidence_sentences": [], "improvement_suggestions": [], "s ... (1055 characters truncated) ... service_reply_time": "2025-07-27T12:44:48", "first_service_reply_name": "嗨丫丫售后小云", "force_save": true, "customer_messages": 3, "service_messages": 5}', 'analysis_note': '风险级别: low, 置信度: 0.000 | 对话统计: 总8条(客户0条,服务8条) | 基于关键词规则直接判定', 'llm_provider': 'volcengine', 'llm_model': 'kimi-k2-250711', 'llm_tokens_used': 0, 'analysis_time': datetime.datetime(2025, 12, 12, 10, 35, 0, 777141), 'created_at': datetime.datetime(2025, 12, 12, 10, 35, 0, 777143), 'updated_at': datetime.datetime(2025, 12, 12, 10, 35, 0, 777143)}]
(Background on this error at: https://sqlalche.me/e/20/e3q8)
2025-12-12 10:35:00 [INFO] : 工单 1949327862972547073 AI状态更新为: FAILED
2025-12-12 10:35:00 [INFO] : 工单 1949327862972547073 标记为处理失败: 保存分析结果失败
2025-12-12 10:35:00 [INFO] : 工单 1949327854047068161 AI状态更新为: COMPLETED
2025-12-12 10:35:00 [INFO] : 工单 1949327790289453057 AI状态更新为: COMPLETED
2025-12-12 10:35:00 [INFO] : 工单 1949327724359188481 AI状态更新为: COMPLETED
2025-12-12 10:35:00 [INFO] : 工单 1949327485376135169 AI状态更新为: COMPLETED
2025-12-12 10:35:00 [INFO] : 工单 1949327484264644609 AI状态更新为: COMPLETED
2025-12-12 10:35:00 [INFO] : 工单 1949327475871842305 AI状态更新为: COMPLETED
2025-12-12 10:35:00 [INFO] : 工单 1949327471635595265 AI状态更新为: COMPLETED
2025-12-12 10:35:00 [INFO] : 工单 1949327462760448001 AI状态更新为: COMPLETED
2025-12-12 10:35:00 [INFO] : 工单 1949327429055021056 AI状态更新为: COMPLETED
2025-12-12 10:35:00 [INFO] : 工单 1949327387091009537 AI状态更新为: COMPLETED
2025-12-12 10:35:00 [INFO] : 工单 1949327354211860481 AI状态更新为: COMPLETED
2025-12-12 10:35:00 [INFO] : 工单 1949327350265020417 AI状态更新为: COMPLETED
2025-12-12 10:35:00 [INFO] : 工单 1949327278584365057 AI状态更新为: COMPLETED
2025-12-12 10:35:00 [INFO] : 工单 1949327245172539393 AI状态更新为: COMPLETED
2025-12-12 10:35:00 [INFO] : 工单 1949327242685317121 AI状态更新为: COMPLETED
2025-12-12 10:35:00 [INFO] : 工单 1949327235726966784 AI状态更新为: COMPLETED
2025-12-12 10:35:00 [INFO] : 工单 1949327189346353153 AI状态更新为: COMPLETED
2025-12-12 10:35:00 [INFO] : 工单 1949327085671546881 AI状态更新为: COMPLETED
2025-12-12 10:35:00 [INFO] : ========================================
2025-12-12 10:35:00 [INFO] : 🎉 批量分析完成统计:
2025-12-12 10:35:00 [INFO] :   ✅ 成功: 49
2025-12-12 10:35:00 [INFO] :   ❌ 失败: 1
2025-12-12 10:35:00 [INFO] :   📊 成功率: 98.0%
2025-12-12 10:35:00 [INFO] : ========================================
2025-12-12 10:35:00 [INFO] : 📊 步骤2: 批量分析结果 - success: True, 成功: 49, 失败: 1
2025-12-12 10:35:00 [INFO] : ================================================================================
2025-12-12 10:35:00 [INFO] : 🎉 pending分析队列处理完成 - 最终统计:
2025-12-12 10:35:00 [INFO] :   📥 拉取pending工单总数: 50
2025-12-12 10:35:00 [INFO] :   💬 有评论需分析数量: 50
2025-12-12 10:35:00 [INFO] :   🔍 实际分析处理数量: 50
2025-12-12 10:35:00 [INFO] :   ✅ 成功分析完成数量: 49
2025-12-12 10:35:00 [INFO] :   ❌ 分析失败数量: 1
2025-12-12 10:35:00 [INFO] :   ⏭️ 跳过处理数量: 0
2025-12-12 10:35:00 [INFO] :   📊 分析成功率: 98.0%
2025-12-12 10:35:00 [INFO] : ================================================================================
2025-12-12 10:35:00 [INFO] : ✅ 任务完成: SCHED_BATCH_ANALYSIS_20251212_103500_935479f5, 状态: completed, 耗时: 0秒
2025-12-12 10:35:00 [INFO] : ✅ 批量分析工作流完成: task_id=SCHED_BATCH_ANALYSIS_20251212_103500_935479f5
2025-12-12 10:35:00 [INFO] : ✅ 任务完成: SCHED_BATCH_ANALYSIS_20251212_103500_935479f5, 状态: completed, 耗时: 0秒
2025-12-12 10:35:00 [INFO] : ✅ APScheduler任务完成: SCHED_BATCH_ANALYSIS_20251212_103500_935479f5
2025-12-12 10:35:00 [INFO] : Job "客服记录分析任务 (trigger: cron[month='*', day='*', day_of_week='*', hour='*', minute='*/5'], next run at: 2025-12-12 10:40:00 CST)" executed successfully
2025-12-12 10:35:00 [INFO] : ✅ 任务执行完成: customer_service_analysis
2025-12-12 10:40:00 [INFO] : Running job "客服记录分析任务 (trigger: cron[month='*', day='*', day_of_week='*', hour='*', minute='*/5'], next run at: 2025-12-12 10:45:00 CST)" (scheduled at 2025-12-12 10:40:00+08:00)
2025-12-12 10:40:00 [INFO] : 🎯 APScheduler调用任务执行: customer_service_analysis
2025-12-12 10:40:00 [INFO] : ✅ 创建任务记录成功: SCHED_BATCH_ANALYSIS_20251212_104000_6dba8d87 (客服记录分析任务)
2025-12-12 10:40:00 [INFO] : 🚀 APScheduler任务开始: SCHED_BATCH_ANALYSIS_20251212_104000_6dba8d87
2025-12-12 10:40:00 [INFO] : 🚀 开始执行批量分析工作流: task_id=SCHED_BATCH_ANALYSIS_20251212_104000_6dba8d87
2025-12-12 10:40:00 [INFO] : ================================================================================
2025-12-12 10:40:00 [INFO] : 🚀 开始处理pending分析队列
2025-12-12 10:40:00 [INFO] : ⚙️ 配置参数: batch_size=50, max_concurrent=5
2025-12-12 10:40:00 [INFO] : 🔄 步骤1: 拉取pending工单数据开始...
2025-12-12 10:40:00 [INFO] : 📋 开始拉取pending工单数据，限制 50 条
2025-12-12 10:40:00 [INFO] : 📥 正在查询数据库中的PENDING状态工单...
2025-12-12 10:40:00 [INFO] : 获取到 50 个状态为 PENDING 的工单
2025-12-12 10:40:00 [INFO] : 📊 从数据库查询到 50 个PENDING工单
2025-12-12 10:40:00 [INFO] : 💬 开始处理 50 个工单的评论数据...
2025-12-12 10:40:00 [INFO] : 📋 处理工单 1949323198621286401 (1/50) - 评论表: t_work_comment_2025
2025-12-12 10:40:00 [INFO] : 从表 t_work_comment_2025 获取工单 1949323198621286401 的 5 条完整对话记录（包含客户和客服）
2025-12-12 10:40:00 [INFO] : 💭 工单 1949323198621286401 获取到 5 条原始评论
2025-12-12 10:40:00 [INFO] : 🔍 工单 1949323198621286401 开始去噪处理 5 条有效评论...
2025-12-12 10:40:00 [INFO] : 🔍 开始过滤评论，原始数量: 5
2025-12-12 10:40:00 [INFO] : ✅ 评论过滤完成:
2025-12-12 10:40:00 [INFO] :   📥 原始数量: 5
2025-12-12 10:40:00 [INFO] :   📤 过滤后数量: 5
2025-12-12 10:40:00 [INFO] :   🗑️ 移除数量: 0
2025-12-12 10:40:00 [INFO] :   📊 过滤率: 0.0%
2025-12-12 10:40:00 [INFO] : ✅ 创建批次记录: batch_20251212_104000_a4d01bb0, 工单数: 1
2025-12-12 10:40:00 [INFO] : ✅ 更新批次统计: batch_20251212_104000_a4d01bb0, 状态: COMPLETED
2025-12-12 10:40:00 [INFO] : ✅ 保存工单 1949323198621286401 去噪记录成功，批次: batch_20251212_104000_a4d01bb0
2025-12-12 10:40:00 [INFO] : ✅ 工单 1949323198621286401 去噪完成: 5 -> 5 条评论
2025-12-12 10:40:00 [INFO] : 🧾 工单 1949323198621286401 首响开关: work_type=REPAIR_CHU_JIU, work_table_name=t_work_2025, is_after_sale=False, raw_comments=5, valid_comments=5
2025-12-12 10:40:00 [INFO] : ✅ 工单 1949323198621286401 有 5 条有效评论，构建完成对话数据
2025-12-12 10:40:00 [INFO] : 工单 1949323198621286401 AI状态更新为: PENDING
2025-12-12 10:40:00 [INFO] : 📋 处理工单 1949324070537396225 (2/50) - 评论表: t_work_comment_2025
2025-12-12 10:40:00 [INFO] : 从表 t_work_comment_2025 获取工单 1949324070537396225 的 7 条完整对话记录（包含客户和客服）
2025-12-12 10:40:00 [INFO] : 💭 工单 1949324070537396225 获取到 7 条原始评论
2025-12-12 10:40:00 [INFO] : 🔍 工单 1949324070537396225 开始去噪处理 7 条有效评论...
2025-12-12 10:40:00 [INFO] : 🔍 开始过滤评论，原始数量: 7
2025-12-12 10:40:00 [INFO] : ✅ 评论过滤完成:
2025-12-12 10:40:00 [INFO] :   📥 原始数量: 7
2025-12-12 10:40:00 [INFO] :   📤 过滤后数量: 6
2025-12-12 10:40:00 [INFO] :   🗑️ 移除数量: 1
2025-12-12 10:40:00 [INFO] :   📊 过滤率: 14.3%
2025-12-12 10:40:00 [INFO] : 🔍 过滤原因统计:
2025-12-12 10:40:00 [INFO] :   - 无效数据: 内容过短且非中文: 1 条
2025-12-12 10:40:00 [INFO] : ✅ 创建批次记录: batch_20251212_104000_53841dba, 工单数: 1
2025-12-12 10:40:00 [INFO] : ✅ 更新批次统计: batch_20251212_104000_53841dba, 状态: COMPLETED
2025-12-12 10:40:00 [INFO] : ✅ 保存工单 1949324070537396225 去噪记录成功，批次: batch_20251212_104000_53841dba
2025-12-12 10:40:00 [INFO] : ✅ 工单 1949324070537396225 去噪完成: 7 -> 6 条评论
2025-12-12 10:40:00 [INFO] : 🗑️ 工单 1949324070537396225 去噪移除了 1 条评论
2025-12-12 10:40:00 [INFO] : 🧾 工单 1949324070537396225 首响开关: work_type=EXCHANGE, work_table_name=t_work_2025, is_after_sale=False, raw_comments=7, valid_comments=6
2025-12-12 10:40:00 [INFO] : ✅ 工单 1949324070537396225 有 6 条有效评论，构建完成对话数据
2025-12-12 10:40:00 [INFO] : 工单 1949324070537396225 AI状态更新为: PENDING
2025-12-12 10:40:00 [INFO] : 📋 处理工单 1949323992288460801 (3/50) - 评论表: t_work_comment_2025
2025-12-12 10:40:00 [INFO] : 从表 t_work_comment_2025 获取工单 1949323992288460801 的 4 条完整对话记录（包含客户和客服）
2025-12-12 10:40:00 [INFO] : 💭 工单 1949323992288460801 获取到 4 条原始评论
2025-12-12 10:40:00 [INFO] : 🔍 工单 1949323992288460801 开始去噪处理 3 条有效评论...
2025-12-12 10:40:00 [INFO] : 🔍 开始过滤评论，原始数量: 3
2025-12-12 10:40:00 [INFO] : ✅ 评论过滤完成:
2025-12-12 10:40:00 [INFO] :   📥 原始数量: 3
2025-12-12 10:40:00 [INFO] :   📤 过滤后数量: 3
2025-12-12 10:40:00 [INFO] :   🗑️ 移除数量: 0
2025-12-12 10:40:00 [INFO] :   📊 过滤率: 0.0%
2025-12-12 10:40:00 [INFO] : ✅ 创建批次记录: batch_20251212_104000_62a71a4b, 工单数: 1
2025-12-12 10:40:00 [INFO] : ✅ 更新批次统计: batch_20251212_104000_62a71a4b, 状态: COMPLETED
2025-12-12 10:40:00 [INFO] : ✅ 保存工单 1949323992288460801 去噪记录成功，批次: batch_20251212_104000_62a71a4b
2025-12-12 10:40:00 [INFO] : ✅ 工单 1949323992288460801 去噪完成: 3 -> 3 条评论
2025-12-12 10:40:00 [INFO] : 🧾 工单 1949323992288460801 首响开关: work_type=EXCHANGE, work_table_name=t_work_2025, is_after_sale=False, raw_comments=4, valid_comments=3
2025-12-12 10:40:00 [INFO] : ✅ 工单 1949323992288460801 有 3 条有效评论，构建完成对话数据
2025-12-12 10:40:00 [INFO] : 工单 1949323992288460801 AI状态更新为: PENDING
2025-12-12 10:40:00 [INFO] : 📋 处理工单 1949323984910680065 (4/50) - 评论表: t_work_comment_2025
2025-12-12 10:40:00 [INFO] : 从表 t_work_comment_2025 获取工单 1949323984910680065 的 4 条完整对话记录（包含客户和客服）
2025-12-12 10:40:00 [INFO] : 💭 工单 1949323984910680065 获取到 4 条原始评论
2025-12-12 10:40:00 [INFO] : 🔍 工单 1949323984910680065 开始去噪处理 4 条有效评论...
2025-12-12 10:40:00 [INFO] : 🔍 开始过滤评论，原始数量: 4
2025-12-12 10:40:00 [INFO] : ✅ 评论过滤完成:
2025-12-12 10:40:00 [INFO] :   📥 原始数量: 4
2025-12-12 10:40:00 [INFO] :   📤 过滤后数量: 4
2025-12-12 10:40:00 [INFO] :   🗑️ 移除数量: 0
2025-12-12 10:40:00 [INFO] :   📊 过滤率: 0.0%
2025-12-12 10:40:00 [INFO] : ✅ 创建批次记录: batch_20251212_104000_a734e98e, 工单数: 1
2025-12-12 10:40:00 [INFO] : ✅ 更新批次统计: batch_20251212_104000_a734e98e, 状态: COMPLETED
2025-12-12 10:40:00 [INFO] : ✅ 保存工单 1949323984910680065 去噪记录成功，批次: batch_20251212_104000_a734e98e
2025-12-12 10:40:00 [INFO] : ✅ 工单 1949323984910680065 去噪完成: 4 -> 4 条评论
2025-12-12 10:40:00 [INFO] : 🧾 工单 1949323984910680065 首响开关: work_type=EXCHANGE, work_table_name=t_work_2025, is_after_sale=False, raw_comments=4, valid_comments=4
2025-12-12 10:40:00 [INFO] : ✅ 工单 1949323984910680065 有 4 条有效评论，构建完成对话数据
2025-12-12 10:40:00 [INFO] : 工单 1949323984910680065 AI状态更新为: PENDING
2025-12-12 10:40:00 [INFO] : 📋 处理工单 1949323874537570305 (5/50) - 评论表: t_work_comment_2025
2025-12-12 10:40:00 [INFO] : 从表 t_work_comment_2025 获取工单 1949323874537570305 的 6 条完整对话记录（包含客户和客服）
2025-12-12 10:40:00 [INFO] : 💭 工单 1949323874537570305 获取到 6 条原始评论
2025-12-12 10:40:00 [INFO] : 🔍 工单 1949323874537570305 开始去噪处理 5 条有效评论...
2025-12-12 10:40:00 [INFO] : 🔍 开始过滤评论，原始数量: 5
2025-12-12 10:40:00 [INFO] : ✅ 评论过滤完成:
2025-12-12 10:40:00 [INFO] :   📥 原始数量: 5
2025-12-12 10:40:00 [INFO] :   📤 过滤后数量: 5
2025-12-12 10:40:00 [INFO] :   🗑️ 移除数量: 0
2025-12-12 10:40:00 [INFO] :   📊 过滤率: 0.0%
2025-12-12 10:40:00 [INFO] : ✅ 创建批次记录: batch_20251212_104000_02af8d41, 工单数: 1
2025-12-12 10:40:00 [INFO] : ✅ 更新批次统计: batch_20251212_104000_02af8d41, 状态: COMPLETED
2025-12-12 10:40:00 [INFO] : ✅ 保存工单 1949323874537570305 去噪记录成功，批次: batch_20251212_104000_02af8d41
2025-12-12 10:40:00 [INFO] : ✅ 工单 1949323874537570305 去噪完成: 5 -> 5 条评论
2025-12-12 10:40:00 [INFO] : 🧾 工单 1949323874537570305 首响开关: work_type=URGE_PAYMENT, work_table_name=t_work_2025, is_after_sale=False, raw_comments=6, valid_comments=5
2025-12-12 10:40:00 [INFO] : ✅ 工单 1949323874537570305 有 5 条有效评论，构建完成对话数据
2025-12-12 10:40:00 [INFO] : 工单 1949323874537570305 AI状态更新为: PENDING
2025-12-12 10:40:00 [INFO] : 📋 处理工单 1949323853251477505 (6/50) - 评论表: t_work_comment_2025
2025-12-12 10:40:00 [INFO] : 从表 t_work_comment_2025 获取工单 1949323853251477505 的 4 条完整对话记录（包含客户和客服）
2025-12-12 10:40:00 [INFO] : 💭 工单 1949323853251477505 获取到 4 条原始评论
2025-12-12 10:40:00 [INFO] : 🔍 工单 1949323853251477505 开始去噪处理 4 条有效评论...
2025-12-12 10:40:00 [INFO] : 🔍 开始过滤评论，原始数量: 4
2025-12-12 10:40:00 [INFO] : ✅ 评论过滤完成:
2025-12-12 10:40:00 [INFO] :   📥 原始数量: 4
2025-12-12 10:40:00 [INFO] :   📤 过滤后数量: 4
2025-12-12 10:40:00 [INFO] :   🗑️ 移除数量: 0
2025-12-12 10:40:00 [INFO] :   📊 过滤率: 0.0%
2025-12-12 10:40:00 [INFO] : ✅ 创建批次记录: batch_20251212_104000_92deec36, 工单数: 1
2025-12-12 10:40:00 [INFO] : ✅ 更新批次统计: batch_20251212_104000_92deec36, 状态: COMPLETED
2025-12-12 10:40:00 [INFO] : ✅ 保存工单 1949323853251477505 去噪记录成功，批次: batch_20251212_104000_92deec36
2025-12-12 10:40:00 [INFO] : ✅ 工单 1949323853251477505 去噪完成: 4 -> 4 条评论
2025-12-12 10:40:00 [INFO] : ⏳ 工单 1949323853251477505 首响计算开始，评论总数=4
2025-12-12 10:40:00 [INFO] : 👀 工单 1949323853251477505 评论巡检: id=1949323853515718656, user_type=SELLER, oper_raw=True, is_service=False, is_customer=True, create_time=2025-07-27 12:19:58
2025-12-12 10:40:00 [INFO] : 🎯 工单 1949323853251477505 首条客户消息锁定: 2025-07-27 12:19:58
2025-12-12 10:40:00 [INFO] : 👀 工单 1949323853251477505 评论巡检: id=1949324095116017664, user_type=EMPLOYEE, oper_raw=True, is_service=True, is_customer=False, create_time=2025-07-27 12:20:55
2025-12-12 10:40:00 [INFO] : 🎯 工单 1949323853251477505 首条客服回复锁定: 2025-07-27 12:20:55
2025-12-12 10:40:00 [INFO] : ⏱️ 工单 1949323853251477505 首响计算: first_customer_message_time=2025-07-27 12:19:58, first_service_reply_time=2025-07-27 12:20:55, response_seconds=57, threshold_seconds=120, is_timeout=False
2025-12-12 10:40:00 [INFO] : 🧾 工单 1949323853251477505 首响开关: work_type=AFTER_SALE, work_table_name=t_work_2025, is_after_sale=True, raw_comments=4, valid_comments=4
2025-12-12 10:40:00 [INFO] : ✅ 工单 1949323853251477505 有 4 条有效评论，构建完成对话数据
2025-12-12 10:40:00 [INFO] : 工单 1949323853251477505 AI状态更新为: PENDING
2025-12-12 10:40:00 [INFO] : 📋 处理工单 1949323823111208961 (7/50) - 评论表: t_work_comment_2025
2025-12-12 10:40:00 [INFO] : 从表 t_work_comment_2025 获取工单 1949323823111208961 的 4 条完整对话记录（包含客户和客服）
2025-12-12 10:40:00 [INFO] : 💭 工单 1949323823111208961 获取到 4 条原始评论
2025-12-12 10:40:00 [INFO] : 🔍 工单 1949323823111208961 开始去噪处理 4 条有效评论...
2025-12-12 10:40:00 [INFO] : 🔍 开始过滤评论，原始数量: 4
2025-12-12 10:40:00 [INFO] : ✅ 评论过滤完成:
2025-12-12 10:40:00 [INFO] :   📥 原始数量: 4
2025-12-12 10:40:00 [INFO] :   📤 过滤后数量: 4
2025-12-12 10:40:00 [INFO] :   🗑️ 移除数量: 0
2025-12-12 10:40:00 [INFO] :   📊 过滤率: 0.0%
2025-12-12 10:40:00 [INFO] : ✅ 创建批次记录: batch_20251212_104000_eed6e0bc, 工单数: 1
2025-12-12 10:40:00 [INFO] : ✅ 更新批次统计: batch_20251212_104000_eed6e0bc, 状态: COMPLETED
2025-12-12 10:40:00 [INFO] : ✅ 保存工单 1949323823111208961 去噪记录成功，批次: batch_20251212_104000_eed6e0bc
2025-12-12 10:40:00 [INFO] : ✅ 工单 1949323823111208961 去噪完成: 4 -> 4 条评论
2025-12-12 10:40:00 [INFO] : 🧾 工单 1949323823111208961 首响开关: work_type=URGE_HF, work_table_name=t_work_2025, is_after_sale=False, raw_comments=4, valid_comments=4
2025-12-12 10:40:00 [INFO] : ✅ 工单 1949323823111208961 有 4 条有效评论，构建完成对话数据
2025-12-12 10:40:00 [INFO] : 工单 1949323823111208961 AI状态更新为: PENDING
2025-12-12 10:40:00 [INFO] : 📋 处理工单 1949323724364709889 (8/50) - 评论表: t_work_comment_2025
2025-12-12 10:40:00 [INFO] : 从表 t_work_comment_2025 获取工单 1949323724364709889 的 4 条完整对话记录（包含客户和客服）
2025-12-12 10:40:00 [INFO] : 💭 工单 1949323724364709889 获取到 4 条原始评论
2025-12-12 10:40:00 [INFO] : 🔍 工单 1949323724364709889 开始去噪处理 4 条有效评论...
2025-12-12 10:40:00 [INFO] : 🔍 开始过滤评论，原始数量: 4
2025-12-12 10:40:00 [INFO] : ✅ 评论过滤完成:
2025-12-12 10:40:00 [INFO] :   📥 原始数量: 4
2025-12-12 10:40:00 [INFO] :   📤 过滤后数量: 4
2025-12-12 10:40:00 [INFO] :   🗑️ 移除数量: 0
2025-12-12 10:40:00 [INFO] :   📊 过滤率: 0.0%
2025-12-12 10:40:00 [INFO] : ✅ 创建批次记录: batch_20251212_104000_be410ce3, 工单数: 1
2025-12-12 10:40:00 [INFO] : ✅ 更新批次统计: batch_20251212_104000_be410ce3, 状态: COMPLETED
2025-12-12 10:40:00 [INFO] : ✅ 保存工单 1949323724364709889 去噪记录成功，批次: batch_20251212_104000_be410ce3
2025-12-12 10:40:00 [INFO] : ✅ 工单 1949323724364709889 去噪完成: 4 -> 4 条评论
2025-12-12 10:40:00 [INFO] : 🧾 工单 1949323724364709889 首响开关: work_type=URGE_INSTALL, work_table_name=t_work_2025, is_after_sale=False, raw_comments=4, valid_comments=4
2025-12-12 10:40:00 [INFO] : ✅ 工单 1949323724364709889 有 4 条有效评论，构建完成对话数据
2025-12-12 10:40:00 [INFO] : 工单 1949323724364709889 AI状态更新为: PENDING
2025-12-12 10:40:00 [INFO] : 📋 处理工单 1949323574812606465 (9/50) - 评论表: t_work_comment_2025
2025-12-12 10:40:00 [INFO] : 从表 t_work_comment_2025 获取工单 1949323574812606465 的 3 条完整对话记录（包含客户和客服）
2025-12-12 10:40:00 [INFO] : 💭 工单 1949323574812606465 获取到 3 条原始评论
2025-12-12 10:40:00 [INFO] : 🔍 工单 1949323574812606465 开始去噪处理 3 条有效评论...
2025-12-12 10:40:00 [INFO] : 🔍 开始过滤评论，原始数量: 3
2025-12-12 10:40:00 [INFO] : ✅ 评论过滤完成:
2025-12-12 10:40:00 [INFO] :   📥 原始数量: 3
2025-12-12 10:40:00 [INFO] :   📤 过滤后数量: 3
2025-12-12 10:40:00 [INFO] :   🗑️ 移除数量: 0
2025-12-12 10:40:00 [INFO] :   📊 过滤率: 0.0%
2025-12-12 10:40:00 [INFO] : ✅ 创建批次记录: batch_20251212_104000_2d5417c0, 工单数: 1
2025-12-12 10:40:00 [INFO] : ✅ 更新批次统计: batch_20251212_104000_2d5417c0, 状态: COMPLETED
2025-12-12 10:40:00 [INFO] : ✅ 保存工单 1949323574812606465 去噪记录成功，批次: batch_20251212_104000_2d5417c0
2025-12-12 10:40:00 [INFO] : ✅ 工单 1949323574812606465 去噪完成: 3 -> 3 条评论
2025-12-12 10:40:00 [INFO] : ⏳ 工单 1949323574812606465 首响计算开始，评论总数=3
2025-12-12 10:40:00 [INFO] : 👀 工单 1949323574812606465 评论巡检: id=1949323575047487488, user_type=SELLER, oper_raw=True, is_service=False, is_customer=True, create_time=2025-07-27 12:18:51
2025-12-12 10:40:00 [INFO] : 🎯 工单 1949323574812606465 首条客户消息锁定: 2025-07-27 12:18:51
2025-12-12 10:40:00 [INFO] : 👀 工单 1949323574812606465 评论巡检: id=1949323591673708544, user_type=EMPLOYEE, oper_raw=True, is_service=True, is_customer=False, create_time=2025-07-27 12:18:55
2025-12-12 10:40:00 [INFO] : 🎯 工单 1949323574812606465 首条客服回复锁定: 2025-07-27 12:18:55
2025-12-12 10:40:00 [INFO] : ⏱️ 工单 1949323574812606465 首响计算: first_customer_message_time=2025-07-27 12:18:51, first_service_reply_time=2025-07-27 12:18:55, response_seconds=4, threshold_seconds=120, is_timeout=False
2025-12-12 10:40:00 [INFO] : 🧾 工单 1949323574812606465 首响开关: work_type=AFTER_SALE, work_table_name=t_work_2025, is_after_sale=True, raw_comments=3, valid_comments=3
2025-12-12 10:40:00 [INFO] : ✅ 工单 1949323574812606465 有 3 条有效评论，构建完成对话数据
2025-12-12 10:40:00 [INFO] : 工单 1949323574812606465 AI状态更新为: PENDING
2025-12-12 10:40:00 [INFO] : 📋 处理工单 1949323536879321089 (10/50) - 评论表: t_work_comment_2025
2025-12-12 10:40:00 [INFO] : 从表 t_work_comment_2025 获取工单 1949323536879321089 的 3 条完整对话记录（包含客户和客服）
2025-12-12 10:40:00 [INFO] : 💭 工单 1949323536879321089 获取到 3 条原始评论
2025-12-12 10:40:00 [INFO] : 🔍 工单 1949323536879321089 开始去噪处理 2 条有效评论...
2025-12-12 10:40:00 [INFO] : 🔍 开始过滤评论，原始数量: 2
2025-12-12 10:40:00 [INFO] : ✅ 评论过滤完成:
2025-12-12 10:40:00 [INFO] :   📥 原始数量: 2
2025-12-12 10:40:00 [INFO] :   📤 过滤后数量: 2
2025-12-12 10:40:00 [INFO] :   🗑️ 移除数量: 0
2025-12-12 10:40:00 [INFO] :   📊 过滤率: 0.0%
2025-12-12 10:40:00 [INFO] : ✅ 创建批次记录: batch_20251212_104000_3611f287, 工单数: 1
2025-12-12 10:40:00 [INFO] : ✅ 更新批次统计: batch_20251212_104000_3611f287, 状态: COMPLETED
2025-12-12 10:40:00 [INFO] : ✅ 保存工单 1949323536879321089 去噪记录成功，批次: batch_20251212_104000_3611f287
2025-12-12 10:40:00 [INFO] : ✅ 工单 1949323536879321089 去噪完成: 2 -> 2 条评论
2025-12-12 10:40:00 [INFO] : 🧾 工单 1949323536879321089 首响开关: work_type=URGE_INSTALL, work_table_name=t_work_2025, is_after_sale=False, raw_comments=3, valid_comments=2
2025-12-12 10:40:00 [INFO] : ✅ 工单 1949323536879321089 有 2 条有效评论，构建完成对话数据
2025-12-12 10:40:00 [INFO] : 工单 1949323536879321089 AI状态更新为: PENDING
2025-12-12 10:40:00 [INFO] : 📋 处理工单 1949323428083269633 (11/50) - 评论表: t_work_comment_2025
2025-12-12 10:40:00 [INFO] : 从表 t_work_comment_2025 获取工单 1949323428083269633 的 4 条完整对话记录（包含客户和客服）
2025-12-12 10:40:00 [INFO] : 💭 工单 1949323428083269633 获取到 4 条原始评论
2025-12-12 10:40:00 [INFO] : 🔍 工单 1949323428083269633 开始去噪处理 4 条有效评论...
2025-12-12 10:40:00 [INFO] : 🔍 开始过滤评论，原始数量: 4
2025-12-12 10:40:00 [INFO] : ✅ 评论过滤完成:
2025-12-12 10:40:00 [INFO] :   📥 原始数量: 4
2025-12-12 10:40:00 [INFO] :   📤 过滤后数量: 4
2025-12-12 10:40:00 [INFO] :   🗑️ 移除数量: 0
2025-12-12 10:40:00 [INFO] :   📊 过滤率: 0.0%
2025-12-12 10:40:00 [INFO] : ✅ 创建批次记录: batch_20251212_104000_e1e1c090, 工单数: 1
2025-12-12 10:40:00 [INFO] : ✅ 更新批次统计: batch_20251212_104000_e1e1c090, 状态: COMPLETED
2025-12-12 10:40:00 [INFO] : ✅ 保存工单 1949323428083269633 去噪记录成功，批次: batch_20251212_104000_e1e1c090
2025-12-12 10:40:00 [INFO] : ✅ 工单 1949323428083269633 去噪完成: 4 -> 4 条评论
2025-12-12 10:40:00 [INFO] : 🧾 工单 1949323428083269633 首响开关: work_type=EXCHANGE, work_table_name=t_work_2025, is_after_sale=False, raw_comments=4, valid_comments=4
2025-12-12 10:40:00 [INFO] : ✅ 工单 1949323428083269633 有 4 条有效评论，构建完成对话数据
2025-12-12 10:40:00 [INFO] : 工单 1949323428083269633 AI状态更新为: PENDING
2025-12-12 10:40:00 [INFO] : 📋 处理工单 1949323373397934081 (12/50) - 评论表: t_work_comment_2025
2025-12-12 10:40:00 [INFO] : 从表 t_work_comment_2025 获取工单 1949323373397934081 的 5 条完整对话记录（包含客户和客服）
2025-12-12 10:40:00 [INFO] : 💭 工单 1949323373397934081 获取到 5 条原始评论
2025-12-12 10:40:00 [INFO] : 🔍 工单 1949323373397934081 开始去噪处理 5 条有效评论...
2025-12-12 10:40:00 [INFO] : 🔍 开始过滤评论，原始数量: 5
2025-12-12 10:40:00 [INFO] : ✅ 评论过滤完成:
2025-12-12 10:40:00 [INFO] :   📥 原始数量: 5
2025-12-12 10:40:00 [INFO] :   📤 过滤后数量: 5
2025-12-12 10:40:00 [INFO] :   🗑️ 移除数量: 0
2025-12-12 10:40:00 [INFO] :   📊 过滤率: 0.0%
2025-12-12 10:40:00 [INFO] : ✅ 创建批次记录: batch_20251212_104000_739b1887, 工单数: 1
2025-12-12 10:40:00 [INFO] : ✅ 更新批次统计: batch_20251212_104000_739b1887, 状态: COMPLETED
2025-12-12 10:40:00 [INFO] : ✅ 保存工单 1949323373397934081 去噪记录成功，批次: batch_20251212_104000_739b1887
2025-12-12 10:40:00 [INFO] : ✅ 工单 1949323373397934081 去噪完成: 5 -> 5 条评论
2025-12-12 10:40:00 [INFO] : 🧾 工单 1949323373397934081 首响开关: work_type=EXCHANGE, work_table_name=t_work_2025, is_after_sale=False, raw_comments=5, valid_comments=5
2025-12-12 10:40:00 [INFO] : ✅ 工单 1949323373397934081 有 5 条有效评论，构建完成对话数据
2025-12-12 10:40:00 [INFO] : 工单 1949323373397934081 AI状态更新为: PENDING
2025-12-12 10:40:00 [INFO] : 📋 处理工单 1949323220368752641 (13/50) - 评论表: t_work_comment_2025
2025-12-12 10:40:00 [INFO] : 从表 t_work_comment_2025 获取工单 1949323220368752641 的 3 条完整对话记录（包含客户和客服）
2025-12-12 10:40:00 [INFO] : 💭 工单 1949323220368752641 获取到 3 条原始评论
2025-12-12 10:40:00 [INFO] : 🔍 工单 1949323220368752641 开始去噪处理 3 条有效评论...
2025-12-12 10:40:00 [INFO] : 🔍 开始过滤评论，原始数量: 3
2025-12-12 10:40:00 [INFO] : ✅ 评论过滤完成:
2025-12-12 10:40:00 [INFO] :   📥 原始数量: 3
2025-12-12 10:40:00 [INFO] :   📤 过滤后数量: 3
2025-12-12 10:40:00 [INFO] :   🗑️ 移除数量: 0
2025-12-12 10:40:00 [INFO] :   📊 过滤率: 0.0%
2025-12-12 10:40:00 [INFO] : ✅ 创建批次记录: batch_20251212_104000_5ef03b38, 工单数: 1
2025-12-12 10:40:00 [INFO] : ✅ 更新批次统计: batch_20251212_104000_5ef03b38, 状态: COMPLETED
2025-12-12 10:40:00 [INFO] : ✅ 保存工单 1949323220368752641 去噪记录成功，批次: batch_20251212_104000_5ef03b38
2025-12-12 10:40:00 [INFO] : ✅ 工单 1949323220368752641 去噪完成: 3 -> 3 条评论
2025-12-12 10:40:00 [INFO] : 🧾 工单 1949323220368752641 首响开关: work_type=URGE_PAYMENT, work_table_name=t_work_2025, is_after_sale=False, raw_comments=3, valid_comments=3
2025-12-12 10:40:00 [INFO] : ✅ 工单 1949323220368752641 有 3 条有效评论，构建完成对话数据
2025-12-12 10:40:00 [INFO] : 工单 1949323220368752641 AI状态更新为: PENDING
2025-12-12 10:40:00 [INFO] : 📋 处理工单 1949325129511075841 (14/50) - 评论表: t_work_comment_2025
2025-12-12 10:40:00 [INFO] : 从表 t_work_comment_2025 获取工单 1949325129511075841 的 6 条完整对话记录（包含客户和客服）
2025-12-12 10:40:00 [INFO] : 💭 工单 1949325129511075841 获取到 6 条原始评论
2025-12-12 10:40:00 [INFO] : 🔍 工单 1949325129511075841 开始去噪处理 6 条有效评论...
2025-12-12 10:40:00 [INFO] : 🔍 开始过滤评论，原始数量: 6
2025-12-12 10:40:00 [INFO] : ✅ 评论过滤完成:
2025-12-12 10:40:00 [INFO] :   📥 原始数量: 6
2025-12-12 10:40:00 [INFO] :   📤 过滤后数量: 6
2025-12-12 10:40:00 [INFO] :   🗑️ 移除数量: 0
2025-12-12 10:40:00 [INFO] :   📊 过滤率: 0.0%
2025-12-12 10:40:00 [INFO] : ✅ 创建批次记录: batch_20251212_104000_df5f48ed, 工单数: 1
2025-12-12 10:40:00 [INFO] : ✅ 更新批次统计: batch_20251212_104000_df5f48ed, 状态: COMPLETED
2025-12-12 10:40:00 [INFO] : ✅ 保存工单 1949325129511075841 去噪记录成功，批次: batch_20251212_104000_df5f48ed
2025-12-12 10:40:00 [INFO] : ✅ 工单 1949325129511075841 去噪完成: 6 -> 6 条评论
2025-12-12 10:40:00 [INFO] : 🧾 工单 1949325129511075841 首响开关: work_type=ADD_WECHAT, work_table_name=t_work_2025, is_after_sale=False, raw_comments=6, valid_comments=6
2025-12-12 10:40:00 [INFO] : ✅ 工单 1949325129511075841 有 6 条有效评论，构建完成对话数据
2025-12-12 10:40:00 [INFO] : 工单 1949325129511075841 AI状态更新为: PENDING
2025-12-12 10:40:00 [INFO] : 📋 处理工单 1949323130761641985 (15/50) - 评论表: t_work_comment_2025
2025-12-12 10:40:00 [INFO] : 从表 t_work_comment_2025 获取工单 1949323130761641985 的 5 条完整对话记录（包含客户和客服）
2025-12-12 10:40:00 [INFO] : 💭 工单 1949323130761641985 获取到 5 条原始评论
2025-12-12 10:40:00 [INFO] : 🔍 工单 1949323130761641985 开始去噪处理 4 条有效评论...
2025-12-12 10:40:00 [INFO] : 🔍 开始过滤评论，原始数量: 4
2025-12-12 10:40:00 [INFO] : ✅ 评论过滤完成:
2025-12-12 10:40:00 [INFO] :   📥 原始数量: 4
2025-12-12 10:40:00 [INFO] :   📤 过滤后数量: 4
2025-12-12 10:40:00 [INFO] :   🗑️ 移除数量: 0
2025-12-12 10:40:00 [INFO] :   📊 过滤率: 0.0%
2025-12-12 10:40:00 [INFO] : ✅ 创建批次记录: batch_20251212_104000_3cbe9302, 工单数: 1
2025-12-12 10:40:00 [INFO] : ✅ 更新批次统计: batch_20251212_104000_3cbe9302, 状态: COMPLETED
2025-12-12 10:40:00 [INFO] : ✅ 保存工单 1949323130761641985 去噪记录成功，批次: batch_20251212_104000_3cbe9302
2025-12-12 10:40:00 [INFO] : ✅ 工单 1949323130761641985 去噪完成: 4 -> 4 条评论
2025-12-12 10:40:00 [INFO] : 🧾 工单 1949323130761641985 首响开关: work_type=EXCHANGE, work_table_name=t_work_2025, is_after_sale=False, raw_comments=5, valid_comments=4
2025-12-12 10:40:00 [INFO] : ✅ 工单 1949323130761641985 有 4 条有效评论，构建完成对话数据
2025-12-12 10:40:00 [INFO] : 工单 1949323130761641985 AI状态更新为: PENDING
2025-12-12 10:40:00 [INFO] : 📋 处理工单 1949323040491831297 (16/50) - 评论表: t_work_comment_2025
2025-12-12 10:40:00 [INFO] : 从表 t_work_comment_2025 获取工单 1949323040491831297 的 4 条完整对话记录（包含客户和客服）
2025-12-12 10:40:00 [INFO] : 💭 工单 1949323040491831297 获取到 4 条原始评论
2025-12-12 10:40:00 [INFO] : 🔍 工单 1949323040491831297 开始去噪处理 3 条有效评论...
2025-12-12 10:40:00 [INFO] : 🔍 开始过滤评论，原始数量: 3
2025-12-12 10:40:00 [INFO] : ✅ 评论过滤完成:
2025-12-12 10:40:00 [INFO] :   📥 原始数量: 3
2025-12-12 10:40:00 [INFO] :   📤 过滤后数量: 3
2025-12-12 10:40:00 [INFO] :   🗑️ 移除数量: 0
2025-12-12 10:40:00 [INFO] :   📊 过滤率: 0.0%
2025-12-12 10:40:00 [INFO] : ✅ 创建批次记录: batch_20251212_104000_3c6606aa, 工单数: 1
2025-12-12 10:40:00 [INFO] : ✅ 更新批次统计: batch_20251212_104000_3c6606aa, 状态: COMPLETED
2025-12-12 10:40:00 [INFO] : ✅ 保存工单 1949323040491831297 去噪记录成功，批次: batch_20251212_104000_3c6606aa
2025-12-12 10:40:00 [INFO] : ✅ 工单 1949323040491831297 去噪完成: 3 -> 3 条评论
2025-12-12 10:40:00 [INFO] : ⏳ 工单 1949323040491831297 首响计算开始，评论总数=4
2025-12-12 10:40:00 [INFO] : 👀 工单 1949323040491831297 评论巡检: id=1949323040705740800, user_type=EMPLOYEE, oper_raw=True, is_service=True, is_customer=False, create_time=2025-07-27 12:16:44
2025-12-12 10:40:00 [INFO] : 👀 工单 1949323040491831297 评论巡检: id=1949323145647226880, user_type=EMPLOYEE, oper_raw=True, is_service=True, is_customer=False, create_time=2025-07-27 12:17:09
2025-12-12 10:40:00 [INFO] : 👀 工单 1949323040491831297 评论巡检: id=1949325763866001408, user_type=EMPLOYEE, oper_raw=True, is_service=True, is_customer=False, create_time=2025-07-27 12:27:33
2025-12-12 10:40:00 [INFO] : 👀 工单 1949323040491831297 评论巡检: id=1950803737484197888, user_type=EMPLOYEE, oper_raw=True, is_service=True, is_customer=False, create_time=2025-07-31 14:20:29
2025-12-12 10:40:00 [INFO] : ⏱️ 工单 1949323040491831297 首响计算: first_customer_message_time=None, first_service_reply_time=None, response_seconds=None, threshold_seconds=120, is_timeout=False
2025-12-12 10:40:00 [INFO] : 🧾 工单 1949323040491831297 首响开关: work_type=AFTER_SALE, work_table_name=t_work_2025, is_after_sale=True, raw_comments=4, valid_comments=3
2025-12-12 10:40:00 [INFO] : ✅ 工单 1949323040491831297 有 3 条有效评论，构建完成对话数据
2025-12-12 10:40:00 [INFO] : 工单 1949323040491831297 AI状态更新为: PENDING
2025-12-12 10:40:00 [INFO] : 📋 处理工单 1949323020673744897 (17/50) - 评论表: t_work_comment_2025
2025-12-12 10:40:00 [INFO] : 从表 t_work_comment_2025 获取工单 1949323020673744897 的 56 条完整对话记录（包含客户和客服）
2025-12-12 10:40:00 [INFO] : 💭 工单 1949323020673744897 获取到 56 条原始评论
2025-12-12 10:40:00 [INFO] : 🔍 工单 1949323020673744897 开始去噪处理 53 条有效评论...
2025-12-12 10:40:00 [INFO] : 🔍 开始过滤评论，原始数量: 53
2025-12-12 10:40:00 [INFO] : ✅ 评论过滤完成:
2025-12-12 10:40:00 [INFO] :   📥 原始数量: 53
2025-12-12 10:40:00 [INFO] :   📤 过滤后数量: 53
2025-12-12 10:40:00 [INFO] :   🗑️ 移除数量: 0
2025-12-12 10:40:00 [INFO] :   📊 过滤率: 0.0%
2025-12-12 10:40:00 [INFO] : ✅ 创建批次记录: batch_20251212_104000_ad107a7a, 工单数: 1
2025-12-12 10:40:00 [INFO] : ✅ 更新批次统计: batch_20251212_104000_ad107a7a, 状态: COMPLETED
2025-12-12 10:40:00 [INFO] : ✅ 保存工单 1949323020673744897 去噪记录成功，批次: batch_20251212_104000_ad107a7a
2025-12-12 10:40:00 [INFO] : ✅ 工单 1949323020673744897 去噪完成: 53 -> 53 条评论
2025-12-12 10:40:00 [INFO] : ⏳ 工单 1949323020673744897 首响计算开始，评论总数=56
2025-12-12 10:40:00 [INFO] : 👀 工单 1949323020673744897 评论巡检: id=1949323020900237312, user_type=SELLER, oper_raw=True, is_service=False, is_customer=True, create_time=2025-07-27 12:16:39
2025-12-12 10:40:00 [INFO] : 🎯 工单 1949323020673744897 首条客户消息锁定: 2025-07-27 12:16:39
2025-12-12 10:40:00 [INFO] : 👀 工单 1949323020673744897 评论巡检: id=1949323042026946560, user_type=EMPLOYEE, oper_raw=True, is_service=True, is_customer=False, create_time=2025-07-27 12:16:44
2025-12-12 10:40:00 [INFO] : 🎯 工单 1949323020673744897 首条客服回复锁定: 2025-07-27 12:16:44
2025-12-12 10:40:00 [INFO] : ⏱️ 工单 1949323020673744897 首响计算: first_customer_message_time=2025-07-27 12:16:39, first_service_reply_time=2025-07-27 12:16:44, response_seconds=5, threshold_seconds=120, is_timeout=False
2025-12-12 10:40:00 [INFO] : 🧾 工单 1949323020673744897 首响开关: work_type=AFTER_SALE, work_table_name=t_work_2025, is_after_sale=True, raw_comments=56, valid_comments=53
2025-12-12 10:40:00 [INFO] : ✅ 工单 1949323020673744897 有 53 条有效评论，构建完成对话数据
2025-12-12 10:40:00 [INFO] : 工单 1949323020673744897 AI状态更新为: PENDING
2025-12-12 10:40:00 [INFO] : 📋 处理工单 1949322967787765761 (18/50) - 评论表: t_work_comment_2025
2025-12-12 10:40:00 [INFO] : 从表 t_work_comment_2025 获取工单 1949322967787765761 的 4 条完整对话记录（包含客户和客服）
2025-12-12 10:40:00 [INFO] : 💭 工单 1949322967787765761 获取到 4 条原始评论
2025-12-12 10:40:00 [INFO] : 🔍 工单 1949322967787765761 开始去噪处理 4 条有效评论...
2025-12-12 10:40:00 [INFO] : 🔍 开始过滤评论，原始数量: 4
2025-12-12 10:40:00 [INFO] : ✅ 评论过滤完成:
2025-12-12 10:40:00 [INFO] :   📥 原始数量: 4
2025-12-12 10:40:00 [INFO] :   📤 过滤后数量: 4
2025-12-12 10:40:00 [INFO] :   🗑️ 移除数量: 0
2025-12-12 10:40:00 [INFO] :   📊 过滤率: 0.0%
2025-12-12 10:40:00 [INFO] : ✅ 创建批次记录: batch_20251212_104000_29820942, 工单数: 1
2025-12-12 10:40:00 [INFO] : ✅ 更新批次统计: batch_20251212_104000_29820942, 状态: COMPLETED
2025-12-12 10:40:00 [INFO] : ✅ 保存工单 1949322967787765761 去噪记录成功，批次: batch_20251212_104000_29820942
2025-12-12 10:40:00 [INFO] : ✅ 工单 1949322967787765761 去噪完成: 4 -> 4 条评论
2025-12-12 10:40:00 [INFO] : ⏳ 工单 1949322967787765761 首响计算开始，评论总数=4
2025-12-12 10:40:00 [INFO] : 👀 工单 1949322967787765761 评论巡检: id=1949322967997480960, user_type=EMPLOYEE, oper_raw=True, is_service=True, is_customer=False, create_time=2025-07-27 12:16:26
2025-12-12 10:40:00 [INFO] : 👀 工单 1949322967787765761 评论巡检: id=1949322983776452608, user_type=EMPLOYEE, oper_raw=True, is_service=True, is_customer=False, create_time=2025-07-27 12:16:30
2025-12-12 10:40:00 [INFO] : 👀 工单 1949322967787765761 评论巡检: id=1949323566516273152, user_type=EMPLOYEE, oper_raw=True, is_service=True, is_customer=False, create_time=2025-07-27 12:18:49
2025-12-12 10:40:00 [INFO] : 👀 工单 1949322967787765761 评论巡检: id=1949329298670223360, user_type=EMPLOYEE, oper_raw=True, is_service=True, is_customer=False, create_time=2025-07-27 12:41:36
2025-12-12 10:40:00 [INFO] : ⏱️ 工单 1949322967787765761 首响计算: first_customer_message_time=None, first_service_reply_time=None, response_seconds=None, threshold_seconds=120, is_timeout=False
2025-12-12 10:40:00 [INFO] : 🧾 工单 1949322967787765761 首响开关: work_type=AFTER_SALE, work_table_name=t_work_2025, is_after_sale=True, raw_comments=4, valid_comments=4
2025-12-12 10:40:00 [INFO] : ✅ 工单 1949322967787765761 有 4 条有效评论，构建完成对话数据
2025-12-12 10:40:00 [INFO] : 工单 1949322967787765761 AI状态更新为: PENDING
2025-12-12 10:40:00 [INFO] : 📋 处理工单 1949322745095389185 (19/50) - 评论表: t_work_comment_2025
2025-12-12 10:40:00 [INFO] : 从表 t_work_comment_2025 获取工单 1949322745095389185 的 4 条完整对话记录（包含客户和客服）
2025-12-12 10:40:00 [INFO] : 💭 工单 1949322745095389185 获取到 4 条原始评论
2025-12-12 10:40:00 [INFO] : 🔍 工单 1949322745095389185 开始去噪处理 4 条有效评论...
2025-12-12 10:40:00 [INFO] : 🔍 开始过滤评论，原始数量: 4
2025-12-12 10:40:00 [INFO] : ✅ 评论过滤完成:
2025-12-12 10:40:00 [INFO] :   📥 原始数量: 4
2025-12-12 10:40:00 [INFO] :   📤 过滤后数量: 4
2025-12-12 10:40:00 [INFO] :   🗑️ 移除数量: 0
2025-12-12 10:40:00 [INFO] :   📊 过滤率: 0.0%
2025-12-12 10:40:00 [INFO] : ✅ 创建批次记录: batch_20251212_104000_cb49088e, 工单数: 1
2025-12-12 10:40:00 [INFO] : ✅ 更新批次统计: batch_20251212_104000_cb49088e, 状态: COMPLETED
2025-12-12 10:40:00 [INFO] : ✅ 保存工单 1949322745095389185 去噪记录成功，批次: batch_20251212_104000_cb49088e
2025-12-12 10:40:00 [INFO] : ✅ 工单 1949322745095389185 去噪完成: 4 -> 4 条评论
2025-12-12 10:40:00 [INFO] : 🧾 工单 1949322745095389185 首响开关: work_type=URGE_INSTALL, work_table_name=t_work_2025, is_after_sale=False, raw_comments=4, valid_comments=4
2025-12-12 10:40:00 [INFO] : ✅ 工单 1949322745095389185 有 4 条有效评论，构建完成对话数据
2025-12-12 10:40:00 [INFO] : 工单 1949322745095389185 AI状态更新为: PENDING
2025-12-12 10:40:00 [INFO] : 📋 处理工单 1949322732608946177 (20/50) - 评论表: t_work_comment_2025
2025-12-12 10:40:00 [INFO] : 从表 t_work_comment_2025 获取工单 1949322732608946177 的 6 条完整对话记录（包含客户和客服）
2025-12-12 10:40:00 [INFO] : 💭 工单 1949322732608946177 获取到 6 条原始评论
2025-12-12 10:40:00 [INFO] : 🔍 工单 1949322732608946177 开始去噪处理 3 条有效评论...
2025-12-12 10:40:00 [INFO] : 🔍 开始过滤评论，原始数量: 3
2025-12-12 10:40:00 [INFO] : ✅ 评论过滤完成:
2025-12-12 10:40:00 [INFO] :   📥 原始数量: 3
2025-12-12 10:40:00 [INFO] :   📤 过滤后数量: 3
2025-12-12 10:40:00 [INFO] :   🗑️ 移除数量: 0
2025-12-12 10:40:00 [INFO] :   📊 过滤率: 0.0%
2025-12-12 10:40:00 [INFO] : ✅ 创建批次记录: batch_20251212_104000_dc391412, 工单数: 1
2025-12-12 10:40:00 [INFO] : ✅ 更新批次统计: batch_20251212_104000_dc391412, 状态: COMPLETED
2025-12-12 10:40:00 [INFO] : ✅ 保存工单 1949322732608946177 去噪记录成功，批次: batch_20251212_104000_dc391412
2025-12-12 10:40:00 [INFO] : ✅ 工单 1949322732608946177 去噪完成: 3 -> 3 条评论
2025-12-12 10:40:00 [INFO] : ⏳ 工单 1949322732608946177 首响计算开始，评论总数=6
2025-12-12 10:40:00 [INFO] : 👀 工单 1949322732608946177 评论巡检: id=1949322732831244288, user_type=EMPLOYEE, oper_raw=True, is_service=True, is_customer=False, create_time=2025-07-27 12:15:30
2025-12-12 10:40:00 [INFO] : 👀 工单 1949322732608946177 评论巡检: id=1949322834413092864, user_type=EMPLOYEE, oper_raw=True, is_service=True, is_customer=False, create_time=2025-07-27 12:15:55
2025-12-12 10:40:00 [INFO] : 👀 工单 1949322732608946177 评论巡检: id=1949323703384801280, user_type=SELLER, oper_raw=True, is_service=False, is_customer=True, create_time=2025-07-27 12:19:22
2025-12-12 10:40:00 [INFO] : 🎯 工单 1949322732608946177 首条客户消息锁定: 2025-07-27 12:19:22
2025-12-12 10:40:00 [INFO] : 👀 工单 1949322732608946177 评论巡检: id=1949323895899160576, user_type=EMPLOYEE, oper_raw=True, is_service=True, is_customer=False, create_time=2025-07-27 12:20:08
2025-12-12 10:40:00 [INFO] : 🎯 工单 1949322732608946177 首条客服回复锁定: 2025-07-27 12:20:08
2025-12-12 10:40:00 [INFO] : ⏱️ 工单 1949322732608946177 首响计算: first_customer_message_time=2025-07-27 12:19:22, first_service_reply_time=2025-07-27 12:20:08, response_seconds=46, threshold_seconds=120, is_timeout=False
2025-12-12 10:40:00 [INFO] : 🧾 工单 1949322732608946177 首响开关: work_type=AFTER_SALE, work_table_name=t_work_2025, is_after_sale=True, raw_comments=6, valid_comments=3
2025-12-12 10:40:00 [INFO] : ✅ 工单 1949322732608946177 有 3 条有效评论，构建完成对话数据
2025-12-12 10:40:00 [INFO] : 工单 1949322732608946177 AI状态更新为: PENDING
2025-12-12 10:40:00 [INFO] : 📋 处理工单 1949322718738382849 (21/50) - 评论表: t_work_comment_2025
2025-12-12 10:40:00 [INFO] : 从表 t_work_comment_2025 获取工单 1949322718738382849 的 3 条完整对话记录（包含客户和客服）
2025-12-12 10:40:00 [INFO] : 💭 工单 1949322718738382849 获取到 3 条原始评论
2025-12-12 10:40:00 [INFO] : 🔍 工单 1949322718738382849 开始去噪处理 3 条有效评论...
2025-12-12 10:40:00 [INFO] : 🔍 开始过滤评论，原始数量: 3
2025-12-12 10:40:00 [INFO] : ✅ 评论过滤完成:
2025-12-12 10:40:00 [INFO] :   📥 原始数量: 3
2025-12-12 10:40:00 [INFO] :   📤 过滤后数量: 3
2025-12-12 10:40:00 [INFO] :   🗑️ 移除数量: 0
2025-12-12 10:40:00 [INFO] :   📊 过滤率: 0.0%
2025-12-12 10:40:00 [INFO] : ✅ 创建批次记录: batch_20251212_104000_8a791379, 工单数: 1
2025-12-12 10:40:00 [INFO] : ✅ 更新批次统计: batch_20251212_104000_8a791379, 状态: COMPLETED
2025-12-12 10:40:00 [INFO] : ✅ 保存工单 1949322718738382849 去噪记录成功，批次: batch_20251212_104000_8a791379
2025-12-12 10:40:00 [INFO] : ✅ 工单 1949322718738382849 去噪完成: 3 -> 3 条评论
2025-12-12 10:40:00 [INFO] : 🧾 工单 1949322718738382849 首响开关: work_type=URGE_INSTALL, work_table_name=t_work_2025, is_after_sale=False, raw_comments=3, valid_comments=3
2025-12-12 10:40:00 [INFO] : ✅ 工单 1949322718738382849 有 3 条有效评论，构建完成对话数据
2025-12-12 10:40:00 [INFO] : 工单 1949322718738382849 AI状态更新为: PENDING
2025-12-12 10:40:00 [INFO] : 📋 处理工单 1949322700124061697 (22/50) - 评论表: t_work_comment_2025
2025-12-12 10:40:00 [INFO] : 从表 t_work_comment_2025 获取工单 1949322700124061697 的 6 条完整对话记录（包含客户和客服）
2025-12-12 10:40:00 [INFO] : 💭 工单 1949322700124061697 获取到 6 条原始评论
2025-12-12 10:40:00 [INFO] : 🔍 工单 1949322700124061697 开始去噪处理 6 条有效评论...
2025-12-12 10:40:00 [INFO] : 🔍 开始过滤评论，原始数量: 6
2025-12-12 10:40:00 [INFO] : ✅ 评论过滤完成:
2025-12-12 10:40:00 [INFO] :   📥 原始数量: 6
2025-12-12 10:40:00 [INFO] :   📤 过滤后数量: 6
2025-12-12 10:40:00 [INFO] :   🗑️ 移除数量: 0
2025-12-12 10:40:00 [INFO] :   📊 过滤率: 0.0%
2025-12-12 10:40:00 [INFO] : ✅ 创建批次记录: batch_20251212_104000_66b175b2, 工单数: 1
2025-12-12 10:40:00 [INFO] : ✅ 更新批次统计: batch_20251212_104000_66b175b2, 状态: COMPLETED
2025-12-12 10:40:00 [INFO] : ✅ 保存工单 1949322700124061697 去噪记录成功，批次: batch_20251212_104000_66b175b2
2025-12-12 10:40:00 [INFO] : ✅ 工单 1949322700124061697 去噪完成: 6 -> 6 条评论
2025-12-12 10:40:00 [INFO] : 🧾 工单 1949322700124061697 首响开关: work_type=URGE_INSTALL, work_table_name=t_work_2025, is_after_sale=False, raw_comments=6, valid_comments=6
2025-12-12 10:40:00 [INFO] : ✅ 工单 1949322700124061697 有 6 条有效评论，构建完成对话数据
2025-12-12 10:40:00 [INFO] : 工单 1949322700124061697 AI状态更新为: PENDING
2025-12-12 10:40:00 [INFO] : 📋 处理工单 1949322644981547009 (23/50) - 评论表: t_work_comment_2025
2025-12-12 10:40:00 [INFO] : 从表 t_work_comment_2025 获取工单 1949322644981547009 的 4 条完整对话记录（包含客户和客服）
2025-12-12 10:40:00 [INFO] : 💭 工单 1949322644981547009 获取到 4 条原始评论
2025-12-12 10:40:00 [INFO] : 🔍 工单 1949322644981547009 开始去噪处理 4 条有效评论...
2025-12-12 10:40:00 [INFO] : 🔍 开始过滤评论，原始数量: 4
2025-12-12 10:40:00 [INFO] : ✅ 评论过滤完成:
2025-12-12 10:40:00 [INFO] :   📥 原始数量: 4
2025-12-12 10:40:00 [INFO] :   📤 过滤后数量: 4
2025-12-12 10:40:00 [INFO] :   🗑️ 移除数量: 0
2025-12-12 10:40:00 [INFO] :   📊 过滤率: 0.0%
2025-12-12 10:40:00 [INFO] : ✅ 创建批次记录: batch_20251212_104000_7ae5931c, 工单数: 1
2025-12-12 10:40:00 [INFO] : ✅ 更新批次统计: batch_20251212_104000_7ae5931c, 状态: COMPLETED
2025-12-12 10:40:00 [INFO] : ✅ 保存工单 1949322644981547009 去噪记录成功，批次: batch_20251212_104000_7ae5931c
2025-12-12 10:40:00 [INFO] : ✅ 工单 1949322644981547009 去噪完成: 4 -> 4 条评论
2025-12-12 10:40:00 [INFO] : 🧾 工单 1949322644981547009 首响开关: work_type=ADD_WECHAT, work_table_name=t_work_2025, is_after_sale=False, raw_comments=4, valid_comments=4
2025-12-12 10:40:00 [INFO] : ✅ 工单 1949322644981547009 有 4 条有效评论，构建完成对话数据
2025-12-12 10:40:00 [INFO] : 工单 1949322644981547009 AI状态更新为: PENDING
2025-12-12 10:40:00 [INFO] : 📋 处理工单 1949322592988954624 (24/50) - 评论表: t_work_comment_2025
2025-12-12 10:40:00 [INFO] : 从表 t_work_comment_2025 获取工单 1949322592988954624 的 3 条完整对话记录（包含客户和客服）
2025-12-12 10:40:00 [INFO] : 💭 工单 1949322592988954624 获取到 3 条原始评论
2025-12-12 10:40:00 [INFO] : 🔍 工单 1949322592988954624 开始去噪处理 3 条有效评论...
2025-12-12 10:40:00 [INFO] : 🔍 开始过滤评论，原始数量: 3
2025-12-12 10:40:00 [INFO] : ✅ 评论过滤完成:
2025-12-12 10:40:00 [INFO] :   📥 原始数量: 3
2025-12-12 10:40:00 [INFO] :   📤 过滤后数量: 3
2025-12-12 10:40:00 [INFO] :   🗑️ 移除数量: 0
2025-12-12 10:40:00 [INFO] :   📊 过滤率: 0.0%
2025-12-12 10:40:00 [INFO] : ✅ 创建批次记录: batch_20251212_104000_c8017c21, 工单数: 1
2025-12-12 10:40:00 [INFO] : ✅ 更新批次统计: batch_20251212_104000_c8017c21, 状态: COMPLETED
2025-12-12 10:40:00 [INFO] : ✅ 保存工单 1949322592988954624 去噪记录成功，批次: batch_20251212_104000_c8017c21
2025-12-12 10:40:00 [INFO] : ✅ 工单 1949322592988954624 去噪完成: 3 -> 3 条评论
2025-12-12 10:40:00 [INFO] : 🧾 工单 1949322592988954624 首响开关: work_type=URGE_INSTALL, work_table_name=t_work_2025, is_after_sale=False, raw_comments=3, valid_comments=3
2025-12-12 10:40:00 [INFO] : ✅ 工单 1949322592988954624 有 3 条有效评论，构建完成对话数据
2025-12-12 10:40:00 [INFO] : 工单 1949322592988954624 AI状态更新为: PENDING
2025-12-12 10:40:00 [INFO] : 📋 处理工单 1949322457781370881 (25/50) - 评论表: t_work_comment_2025
2025-12-12 10:40:00 [INFO] : 从表 t_work_comment_2025 获取工单 1949322457781370881 的 3 条完整对话记录（包含客户和客服）
2025-12-12 10:40:00 [INFO] : 💭 工单 1949322457781370881 获取到 3 条原始评论
2025-12-12 10:40:00 [INFO] : 🔍 工单 1949322457781370881 开始去噪处理 3 条有效评论...
2025-12-12 10:40:00 [INFO] : 🔍 开始过滤评论，原始数量: 3
2025-12-12 10:40:00 [INFO] : ✅ 评论过滤完成:
2025-12-12 10:40:00 [INFO] :   📥 原始数量: 3
2025-12-12 10:40:00 [INFO] :   📤 过滤后数量: 3
2025-12-12 10:40:00 [INFO] :   🗑️ 移除数量: 0
2025-12-12 10:40:00 [INFO] :   📊 过滤率: 0.0%
2025-12-12 10:40:00 [INFO] : ✅ 创建批次记录: batch_20251212_104000_994baa1f, 工单数: 1
2025-12-12 10:40:00 [INFO] : ✅ 更新批次统计: batch_20251212_104000_994baa1f, 状态: COMPLETED
2025-12-12 10:40:00 [INFO] : ✅ 保存工单 1949322457781370881 去噪记录成功，批次: batch_20251212_104000_994baa1f
2025-12-12 10:40:00 [INFO] : ✅ 工单 1949322457781370881 去噪完成: 3 -> 3 条评论
2025-12-12 10:40:00 [INFO] : 🧾 工单 1949322457781370881 首响开关: work_type=URGE_INSTALL, work_table_name=t_work_2025, is_after_sale=False, raw_comments=3, valid_comments=3
2025-12-12 10:40:00 [INFO] : ✅ 工单 1949322457781370881 有 3 条有效评论，构建完成对话数据
2025-12-12 10:40:00 [INFO] : 工单 1949322457781370881 AI状态更新为: PENDING
2025-12-12 10:40:00 [INFO] : 📋 处理工单 1949324187919187969 (26/50) - 评论表: t_work_comment_2025
2025-12-12 10:40:00 [INFO] : 从表 t_work_comment_2025 获取工单 1949324187919187969 的 4 条完整对话记录（包含客户和客服）
2025-12-12 10:40:00 [INFO] : 💭 工单 1949324187919187969 获取到 4 条原始评论
2025-12-12 10:40:00 [INFO] : 🔍 工单 1949324187919187969 开始去噪处理 4 条有效评论...
2025-12-12 10:40:00 [INFO] : 🔍 开始过滤评论，原始数量: 4
2025-12-12 10:40:00 [INFO] : ✅ 评论过滤完成:
2025-12-12 10:40:00 [INFO] :   📥 原始数量: 4
2025-12-12 10:40:00 [INFO] :   📤 过滤后数量: 4
2025-12-12 10:40:00 [INFO] :   🗑️ 移除数量: 0
2025-12-12 10:40:00 [INFO] :   📊 过滤率: 0.0%
2025-12-12 10:40:00 [INFO] : ✅ 创建批次记录: batch_20251212_104000_61400558, 工单数: 1
2025-12-12 10:40:00 [INFO] : ✅ 更新批次统计: batch_20251212_104000_61400558, 状态: COMPLETED
2025-12-12 10:40:00 [INFO] : ✅ 保存工单 1949324187919187969 去噪记录成功，批次: batch_20251212_104000_61400558
2025-12-12 10:40:00 [INFO] : ✅ 工单 1949324187919187969 去噪完成: 4 -> 4 条评论
2025-12-12 10:40:00 [INFO] : ⏳ 工单 1949324187919187969 首响计算开始，评论总数=4
2025-12-12 10:40:00 [INFO] : 👀 工单 1949324187919187969 评论巡检: id=1949324188372172800, user_type=EMPLOYEE, oper_raw=True, is_service=True, is_customer=False, create_time=2025-07-27 12:21:17
2025-12-12 10:40:00 [INFO] : 👀 工单 1949324187919187969 评论巡检: id=1949324206705475584, user_type=EMPLOYEE, oper_raw=True, is_service=True, is_customer=False, create_time=2025-07-27 12:21:22
2025-12-12 10:40:00 [INFO] : 👀 工单 1949324187919187969 评论巡检: id=1949324813533184000, user_type=EMPLOYEE, oper_raw=True, is_service=True, is_customer=False, create_time=2025-07-27 12:23:46
2025-12-12 10:40:00 [INFO] : 👀 工单 1949324187919187969 评论巡检: id=1950831862985261056, user_type=EMPLOYEE, oper_raw=True, is_service=True, is_customer=False, create_time=2025-07-31 16:12:15
2025-12-12 10:40:00 [INFO] : ⏱️ 工单 1949324187919187969 首响计算: first_customer_message_time=None, first_service_reply_time=None, response_seconds=None, threshold_seconds=120, is_timeout=False
2025-12-12 10:40:00 [INFO] : 🧾 工单 1949324187919187969 首响开关: work_type=AFTER_SALE, work_table_name=t_work_2025, is_after_sale=True, raw_comments=4, valid_comments=4
2025-12-12 10:40:00 [INFO] : ✅ 工单 1949324187919187969 有 4 条有效评论，构建完成对话数据
2025-12-12 10:40:00 [INFO] : 工单 1949324187919187969 AI状态更新为: PENDING
2025-12-12 10:40:00 [INFO] : 📋 处理工单 1949325215821463553 (27/50) - 评论表: t_work_comment_2025
2025-12-12 10:40:00 [INFO] : 从表 t_work_comment_2025 获取工单 1949325215821463553 的 4 条完整对话记录（包含客户和客服）
2025-12-12 10:40:00 [INFO] : 💭 工单 1949325215821463553 获取到 4 条原始评论
2025-12-12 10:40:00 [INFO] : 🔍 工单 1949325215821463553 开始去噪处理 3 条有效评论...
2025-12-12 10:40:00 [INFO] : 🔍 开始过滤评论，原始数量: 3
2025-12-12 10:40:00 [INFO] : ✅ 评论过滤完成:
2025-12-12 10:40:00 [INFO] :   📥 原始数量: 3
2025-12-12 10:40:00 [INFO] :   📤 过滤后数量: 3
2025-12-12 10:40:00 [INFO] :   🗑️ 移除数量: 0
2025-12-12 10:40:00 [INFO] :   📊 过滤率: 0.0%
2025-12-12 10:40:00 [INFO] : ✅ 创建批次记录: batch_20251212_104000_2a7c3c43, 工单数: 1
2025-12-12 10:40:00 [INFO] : ✅ 更新批次统计: batch_20251212_104000_2a7c3c43, 状态: COMPLETED
2025-12-12 10:40:00 [INFO] : ✅ 保存工单 1949325215821463553 去噪记录成功，批次: batch_20251212_104000_2a7c3c43
2025-12-12 10:40:00 [INFO] : ✅ 工单 1949325215821463553 去噪完成: 3 -> 3 条评论
2025-12-12 10:40:00 [INFO] : ⏳ 工单 1949325215821463553 首响计算开始，评论总数=4
2025-12-12 10:40:00 [INFO] : 👀 工单 1949325215821463553 评论巡检: id=1949325216035373056, user_type=EMPLOYEE, oper_raw=True, is_service=True, is_customer=False, create_time=2025-07-27 12:25:22
2025-12-12 10:40:00 [INFO] : 👀 工单 1949325215821463553 评论巡检: id=1949325276869558272, user_type=EMPLOYEE, oper_raw=True, is_service=True, is_customer=False, create_time=2025-07-27 12:25:37
2025-12-12 10:40:00 [INFO] : 👀 工单 1949325215821463553 评论巡检: id=1949328208302178304, user_type=EMPLOYEE, oper_raw=True, is_service=True, is_customer=False, create_time=2025-07-27 12:37:16
2025-12-12 10:40:00 [INFO] : 👀 工单 1949325215821463553 评论巡检: id=1950072984416813056, user_type=EMPLOYEE, oper_raw=True, is_service=True, is_customer=False, create_time=2025-07-29 13:56:44
2025-12-12 10:40:00 [INFO] : ⏱️ 工单 1949325215821463553 首响计算: first_customer_message_time=None, first_service_reply_time=None, response_seconds=None, threshold_seconds=120, is_timeout=False
2025-12-12 10:40:00 [INFO] : 🧾 工单 1949325215821463553 首响开关: work_type=AFTER_SALE, work_table_name=t_work_2025, is_after_sale=True, raw_comments=4, valid_comments=3
2025-12-12 10:40:00 [INFO] : ✅ 工单 1949325215821463553 有 3 条有效评论，构建完成对话数据
2025-12-12 10:40:00 [INFO] : 工单 1949325215821463553 AI状态更新为: PENDING
2025-12-12 10:40:00 [INFO] : 📋 处理工单 1949324994257354753 (28/50) - 评论表: t_work_comment_2025
2025-12-12 10:40:00 [INFO] : 从表 t_work_comment_2025 获取工单 1949324994257354753 的 4 条完整对话记录（包含客户和客服）
2025-12-12 10:40:00 [INFO] : 💭 工单 1949324994257354753 获取到 4 条原始评论
2025-12-12 10:40:00 [INFO] : 🔍 工单 1949324994257354753 开始去噪处理 3 条有效评论...
2025-12-12 10:40:00 [INFO] : 🔍 开始过滤评论，原始数量: 3
2025-12-12 10:40:00 [INFO] : ✅ 评论过滤完成:
2025-12-12 10:40:00 [INFO] :   📥 原始数量: 3
2025-12-12 10:40:00 [INFO] :   📤 过滤后数量: 3
2025-12-12 10:40:00 [INFO] :   🗑️ 移除数量: 0
2025-12-12 10:40:00 [INFO] :   📊 过滤率: 0.0%
2025-12-12 10:40:00 [INFO] : ✅ 创建批次记录: batch_20251212_104000_e1c7efc1, 工单数: 1
2025-12-12 10:40:00 [INFO] : ✅ 更新批次统计: batch_20251212_104000_e1c7efc1, 状态: COMPLETED
2025-12-12 10:40:00 [INFO] : ✅ 保存工单 1949324994257354753 去噪记录成功，批次: batch_20251212_104000_e1c7efc1
2025-12-12 10:40:00 [INFO] : ✅ 工单 1949324994257354753 去噪完成: 3 -> 3 条评论
2025-12-12 10:40:00 [INFO] : ⏳ 工单 1949324994257354753 首响计算开始，评论总数=4
2025-12-12 10:40:00 [INFO] : 👀 工单 1949324994257354753 评论巡检: id=1949324994513207296, user_type=EMPLOYEE, oper_raw=True, is_service=True, is_customer=False, create_time=2025-07-27 12:24:30
2025-12-12 10:40:00 [INFO] : 👀 工单 1949324994257354753 评论巡检: id=1949325028692590592, user_type=EMPLOYEE, oper_raw=True, is_service=True, is_customer=False, create_time=2025-07-27 12:24:38
2025-12-12 10:40:00 [INFO] : 👀 工单 1949324994257354753 评论巡检: id=1949327519048007680, user_type=EMPLOYEE, oper_raw=True, is_service=True, is_customer=False, create_time=2025-07-27 12:34:31
2025-12-12 10:40:00 [INFO] : 👀 工单 1949324994257354753 评论巡检: id=1949327537930764288, user_type=EMPLOYEE, oper_raw=True, is_service=True, is_customer=False, create_time=2025-07-27 12:34:36
2025-12-12 10:40:00 [INFO] : ⏱️ 工单 1949324994257354753 首响计算: first_customer_message_time=None, first_service_reply_time=None, response_seconds=None, threshold_seconds=120, is_timeout=False
2025-12-12 10:40:00 [INFO] : 🧾 工单 1949324994257354753 首响开关: work_type=AFTER_SALE, work_table_name=t_work_2025, is_after_sale=True, raw_comments=4, valid_comments=3
2025-12-12 10:40:00 [INFO] : ✅ 工单 1949324994257354753 有 3 条有效评论，构建完成对话数据
2025-12-12 10:40:00 [INFO] : 工单 1949324994257354753 AI状态更新为: PENDING
2025-12-12 10:40:00 [INFO] : 📋 处理工单 1949324962758131712 (29/50) - 评论表: t_work_comment_2025
2025-12-12 10:40:00 [INFO] : 从表 t_work_comment_2025 获取工单 1949324962758131712 的 6 条完整对话记录（包含客户和客服）
2025-12-12 10:40:00 [INFO] : 💭 工单 1949324962758131712 获取到 6 条原始评论
2025-12-12 10:40:00 [INFO] : 🔍 工单 1949324962758131712 开始去噪处理 6 条有效评论...
2025-12-12 10:40:00 [INFO] : 🔍 开始过滤评论，原始数量: 6
2025-12-12 10:40:00 [INFO] : ✅ 评论过滤完成:
2025-12-12 10:40:00 [INFO] :   📥 原始数量: 6
2025-12-12 10:40:00 [INFO] :   📤 过滤后数量: 6
2025-12-12 10:40:00 [INFO] :   🗑️ 移除数量: 0
2025-12-12 10:40:00 [INFO] :   📊 过滤率: 0.0%
2025-12-12 10:40:00 [INFO] : ✅ 创建批次记录: batch_20251212_104000_6310dee3, 工单数: 1
2025-12-12 10:40:00 [INFO] : ✅ 更新批次统计: batch_20251212_104000_6310dee3, 状态: COMPLETED
2025-12-12 10:40:00 [INFO] : ✅ 保存工单 1949324962758131712 去噪记录成功，批次: batch_20251212_104000_6310dee3
2025-12-12 10:40:00 [INFO] : ✅ 工单 1949324962758131712 去噪完成: 6 -> 6 条评论
2025-12-12 10:40:00 [INFO] : 🧾 工单 1949324962758131712 首响开关: work_type=URGE_INSTALL, work_table_name=t_work_2025, is_after_sale=False, raw_comments=6, valid_comments=6
2025-12-12 10:40:00 [INFO] : ✅ 工单 1949324962758131712 有 6 条有效评论，构建完成对话数据
2025-12-12 10:40:00 [INFO] : 工单 1949324962758131712 AI状态更新为: PENDING
2025-12-12 10:40:00 [INFO] : 📋 处理工单 1949324930860449793 (30/50) - 评论表: t_work_comment_2025
2025-12-12 10:40:00 [INFO] : 从表 t_work_comment_2025 获取工单 1949324930860449793 的 9 条完整对话记录（包含客户和客服）
2025-12-12 10:40:00 [INFO] : 💭 工单 1949324930860449793 获取到 9 条原始评论
2025-12-12 10:40:00 [INFO] : 🔍 工单 1949324930860449793 开始去噪处理 9 条有效评论...
2025-12-12 10:40:00 [INFO] : 🔍 开始过滤评论，原始数量: 9
2025-12-12 10:40:00 [INFO] : ✅ 评论过滤完成:
2025-12-12 10:40:00 [INFO] :   📥 原始数量: 9
2025-12-12 10:40:00 [INFO] :   📤 过滤后数量: 9
2025-12-12 10:40:00 [INFO] :   🗑️ 移除数量: 0
2025-12-12 10:40:00 [INFO] :   📊 过滤率: 0.0%
2025-12-12 10:40:00 [INFO] : ✅ 创建批次记录: batch_20251212_104000_1f081ae1, 工单数: 1
2025-12-12 10:40:00 [INFO] : ✅ 更新批次统计: batch_20251212_104000_1f081ae1, 状态: COMPLETED
2025-12-12 10:40:00 [INFO] : ✅ 保存工单 1949324930860449793 去噪记录成功，批次: batch_20251212_104000_1f081ae1
2025-12-12 10:40:00 [INFO] : ✅ 工单 1949324930860449793 去噪完成: 9 -> 9 条评论
2025-12-12 10:40:00 [INFO] : ⏳ 工单 1949324930860449793 首响计算开始，评论总数=9
2025-12-12 10:40:00 [INFO] : 👀 工单 1949324930860449793 评论巡检: id=1949324931086942208, user_type=EMPLOYEE, oper_raw=True, is_service=True, is_customer=False, create_time=2025-07-27 12:24:14
2025-12-12 10:40:00 [INFO] : 👀 工单 1949324930860449793 评论巡检: id=1949324943535636480, user_type=EMPLOYEE, oper_raw=True, is_service=True, is_customer=False, create_time=2025-07-27 12:24:17
2025-12-12 10:40:00 [INFO] : 👀 工单 1949324930860449793 评论巡检: id=1949326152472461312, user_type=EMPLOYEE, oper_raw=True, is_service=True, is_customer=False, create_time=2025-07-27 12:29:06
2025-12-12 10:40:00 [INFO] : 👀 工单 1949324930860449793 评论巡检: id=1949330242938077184, user_type=SELLER, oper_raw=True, is_service=False, is_customer=True, create_time=2025-07-27 12:45:21
2025-12-12 10:40:00 [INFO] : 🎯 工单 1949324930860449793 首条客户消息锁定: 2025-07-27 12:45:21
2025-12-12 10:40:00 [INFO] : 👀 工单 1949324930860449793 评论巡检: id=1949330438933708800, user_type=EMPLOYEE, oper_raw=True, is_service=True, is_customer=False, create_time=2025-07-27 12:46:08
2025-12-12 10:40:00 [INFO] : 🎯 工单 1949324930860449793 首条客服回复锁定: 2025-07-27 12:46:08
2025-12-12 10:40:00 [INFO] : ⏱️ 工单 1949324930860449793 首响计算: first_customer_message_time=2025-07-27 12:45:21, first_service_reply_time=2025-07-27 12:46:08, response_seconds=47, threshold_seconds=120, is_timeout=False
2025-12-12 10:40:00 [INFO] : 🧾 工单 1949324930860449793 首响开关: work_type=AFTER_SALE, work_table_name=t_work_2025, is_after_sale=True, raw_comments=9, valid_comments=9
2025-12-12 10:40:00 [INFO] : ✅ 工单 1949324930860449793 有 9 条有效评论，构建完成对话数据
2025-12-12 10:40:00 [INFO] : 工单 1949324930860449793 AI状态更新为: PENDING
2025-12-12 10:40:00 [INFO] : 📋 处理工单 1949324843405017088 (31/50) - 评论表: t_work_comment_2025
2025-12-12 10:40:00 [INFO] : 从表 t_work_comment_2025 获取工单 1949324843405017088 的 4 条完整对话记录（包含客户和客服）
2025-12-12 10:40:00 [INFO] : 💭 工单 1949324843405017088 获取到 4 条原始评论
2025-12-12 10:40:00 [INFO] : 🔍 工单 1949324843405017088 开始去噪处理 4 条有效评论...
2025-12-12 10:40:00 [INFO] : 🔍 开始过滤评论，原始数量: 4
2025-12-12 10:40:00 [INFO] : ✅ 评论过滤完成:
2025-12-12 10:40:00 [INFO] :   📥 原始数量: 4
2025-12-12 10:40:00 [INFO] :   📤 过滤后数量: 4
2025-12-12 10:40:00 [INFO] :   🗑️ 移除数量: 0
2025-12-12 10:40:00 [INFO] :   📊 过滤率: 0.0%
2025-12-12 10:40:00 [INFO] : ✅ 创建批次记录: batch_20251212_104000_f3599658, 工单数: 1
2025-12-12 10:40:00 [INFO] : ✅ 更新批次统计: batch_20251212_104000_f3599658, 状态: COMPLETED
2025-12-12 10:40:00 [INFO] : ✅ 保存工单 1949324843405017088 去噪记录成功，批次: batch_20251212_104000_f3599658
2025-12-12 10:40:00 [INFO] : ✅ 工单 1949324843405017088 去噪完成: 4 -> 4 条评论
2025-12-12 10:40:00 [INFO] : 🧾 工单 1949324843405017088 首响开关: work_type=URGE_INSTALL, work_table_name=t_work_2025, is_after_sale=False, raw_comments=4, valid_comments=4
2025-12-12 10:40:00 [INFO] : ✅ 工单 1949324843405017088 有 4 条有效评论，构建完成对话数据
2025-12-12 10:40:00 [INFO] : 工单 1949324843405017088 AI状态更新为: PENDING
2025-12-12 10:40:00 [INFO] : 📋 处理工单 1949324818914476033 (32/50) - 评论表: t_work_comment_2025
2025-12-12 10:40:00 [INFO] : 从表 t_work_comment_2025 获取工单 1949324818914476033 的 8 条完整对话记录（包含客户和客服）
2025-12-12 10:40:00 [INFO] : 💭 工单 1949324818914476033 获取到 8 条原始评论
2025-12-12 10:40:00 [INFO] : 🔍 工单 1949324818914476033 开始去噪处理 8 条有效评论...
2025-12-12 10:40:00 [INFO] : 🔍 开始过滤评论，原始数量: 8
2025-12-12 10:40:00 [INFO] : ✅ 评论过滤完成:
2025-12-12 10:40:00 [INFO] :   📥 原始数量: 8
2025-12-12 10:40:00 [INFO] :   📤 过滤后数量: 8
2025-12-12 10:40:00 [INFO] :   🗑️ 移除数量: 0
2025-12-12 10:40:00 [INFO] :   📊 过滤率: 0.0%
2025-12-12 10:40:00 [INFO] : ✅ 创建批次记录: batch_20251212_104000_38e4f5f6, 工单数: 1
2025-12-12 10:40:00 [INFO] : ✅ 更新批次统计: batch_20251212_104000_38e4f5f6, 状态: COMPLETED
2025-12-12 10:40:00 [INFO] : ✅ 保存工单 1949324818914476033 去噪记录成功，批次: batch_20251212_104000_38e4f5f6
2025-12-12 10:40:00 [INFO] : ✅ 工单 1949324818914476033 去噪完成: 8 -> 8 条评论
2025-12-12 10:40:00 [INFO] : ⏳ 工单 1949324818914476033 首响计算开始，评论总数=8
2025-12-12 10:40:00 [INFO] : 👀 工单 1949324818914476033 评论巡检: id=1949324819140968448, user_type=EMPLOYEE, oper_raw=True, is_service=True, is_customer=False, create_time=2025-07-27 12:23:48
2025-12-12 10:40:00 [INFO] : 👀 工单 1949324818914476033 评论巡检: id=1949324868965105664, user_type=EMPLOYEE, oper_raw=True, is_service=True, is_customer=False, create_time=2025-07-27 12:24:00
2025-12-12 10:40:00 [INFO] : 👀 工单 1949324818914476033 评论巡检: id=1949327619082158080, user_type=EMPLOYEE, oper_raw=True, is_service=True, is_customer=False, create_time=2025-07-27 12:34:55
2025-12-12 10:40:00 [INFO] : 👀 工单 1949324818914476033 评论巡检: id=1949371617456947200, user_type=EMPLOYEE, oper_raw=True, is_service=True, is_customer=False, create_time=2025-07-27 15:29:45
2025-12-12 10:40:00 [INFO] : 👀 工单 1949324818914476033 评论巡检: id=1949371674348486656, user_type=EMPLOYEE, oper_raw=True, is_service=True, is_customer=False, create_time=2025-07-27 15:29:59
2025-12-12 10:40:00 [INFO] : 👀 工单 1949324818914476033 评论巡检: id=1949371864987992064, user_type=EMPLOYEE, oper_raw=True, is_service=True, is_customer=False, create_time=2025-07-27 15:30:44
2025-12-12 10:40:00 [INFO] : 👀 工单 1949324818914476033 评论巡检: id=1949371889247846400, user_type=EMPLOYEE, oper_raw=True, is_service=True, is_customer=False, create_time=2025-07-27 15:30:50
2025-12-12 10:40:00 [INFO] : 👀 工单 1949324818914476033 评论巡检: id=1950422676409417728, user_type=EMPLOYEE, oper_raw=True, is_service=True, is_customer=False, create_time=2025-07-30 13:06:17
2025-12-12 10:40:00 [INFO] : ⏱️ 工单 1949324818914476033 首响计算: first_customer_message_time=None, first_service_reply_time=None, response_seconds=None, threshold_seconds=120, is_timeout=False
2025-12-12 10:40:00 [INFO] : 🧾 工单 1949324818914476033 首响开关: work_type=AFTER_SALE, work_table_name=t_work_2025, is_after_sale=True, raw_comments=8, valid_comments=8
2025-12-12 10:40:00 [INFO] : ✅ 工单 1949324818914476033 有 8 条有效评论，构建完成对话数据
2025-12-12 10:40:00 [INFO] : 工单 1949324818914476033 AI状态更新为: PENDING
2025-12-12 10:40:00 [INFO] : 📋 处理工单 1949324690187091969 (33/50) - 评论表: t_work_comment_2025
2025-12-12 10:40:00 [INFO] : 从表 t_work_comment_2025 获取工单 1949324690187091969 的 3 条完整对话记录（包含客户和客服）
2025-12-12 10:40:00 [INFO] : 💭 工单 1949324690187091969 获取到 3 条原始评论
2025-12-12 10:40:00 [INFO] : 🔍 工单 1949324690187091969 开始去噪处理 3 条有效评论...
2025-12-12 10:40:00 [INFO] : 🔍 开始过滤评论，原始数量: 3
2025-12-12 10:40:00 [INFO] : ✅ 评论过滤完成:
2025-12-12 10:40:00 [INFO] :   📥 原始数量: 3
2025-12-12 10:40:00 [INFO] :   📤 过滤后数量: 3
2025-12-12 10:40:00 [INFO] :   🗑️ 移除数量: 0
2025-12-12 10:40:00 [INFO] :   📊 过滤率: 0.0%
2025-12-12 10:40:00 [INFO] : ✅ 创建批次记录: batch_20251212_104000_ac40db10, 工单数: 1
2025-12-12 10:40:00 [INFO] : ✅ 更新批次统计: batch_20251212_104000_ac40db10, 状态: COMPLETED
2025-12-12 10:40:00 [INFO] : ✅ 保存工单 1949324690187091969 去噪记录成功，批次: batch_20251212_104000_ac40db10
2025-12-12 10:40:00 [INFO] : ✅ 工单 1949324690187091969 去噪完成: 3 -> 3 条评论
2025-12-12 10:40:00 [INFO] : 🧾 工单 1949324690187091969 首响开关: work_type=CHECK_PRICE, work_table_name=t_work_2025, is_after_sale=False, raw_comments=3, valid_comments=3
2025-12-12 10:40:00 [INFO] : ✅ 工单 1949324690187091969 有 3 条有效评论，构建完成对话数据
2025-12-12 10:40:00 [INFO] : 工单 1949324690187091969 AI状态更新为: PENDING
2025-12-12 10:40:00 [INFO] : 📋 处理工单 1949324631559110657 (34/50) - 评论表: t_work_comment_2025
2025-12-12 10:40:00 [INFO] : 从表 t_work_comment_2025 获取工单 1949324631559110657 的 3 条完整对话记录（包含客户和客服）
2025-12-12 10:40:00 [INFO] : 💭 工单 1949324631559110657 获取到 3 条原始评论
2025-12-12 10:40:00 [INFO] : 🔍 工单 1949324631559110657 开始去噪处理 3 条有效评论...
2025-12-12 10:40:00 [INFO] : 🔍 开始过滤评论，原始数量: 3
2025-12-12 10:40:00 [INFO] : ✅ 评论过滤完成:
2025-12-12 10:40:00 [INFO] :   📥 原始数量: 3
2025-12-12 10:40:00 [INFO] :   📤 过滤后数量: 3
2025-12-12 10:40:00 [INFO] :   🗑️ 移除数量: 0
2025-12-12 10:40:00 [INFO] :   📊 过滤率: 0.0%
2025-12-12 10:40:00 [INFO] : ✅ 创建批次记录: batch_20251212_104000_09de0134, 工单数: 1
2025-12-12 10:40:00 [INFO] : ✅ 更新批次统计: batch_20251212_104000_09de0134, 状态: COMPLETED
2025-12-12 10:40:00 [INFO] : ✅ 保存工单 1949324631559110657 去噪记录成功，批次: batch_20251212_104000_09de0134
2025-12-12 10:40:00 [INFO] : ✅ 工单 1949324631559110657 去噪完成: 3 -> 3 条评论
2025-12-12 10:40:00 [INFO] : 🧾 工单 1949324631559110657 首响开关: work_type=URGE_PAYMENT, work_table_name=t_work_2025, is_after_sale=False, raw_comments=3, valid_comments=3
2025-12-12 10:40:00 [INFO] : ✅ 工单 1949324631559110657 有 3 条有效评论，构建完成对话数据
2025-12-12 10:40:00 [INFO] : 工单 1949324631559110657 AI状态更新为: PENDING
2025-12-12 10:40:00 [INFO] : 📋 处理工单 1949324622444888065 (35/50) - 评论表: t_work_comment_2025
2025-12-12 10:40:00 [INFO] : 从表 t_work_comment_2025 获取工单 1949324622444888065 的 4 条完整对话记录（包含客户和客服）
2025-12-12 10:40:00 [INFO] : 💭 工单 1949324622444888065 获取到 4 条原始评论
2025-12-12 10:40:00 [INFO] : 🔍 工单 1949324622444888065 开始去噪处理 3 条有效评论...
2025-12-12 10:40:00 [INFO] : 🔍 开始过滤评论，原始数量: 3
2025-12-12 10:40:00 [INFO] : ✅ 评论过滤完成:
2025-12-12 10:40:00 [INFO] :   📥 原始数量: 3
2025-12-12 10:40:00 [INFO] :   📤 过滤后数量: 3
2025-12-12 10:40:00 [INFO] :   🗑️ 移除数量: 0
2025-12-12 10:40:00 [INFO] :   📊 过滤率: 0.0%
2025-12-12 10:40:00 [INFO] : ✅ 创建批次记录: batch_20251212_104000_fa8f676f, 工单数: 1
2025-12-12 10:40:00 [INFO] : ✅ 更新批次统计: batch_20251212_104000_fa8f676f, 状态: COMPLETED
2025-12-12 10:40:00 [INFO] : ✅ 保存工单 1949324622444888065 去噪记录成功，批次: batch_20251212_104000_fa8f676f
2025-12-12 10:40:00 [INFO] : ✅ 工单 1949324622444888065 去噪完成: 3 -> 3 条评论
2025-12-12 10:40:00 [INFO] : 🧾 工单 1949324622444888065 首响开关: work_type=CHECK_PRICE, work_table_name=t_work_2025, is_after_sale=False, raw_comments=4, valid_comments=3
2025-12-12 10:40:00 [INFO] : ✅ 工单 1949324622444888065 有 3 条有效评论，构建完成对话数据
2025-12-12 10:40:00 [INFO] : 工单 1949324622444888065 AI状态更新为: PENDING
2025-12-12 10:40:00 [INFO] : 📋 处理工单 1949324595001556993 (36/50) - 评论表: t_work_comment_2025
2025-12-12 10:40:00 [INFO] : 从表 t_work_comment_2025 获取工单 1949324595001556993 的 4 条完整对话记录（包含客户和客服）
2025-12-12 10:40:00 [INFO] : 💭 工单 1949324595001556993 获取到 4 条原始评论
2025-12-12 10:40:00 [INFO] : 🔍 工单 1949324595001556993 开始去噪处理 4 条有效评论...
2025-12-12 10:40:00 [INFO] : 🔍 开始过滤评论，原始数量: 4
2025-12-12 10:40:00 [INFO] : ✅ 评论过滤完成:
2025-12-12 10:40:00 [INFO] :   📥 原始数量: 4
2025-12-12 10:40:00 [INFO] :   📤 过滤后数量: 4
2025-12-12 10:40:00 [INFO] :   🗑️ 移除数量: 0
2025-12-12 10:40:00 [INFO] :   📊 过滤率: 0.0%
2025-12-12 10:40:00 [INFO] : ✅ 创建批次记录: batch_20251212_104000_fe1554e7, 工单数: 1
2025-12-12 10:40:00 [INFO] : ✅ 更新批次统计: batch_20251212_104000_fe1554e7, 状态: COMPLETED
2025-12-12 10:40:00 [INFO] : ✅ 保存工单 1949324595001556993 去噪记录成功，批次: batch_20251212_104000_fe1554e7
2025-12-12 10:40:00 [INFO] : ✅ 工单 1949324595001556993 去噪完成: 4 -> 4 条评论
2025-12-12 10:40:00 [INFO] : 🧾 工单 1949324595001556993 首响开关: work_type=EXCHANGE, work_table_name=t_work_2025, is_after_sale=False, raw_comments=4, valid_comments=4
2025-12-12 10:40:00 [INFO] : ✅ 工单 1949324595001556993 有 4 条有效评论，构建完成对话数据
2025-12-12 10:40:00 [INFO] : 工单 1949324595001556993 AI状态更新为: PENDING
2025-12-12 10:40:00 [INFO] : 📋 处理工单 1949324585375629313 (37/50) - 评论表: t_work_comment_2025
2025-12-12 10:40:00 [INFO] : 从表 t_work_comment_2025 获取工单 1949324585375629313 的 5 条完整对话记录（包含客户和客服）
2025-12-12 10:40:00 [INFO] : 💭 工单 1949324585375629313 获取到 5 条原始评论
2025-12-12 10:40:00 [INFO] : 🔍 工单 1949324585375629313 开始去噪处理 5 条有效评论...
2025-12-12 10:40:00 [INFO] : 🔍 开始过滤评论，原始数量: 5
2025-12-12 10:40:00 [INFO] : ✅ 评论过滤完成:
2025-12-12 10:40:00 [INFO] :   📥 原始数量: 5
2025-12-12 10:40:00 [INFO] :   📤 过滤后数量: 5
2025-12-12 10:40:00 [INFO] :   🗑️ 移除数量: 0
2025-12-12 10:40:00 [INFO] :   📊 过滤率: 0.0%
2025-12-12 10:40:00 [INFO] : ✅ 创建批次记录: batch_20251212_104000_006cc787, 工单数: 1
2025-12-12 10:40:00 [INFO] : ✅ 更新批次统计: batch_20251212_104000_006cc787, 状态: COMPLETED
2025-12-12 10:40:00 [INFO] : ✅ 保存工单 1949324585375629313 去噪记录成功，批次: batch_20251212_104000_006cc787
2025-12-12 10:40:00 [INFO] : ✅ 工单 1949324585375629313 去噪完成: 5 -> 5 条评论
2025-12-12 10:40:00 [INFO] : ⏳ 工单 1949324585375629313 首响计算开始，评论总数=5
2025-12-12 10:40:00 [INFO] : 👀 工单 1949324585375629313 评论巡检: id=1949324585589538816, user_type=EMPLOYEE, oper_raw=True, is_service=True, is_customer=False, create_time=2025-07-27 12:22:52
2025-12-12 10:40:00 [INFO] : 👀 工单 1949324585375629313 评论巡检: id=1949324600072470528, user_type=EMPLOYEE, oper_raw=True, is_service=True, is_customer=False, create_time=2025-07-27 12:22:56
2025-12-12 10:40:00 [INFO] : 👀 工单 1949324585375629313 评论巡检: id=1949327758756675584, user_type=EMPLOYEE, oper_raw=True, is_service=True, is_customer=False, create_time=2025-07-27 12:35:29
2025-12-12 10:40:00 [INFO] : 👀 工单 1949324585375629313 评论巡检: id=1949327846019170304, user_type=EMPLOYEE, oper_raw=True, is_service=True, is_customer=False, create_time=2025-07-27 12:35:49
2025-12-12 10:40:00 [INFO] : 👀 工单 1949324585375629313 评论巡检: id=1949329342408425472, user_type=EMPLOYEE, oper_raw=True, is_service=True, is_customer=False, create_time=2025-07-27 12:41:46
2025-12-12 10:40:00 [INFO] : ⏱️ 工单 1949324585375629313 首响计算: first_customer_message_time=None, first_service_reply_time=None, response_seconds=None, threshold_seconds=120, is_timeout=False
2025-12-12 10:40:00 [INFO] : 🧾 工单 1949324585375629313 首响开关: work_type=AFTER_SALE, work_table_name=t_work_2025, is_after_sale=True, raw_comments=5, valid_comments=5
2025-12-12 10:40:00 [INFO] : ✅ 工单 1949324585375629313 有 5 条有效评论，构建完成对话数据
2025-12-12 10:40:00 [INFO] : 工单 1949324585375629313 AI状态更新为: PENDING
2025-12-12 10:40:00 [INFO] : 📋 处理工单 1949324540483993601 (38/50) - 评论表: t_work_comment_2025
2025-12-12 10:40:00 [INFO] : 从表 t_work_comment_2025 获取工单 1949324540483993601 的 3 条完整对话记录（包含客户和客服）
2025-12-12 10:40:00 [INFO] : 💭 工单 1949324540483993601 获取到 3 条原始评论
2025-12-12 10:40:00 [INFO] : 🔍 工单 1949324540483993601 开始去噪处理 3 条有效评论...
2025-12-12 10:40:00 [INFO] : 🔍 开始过滤评论，原始数量: 3
2025-12-12 10:40:00 [INFO] : ✅ 评论过滤完成:
2025-12-12 10:40:00 [INFO] :   📥 原始数量: 3
2025-12-12 10:40:00 [INFO] :   📤 过滤后数量: 3
2025-12-12 10:40:00 [INFO] :   🗑️ 移除数量: 0
2025-12-12 10:40:00 [INFO] :   📊 过滤率: 0.0%
2025-12-12 10:40:00 [INFO] : ✅ 创建批次记录: batch_20251212_104000_a58430eb, 工单数: 1
2025-12-12 10:40:00 [INFO] : ✅ 更新批次统计: batch_20251212_104000_a58430eb, 状态: COMPLETED
2025-12-12 10:40:00 [INFO] : ✅ 保存工单 1949324540483993601 去噪记录成功，批次: batch_20251212_104000_a58430eb
2025-12-12 10:40:00 [INFO] : ✅ 工单 1949324540483993601 去噪完成: 3 -> 3 条评论
2025-12-12 10:40:00 [INFO] : 🧾 工单 1949324540483993601 首响开关: work_type=URGE_INSTALL, work_table_name=t_work_2025, is_after_sale=False, raw_comments=3, valid_comments=3
2025-12-12 10:40:00 [INFO] : ✅ 工单 1949324540483993601 有 3 条有效评论，构建完成对话数据
2025-12-12 10:40:00 [INFO] : 工单 1949324540483993601 AI状态更新为: PENDING
2025-12-12 10:40:00 [INFO] : 📋 处理工单 1949324521345384449 (39/50) - 评论表: t_work_comment_2025
2025-12-12 10:40:00 [INFO] : 从表 t_work_comment_2025 获取工单 1949324521345384449 的 3 条完整对话记录（包含客户和客服）
2025-12-12 10:40:00 [INFO] : 💭 工单 1949324521345384449 获取到 3 条原始评论
2025-12-12 10:40:00 [INFO] : 🔍 工单 1949324521345384449 开始去噪处理 3 条有效评论...
2025-12-12 10:40:00 [INFO] : 🔍 开始过滤评论，原始数量: 3
2025-12-12 10:40:00 [INFO] : ✅ 评论过滤完成:
2025-12-12 10:40:00 [INFO] :   📥 原始数量: 3
2025-12-12 10:40:00 [INFO] :   📤 过滤后数量: 3
2025-12-12 10:40:00 [INFO] :   🗑️ 移除数量: 0
2025-12-12 10:40:00 [INFO] :   📊 过滤率: 0.0%
2025-12-12 10:40:00 [INFO] : ✅ 创建批次记录: batch_20251212_104000_90e1d4a1, 工单数: 1
2025-12-12 10:40:00 [INFO] : ✅ 更新批次统计: batch_20251212_104000_90e1d4a1, 状态: COMPLETED
2025-12-12 10:40:00 [INFO] : ✅ 保存工单 1949324521345384449 去噪记录成功，批次: batch_20251212_104000_90e1d4a1
2025-12-12 10:40:00 [INFO] : ✅ 工单 1949324521345384449 去噪完成: 3 -> 3 条评论
2025-12-12 10:40:00 [INFO] : 🧾 工单 1949324521345384449 首响开关: work_type=URGE_INSTALL, work_table_name=t_work_2025, is_after_sale=False, raw_comments=3, valid_comments=3
2025-12-12 10:40:00 [INFO] : ✅ 工单 1949324521345384449 有 3 条有效评论，构建完成对话数据
2025-12-12 10:40:00 [INFO] : 工单 1949324521345384449 AI状态更新为: PENDING
2025-12-12 10:40:00 [INFO] : 📋 处理工单 1949324485605720065 (40/50) - 评论表: t_work_comment_2025
2025-12-12 10:40:00 [INFO] : 从表 t_work_comment_2025 获取工单 1949324485605720065 的 5 条完整对话记录（包含客户和客服）
2025-12-12 10:40:00 [INFO] : 💭 工单 1949324485605720065 获取到 5 条原始评论
2025-12-12 10:40:00 [INFO] : 🔍 工单 1949324485605720065 开始去噪处理 5 条有效评论...
2025-12-12 10:40:00 [INFO] : 🔍 开始过滤评论，原始数量: 5
2025-12-12 10:40:00 [INFO] : ✅ 评论过滤完成:
2025-12-12 10:40:00 [INFO] :   📥 原始数量: 5
2025-12-12 10:40:00 [INFO] :   📤 过滤后数量: 5
2025-12-12 10:40:00 [INFO] :   🗑️ 移除数量: 0
2025-12-12 10:40:00 [INFO] :   📊 过滤率: 0.0%
2025-12-12 10:40:00 [INFO] : ✅ 创建批次记录: batch_20251212_104000_5b4e16df, 工单数: 1
2025-12-12 10:40:00 [INFO] : ✅ 更新批次统计: batch_20251212_104000_5b4e16df, 状态: COMPLETED
2025-12-12 10:40:00 [INFO] : ✅ 保存工单 1949324485605720065 去噪记录成功，批次: batch_20251212_104000_5b4e16df
2025-12-12 10:40:00 [INFO] : ✅ 工单 1949324485605720065 去噪完成: 5 -> 5 条评论
2025-12-12 10:40:00 [INFO] : 🧾 工单 1949324485605720065 首响开关: work_type=EXCHANGE, work_table_name=t_work_2025, is_after_sale=False, raw_comments=5, valid_comments=5
2025-12-12 10:40:00 [INFO] : ✅ 工单 1949324485605720065 有 5 条有效评论，构建完成对话数据
2025-12-12 10:40:00 [INFO] : 工单 1949324485605720065 AI状态更新为: PENDING
2025-12-12 10:40:00 [INFO] : 📋 处理工单 1949324480882933761 (41/50) - 评论表: t_work_comment_2025
2025-12-12 10:40:00 [INFO] : 从表 t_work_comment_2025 获取工单 1949324480882933761 的 9 条完整对话记录（包含客户和客服）
2025-12-12 10:40:00 [INFO] : 💭 工单 1949324480882933761 获取到 9 条原始评论
2025-12-12 10:40:00 [INFO] : 🔍 工单 1949324480882933761 开始去噪处理 9 条有效评论...
2025-12-12 10:40:00 [INFO] : 🔍 开始过滤评论，原始数量: 9
2025-12-12 10:40:00 [INFO] : ✅ 评论过滤完成:
2025-12-12 10:40:00 [INFO] :   📥 原始数量: 9
2025-12-12 10:40:00 [INFO] :   📤 过滤后数量: 9
2025-12-12 10:40:00 [INFO] :   🗑️ 移除数量: 0
2025-12-12 10:40:00 [INFO] :   📊 过滤率: 0.0%
2025-12-12 10:40:00 [INFO] : ✅ 创建批次记录: batch_20251212_104000_4361c446, 工单数: 1
2025-12-12 10:40:00 [INFO] : ✅ 更新批次统计: batch_20251212_104000_4361c446, 状态: COMPLETED
2025-12-12 10:40:00 [INFO] : ✅ 保存工单 1949324480882933761 去噪记录成功，批次: batch_20251212_104000_4361c446
2025-12-12 10:40:00 [INFO] : ✅ 工单 1949324480882933761 去噪完成: 9 -> 9 条评论
2025-12-12 10:40:00 [INFO] : ⏳ 工单 1949324480882933761 首响计算开始，评论总数=9
2025-12-12 10:40:00 [INFO] : 👀 工单 1949324480882933761 评论巡检: id=1949324481134592000, user_type=EMPLOYEE, oper_raw=True, is_service=True, is_customer=False, create_time=2025-07-27 12:22:27
2025-12-12 10:40:00 [INFO] : 👀 工单 1949324480882933761 评论巡检: id=1949324525246087168, user_type=EMPLOYEE, oper_raw=True, is_service=True, is_customer=False, create_time=2025-07-27 12:22:38
2025-12-12 10:40:00 [INFO] : 👀 工单 1949324480882933761 评论巡检: id=1949325230170177536, user_type=EMPLOYEE, oper_raw=True, is_service=True, is_customer=False, create_time=2025-07-27 12:25:26
2025-12-12 10:40:00 [INFO] : 👀 工单 1949324480882933761 评论巡检: id=1950082710823239680, user_type=EMPLOYEE, oper_raw=True, is_service=True, is_customer=False, create_time=2025-07-29 14:35:23
2025-12-12 10:40:00 [INFO] : 👀 工单 1949324480882933761 评论巡检: id=1950085952126844928, user_type=EMPLOYEE, oper_raw=True, is_service=True, is_customer=False, create_time=2025-07-29 14:48:16
2025-12-12 10:40:00 [INFO] : 👀 工单 1949324480882933761 评论巡检: id=1951136488133492736, user_type=EMPLOYEE, oper_raw=True, is_service=True, is_customer=False, create_time=2025-08-01 12:22:43
2025-12-12 10:40:00 [INFO] : 👀 工单 1949324480882933761 评论巡检: id=1951136602088538112, user_type=EMPLOYEE, oper_raw=True, is_service=True, is_customer=False, create_time=2025-08-01 12:23:10
2025-12-12 10:40:00 [INFO] : 👀 工单 1949324480882933761 评论巡检: id=1953317593221693440, user_type=EMPLOYEE, oper_raw=True, is_service=True, is_customer=False, create_time=2025-08-07 12:49:39
2025-12-12 10:40:00 [INFO] : 👀 工单 1949324480882933761 评论巡检: id=1955130085912608768, user_type=EMPLOYEE, oper_raw=True, is_service=True, is_customer=False, create_time=2025-08-12 12:51:51
2025-12-12 10:40:00 [INFO] : ⏱️ 工单 1949324480882933761 首响计算: first_customer_message_time=None, first_service_reply_time=None, response_seconds=None, threshold_seconds=120, is_timeout=False
2025-12-12 10:40:00 [INFO] : 🧾 工单 1949324480882933761 首响开关: work_type=AFTER_SALE, work_table_name=t_work_2025, is_after_sale=True, raw_comments=9, valid_comments=9
2025-12-12 10:40:00 [INFO] : ✅ 工单 1949324480882933761 有 9 条有效评论，构建完成对话数据
2025-12-12 10:40:00 [INFO] : 工单 1949324480882933761 AI状态更新为: PENDING
2025-12-12 10:40:00 [INFO] : 📋 处理工单 1949324425341960193 (42/50) - 评论表: t_work_comment_2025
2025-12-12 10:40:00 [INFO] : 从表 t_work_comment_2025 获取工单 1949324425341960193 的 4 条完整对话记录（包含客户和客服）
2025-12-12 10:40:00 [INFO] : 💭 工单 1949324425341960193 获取到 4 条原始评论
2025-12-12 10:40:00 [INFO] : 🔍 工单 1949324425341960193 开始去噪处理 4 条有效评论...
2025-12-12 10:40:00 [INFO] : 🔍 开始过滤评论，原始数量: 4
2025-12-12 10:40:00 [INFO] : ✅ 评论过滤完成:
2025-12-12 10:40:00 [INFO] :   📥 原始数量: 4
2025-12-12 10:40:00 [INFO] :   📤 过滤后数量: 4
2025-12-12 10:40:00 [INFO] :   🗑️ 移除数量: 0
2025-12-12 10:40:00 [INFO] :   📊 过滤率: 0.0%
2025-12-12 10:40:00 [INFO] : ✅ 创建批次记录: batch_20251212_104000_7289afb6, 工单数: 1
2025-12-12 10:40:00 [INFO] : ✅ 更新批次统计: batch_20251212_104000_7289afb6, 状态: COMPLETED
2025-12-12 10:40:00 [INFO] : ✅ 保存工单 1949324425341960193 去噪记录成功，批次: batch_20251212_104000_7289afb6
2025-12-12 10:40:00 [INFO] : ✅ 工单 1949324425341960193 去噪完成: 4 -> 4 条评论
2025-12-12 10:40:00 [INFO] : ⏳ 工单 1949324425341960193 首响计算开始，评论总数=4
2025-12-12 10:40:00 [INFO] : 👀 工单 1949324425341960193 评论巡检: id=1949324425555869696, user_type=EMPLOYEE, oper_raw=True, is_service=True, is_customer=False, create_time=2025-07-27 12:22:14
2025-12-12 10:40:00 [INFO] : 👀 工单 1949324425341960193 评论巡检: id=1949324460884492288, user_type=EMPLOYEE, oper_raw=True, is_service=True, is_customer=False, create_time=2025-07-27 12:22:22
2025-12-12 10:40:00 [INFO] : 👀 工单 1949324425341960193 评论巡检: id=1949327173584158720, user_type=EMPLOYEE, oper_raw=True, is_service=True, is_customer=False, create_time=2025-07-27 12:33:09
2025-12-12 10:40:00 [INFO] : 👀 工单 1949324425341960193 评论巡检: id=1949327254345482240, user_type=EMPLOYEE, oper_raw=True, is_service=True, is_customer=False, create_time=2025-07-27 12:33:28
2025-12-12 10:40:00 [INFO] : ⏱️ 工单 1949324425341960193 首响计算: first_customer_message_time=None, first_service_reply_time=None, response_seconds=None, threshold_seconds=120, is_timeout=False
2025-12-12 10:40:00 [INFO] : 🧾 工单 1949324425341960193 首响开关: work_type=AFTER_SALE, work_table_name=t_work_2025, is_after_sale=True, raw_comments=4, valid_comments=4
2025-12-12 10:40:00 [INFO] : ✅ 工单 1949324425341960193 有 4 条有效评论，构建完成对话数据
2025-12-12 10:40:00 [INFO] : 工单 1949324425341960193 AI状态更新为: PENDING
2025-12-12 10:40:00 [INFO] : 📋 处理工单 1949324417326645249 (43/50) - 评论表: t_work_comment_2025
2025-12-12 10:40:00 [INFO] : 从表 t_work_comment_2025 获取工单 1949324417326645249 的 3 条完整对话记录（包含客户和客服）
2025-12-12 10:40:00 [INFO] : 💭 工单 1949324417326645249 获取到 3 条原始评论
2025-12-12 10:40:00 [INFO] : 🔍 工单 1949324417326645249 开始去噪处理 3 条有效评论...
2025-12-12 10:40:00 [INFO] : 🔍 开始过滤评论，原始数量: 3
2025-12-12 10:40:00 [INFO] : ✅ 评论过滤完成:
2025-12-12 10:40:00 [INFO] :   📥 原始数量: 3
2025-12-12 10:40:00 [INFO] :   📤 过滤后数量: 3
2025-12-12 10:40:00 [INFO] :   🗑️ 移除数量: 0
2025-12-12 10:40:00 [INFO] :   📊 过滤率: 0.0%
2025-12-12 10:40:00 [INFO] : ✅ 创建批次记录: batch_20251212_104000_aecb20a9, 工单数: 1
2025-12-12 10:40:00 [INFO] : ✅ 更新批次统计: batch_20251212_104000_aecb20a9, 状态: COMPLETED
2025-12-12 10:40:00 [INFO] : ✅ 保存工单 1949324417326645249 去噪记录成功，批次: batch_20251212_104000_aecb20a9
2025-12-12 10:40:00 [INFO] : ✅ 工单 1949324417326645249 去噪完成: 3 -> 3 条评论
2025-12-12 10:40:00 [INFO] : 🧾 工单 1949324417326645249 首响开关: work_type=URGE_INSTALL, work_table_name=t_work_2025, is_after_sale=False, raw_comments=3, valid_comments=3
2025-12-12 10:40:00 [INFO] : ✅ 工单 1949324417326645249 有 3 条有效评论，构建完成对话数据
2025-12-12 10:40:00 [INFO] : 工单 1949324417326645249 AI状态更新为: PENDING
2025-12-12 10:40:00 [INFO] : 📋 处理工单 1949324394018897921 (44/50) - 评论表: t_work_comment_2025
2025-12-12 10:40:00 [INFO] : 从表 t_work_comment_2025 获取工单 1949324394018897921 的 5 条完整对话记录（包含客户和客服）
2025-12-12 10:40:00 [INFO] : 💭 工单 1949324394018897921 获取到 5 条原始评论
2025-12-12 10:40:00 [INFO] : 🔍 工单 1949324394018897921 开始去噪处理 5 条有效评论...
2025-12-12 10:40:00 [INFO] : 🔍 开始过滤评论，原始数量: 5
2025-12-12 10:40:00 [INFO] : ✅ 评论过滤完成:
2025-12-12 10:40:00 [INFO] :   📥 原始数量: 5
2025-12-12 10:40:00 [INFO] :   📤 过滤后数量: 5
2025-12-12 10:40:00 [INFO] :   🗑️ 移除数量: 0
2025-12-12 10:40:00 [INFO] :   📊 过滤率: 0.0%
2025-12-12 10:40:00 [INFO] : ✅ 创建批次记录: batch_20251212_104000_9660a5e8, 工单数: 1
2025-12-12 10:40:00 [INFO] : ✅ 更新批次统计: batch_20251212_104000_9660a5e8, 状态: COMPLETED
2025-12-12 10:40:00 [INFO] : ✅ 保存工单 1949324394018897921 去噪记录成功，批次: batch_20251212_104000_9660a5e8
2025-12-12 10:40:00 [INFO] : ✅ 工单 1949324394018897921 去噪完成: 5 -> 5 条评论
2025-12-12 10:40:00 [INFO] : 🧾 工单 1949324394018897921 首响开关: work_type=URGE_INSTALL, work_table_name=t_work_2025, is_after_sale=False, raw_comments=5, valid_comments=5
2025-12-12 10:40:00 [INFO] : ✅ 工单 1949324394018897921 有 5 条有效评论，构建完成对话数据
2025-12-12 10:40:00 [INFO] : 工单 1949324394018897921 AI状态更新为: PENDING
2025-12-12 10:40:00 [INFO] : 📋 处理工单 1949324359466221569 (45/50) - 评论表: t_work_comment_2025
2025-12-12 10:40:00 [INFO] : 从表 t_work_comment_2025 获取工单 1949324359466221569 的 5 条完整对话记录（包含客户和客服）
2025-12-12 10:40:00 [INFO] : 💭 工单 1949324359466221569 获取到 5 条原始评论
2025-12-12 10:40:00 [INFO] : 🔍 工单 1949324359466221569 开始去噪处理 5 条有效评论...
2025-12-12 10:40:00 [INFO] : 🔍 开始过滤评论，原始数量: 5
2025-12-12 10:40:00 [INFO] : ✅ 评论过滤完成:
2025-12-12 10:40:00 [INFO] :   📥 原始数量: 5
2025-12-12 10:40:00 [INFO] :   📤 过滤后数量: 5
2025-12-12 10:40:00 [INFO] :   🗑️ 移除数量: 0
2025-12-12 10:40:00 [INFO] :   📊 过滤率: 0.0%
2025-12-12 10:40:00 [INFO] : ✅ 创建批次记录: batch_20251212_104000_4f0a989b, 工单数: 1
2025-12-12 10:40:00 [INFO] : ✅ 更新批次统计: batch_20251212_104000_4f0a989b, 状态: COMPLETED
2025-12-12 10:40:00 [INFO] : ✅ 保存工单 1949324359466221569 去噪记录成功，批次: batch_20251212_104000_4f0a989b
2025-12-12 10:40:00 [INFO] : ✅ 工单 1949324359466221569 去噪完成: 5 -> 5 条评论
2025-12-12 10:40:00 [INFO] : 🧾 工单 1949324359466221569 首响开关: work_type=CHECK_PRICE, work_table_name=t_work_2025, is_after_sale=False, raw_comments=5, valid_comments=5
2025-12-12 10:40:00 [INFO] : ✅ 工单 1949324359466221569 有 5 条有效评论，构建完成对话数据
2025-12-12 10:40:00 [INFO] : 工单 1949324359466221569 AI状态更新为: PENDING
2025-12-12 10:40:00 [INFO] : 📋 处理工单 1949324332970803201 (46/50) - 评论表: t_work_comment_2025
2025-12-12 10:40:00 [INFO] : 从表 t_work_comment_2025 获取工单 1949324332970803201 的 4 条完整对话记录（包含客户和客服）
2025-12-12 10:40:00 [INFO] : 💭 工单 1949324332970803201 获取到 4 条原始评论
2025-12-12 10:40:00 [INFO] : 🔍 工单 1949324332970803201 开始去噪处理 3 条有效评论...
2025-12-12 10:40:00 [INFO] : 🔍 开始过滤评论，原始数量: 3
2025-12-12 10:40:00 [INFO] : ✅ 评论过滤完成:
2025-12-12 10:40:00 [INFO] :   📥 原始数量: 3
2025-12-12 10:40:00 [INFO] :   📤 过滤后数量: 3
2025-12-12 10:40:00 [INFO] :   🗑️ 移除数量: 0
2025-12-12 10:40:00 [INFO] :   📊 过滤率: 0.0%
2025-12-12 10:40:00 [INFO] : ✅ 创建批次记录: batch_20251212_104000_5cb3ca2a, 工单数: 1
2025-12-12 10:40:00 [INFO] : ✅ 更新批次统计: batch_20251212_104000_5cb3ca2a, 状态: COMPLETED
2025-12-12 10:40:00 [INFO] : ✅ 保存工单 1949324332970803201 去噪记录成功，批次: batch_20251212_104000_5cb3ca2a
2025-12-12 10:40:00 [INFO] : ✅ 工单 1949324332970803201 去噪完成: 3 -> 3 条评论
2025-12-12 10:40:00 [INFO] : 🧾 工单 1949324332970803201 首响开关: work_type=URGE_PAYMENT, work_table_name=t_work_2025, is_after_sale=False, raw_comments=4, valid_comments=3
2025-12-12 10:40:00 [INFO] : ✅ 工单 1949324332970803201 有 3 条有效评论，构建完成对话数据
2025-12-12 10:40:00 [INFO] : 工单 1949324332970803201 AI状态更新为: PENDING
2025-12-12 10:40:00 [INFO] : 📋 处理工单 1949324283666759681 (47/50) - 评论表: t_work_comment_2025
2025-12-12 10:40:00 [INFO] : 从表 t_work_comment_2025 获取工单 1949324283666759681 的 17 条完整对话记录（包含客户和客服）
2025-12-12 10:40:00 [INFO] : 💭 工单 1949324283666759681 获取到 17 条原始评论
2025-12-12 10:40:00 [INFO] : 🔍 工单 1949324283666759681 开始去噪处理 15 条有效评论...
2025-12-12 10:40:00 [INFO] : 🔍 开始过滤评论，原始数量: 15
2025-12-12 10:40:00 [INFO] : ✅ 评论过滤完成:
2025-12-12 10:40:00 [INFO] :   📥 原始数量: 15
2025-12-12 10:40:00 [INFO] :   📤 过滤后数量: 15
2025-12-12 10:40:00 [INFO] :   🗑️ 移除数量: 0
2025-12-12 10:40:00 [INFO] :   📊 过滤率: 0.0%
2025-12-12 10:40:00 [INFO] : ✅ 创建批次记录: batch_20251212_104000_7741b669, 工单数: 1
2025-12-12 10:40:00 [INFO] : ✅ 更新批次统计: batch_20251212_104000_7741b669, 状态: COMPLETED
2025-12-12 10:40:00 [INFO] : ✅ 保存工单 1949324283666759681 去噪记录成功，批次: batch_20251212_104000_7741b669
2025-12-12 10:40:00 [INFO] : ✅ 工单 1949324283666759681 去噪完成: 15 -> 15 条评论
2025-12-12 10:40:00 [INFO] : 🧾 工单 1949324283666759681 首响开关: work_type=URGE_INSTALL, work_table_name=t_work_2025, is_after_sale=False, raw_comments=17, valid_comments=15
2025-12-12 10:40:00 [INFO] : ✅ 工单 1949324283666759681 有 15 条有效评论，构建完成对话数据
2025-12-12 10:40:00 [INFO] : 工单 1949324283666759681 AI状态更新为: PENDING
2025-12-12 10:40:00 [INFO] : 📋 处理工单 1949324234333356033 (48/50) - 评论表: t_work_comment_2025
2025-12-12 10:40:00 [INFO] : 从表 t_work_comment_2025 获取工单 1949324234333356033 的 26 条完整对话记录（包含客户和客服）
2025-12-12 10:40:00 [INFO] : 💭 工单 1949324234333356033 获取到 26 条原始评论
2025-12-12 10:40:00 [INFO] : 🔍 工单 1949324234333356033 开始去噪处理 26 条有效评论...
2025-12-12 10:40:00 [INFO] : 🔍 开始过滤评论，原始数量: 26
2025-12-12 10:40:00 [INFO] : ✅ 评论过滤完成:
2025-12-12 10:40:00 [INFO] :   📥 原始数量: 26
2025-12-12 10:40:00 [INFO] :   📤 过滤后数量: 25
2025-12-12 10:40:00 [INFO] :   🗑️ 移除数量: 1
2025-12-12 10:40:00 [INFO] :   📊 过滤率: 3.8%
2025-12-12 10:40:00 [INFO] : 🔍 过滤原因统计:
2025-12-12 10:40:00 [INFO] :   - 无效数据: 内容过短且非中文: 1 条
2025-12-12 10:40:00 [INFO] : ✅ 创建批次记录: batch_20251212_104000_bea2ae48, 工单数: 1
2025-12-12 10:40:00 [INFO] : ✅ 更新批次统计: batch_20251212_104000_bea2ae48, 状态: COMPLETED
2025-12-12 10:40:00 [INFO] : ✅ 保存工单 1949324234333356033 去噪记录成功，批次: batch_20251212_104000_bea2ae48
2025-12-12 10:40:00 [INFO] : ✅ 工单 1949324234333356033 去噪完成: 26 -> 25 条评论
2025-12-12 10:40:00 [INFO] : 🗑️ 工单 1949324234333356033 去噪移除了 1 条评论
2025-12-12 10:40:00 [INFO] : ⏳ 工单 1949324234333356033 首响计算开始，评论总数=26
2025-12-12 10:40:00 [INFO] : 👀 工单 1949324234333356033 评论巡检: id=1949324235457429504, user_type=SELLER, oper_raw=True, is_service=False, is_customer=True, create_time=2025-07-27 12:21:29
2025-12-12 10:40:00 [INFO] : 🎯 工单 1949324234333356033 首条客户消息锁定: 2025-07-27 12:21:29
2025-12-12 10:40:00 [INFO] : 👀 工单 1949324234333356033 评论巡检: id=1949324276104429568, user_type=EMPLOYEE, oper_raw=True, is_service=True, is_customer=False, create_time=2025-07-27 12:21:38
2025-12-12 10:40:00 [INFO] : 🎯 工单 1949324234333356033 首条客服回复锁定: 2025-07-27 12:21:38
2025-12-12 10:40:00 [INFO] : ⏱️ 工单 1949324234333356033 首响计算: first_customer_message_time=2025-07-27 12:21:29, first_service_reply_time=2025-07-27 12:21:38, response_seconds=9, threshold_seconds=120, is_timeout=False
2025-12-12 10:40:00 [INFO] : 🧾 工单 1949324234333356033 首响开关: work_type=AFTER_SALE, work_table_name=t_work_2025, is_after_sale=True, raw_comments=26, valid_comments=25
2025-12-12 10:40:00 [INFO] : ✅ 工单 1949324234333356033 有 25 条有效评论，构建完成对话数据
2025-12-12 10:40:00 [INFO] : 工单 1949324234333356033 AI状态更新为: PENDING
2025-12-12 10:40:00 [INFO] : 📋 处理工单 1949324207363981313 (49/50) - 评论表: t_work_comment_2025
2025-12-12 10:40:00 [INFO] : 从表 t_work_comment_2025 获取工单 1949324207363981313 的 6 条完整对话记录（包含客户和客服）
2025-12-12 10:40:00 [INFO] : 💭 工单 1949324207363981313 获取到 6 条原始评论
2025-12-12 10:40:00 [INFO] : 🔍 工单 1949324207363981313 开始去噪处理 6 条有效评论...
2025-12-12 10:40:00 [INFO] : 🔍 开始过滤评论，原始数量: 6
2025-12-12 10:40:00 [INFO] : ✅ 评论过滤完成:
2025-12-12 10:40:00 [INFO] :   📥 原始数量: 6
2025-12-12 10:40:00 [INFO] :   📤 过滤后数量: 6
2025-12-12 10:40:00 [INFO] :   🗑️ 移除数量: 0
2025-12-12 10:40:00 [INFO] :   📊 过滤率: 0.0%
2025-12-12 10:40:00 [INFO] : ✅ 创建批次记录: batch_20251212_104000_1aad591a, 工单数: 1
2025-12-12 10:40:00 [INFO] : ✅ 更新批次统计: batch_20251212_104000_1aad591a, 状态: COMPLETED
2025-12-12 10:40:00 [INFO] : ✅ 保存工单 1949324207363981313 去噪记录成功，批次: batch_20251212_104000_1aad591a
2025-12-12 10:40:00 [INFO] : ✅ 工单 1949324207363981313 去噪完成: 6 -> 6 条评论
2025-12-12 10:40:00 [INFO] : 🧾 工单 1949324207363981313 首响开关: work_type=REVOKE, work_table_name=t_work_2025, is_after_sale=False, raw_comments=6, valid_comments=6
2025-12-12 10:40:00 [INFO] : ✅ 工单 1949324207363981313 有 6 条有效评论，构建完成对话数据
2025-12-12 10:40:00 [INFO] : 工单 1949324207363981313 AI状态更新为: PENDING
2025-12-12 10:40:00 [INFO] : 📋 处理工单 1949324078829535233 (50/50) - 评论表: t_work_comment_2025
2025-12-12 10:40:00 [INFO] : 从表 t_work_comment_2025 获取工单 1949324078829535233 的 5 条完整对话记录（包含客户和客服）
2025-12-12 10:40:00 [INFO] : 💭 工单 1949324078829535233 获取到 5 条原始评论
2025-12-12 10:40:00 [INFO] : 🔍 工单 1949324078829535233 开始去噪处理 4 条有效评论...
2025-12-12 10:40:00 [INFO] : 🔍 开始过滤评论，原始数量: 4
2025-12-12 10:40:00 [INFO] : ✅ 评论过滤完成:
2025-12-12 10:40:00 [INFO] :   📥 原始数量: 4
2025-12-12 10:40:00 [INFO] :   📤 过滤后数量: 4
2025-12-12 10:40:00 [INFO] :   🗑️ 移除数量: 0
2025-12-12 10:40:00 [INFO] :   📊 过滤率: 0.0%
2025-12-12 10:40:00 [INFO] : ✅ 创建批次记录: batch_20251212_104000_c1824d31, 工单数: 1
2025-12-12 10:40:00 [INFO] : ✅ 更新批次统计: batch_20251212_104000_c1824d31, 状态: COMPLETED
2025-12-12 10:40:00 [INFO] : ✅ 保存工单 1949324078829535233 去噪记录成功，批次: batch_20251212_104000_c1824d31
2025-12-12 10:40:00 [INFO] : ✅ 工单 1949324078829535233 去噪完成: 4 -> 4 条评论
2025-12-12 10:40:00 [INFO] : 🧾 工单 1949324078829535233 首响开关: work_type=EXCHANGE, work_table_name=t_work_2025, is_after_sale=False, raw_comments=5, valid_comments=4
2025-12-12 10:40:00 [INFO] : ✅ 工单 1949324078829535233 有 4 条有效评论，构建完成对话数据
2025-12-12 10:40:00 [INFO] : 工单 1949324078829535233 AI状态更新为: PENDING
2025-12-12 10:40:00 [INFO] : ============================================================
2025-12-12 10:40:00 [INFO] : 📋 pending工单数据拉取完成总结:
2025-12-12 10:40:00 [INFO] :   📥 查询到工单总数: 50
2025-12-12 10:40:00 [INFO] :   💬 有评论可分析: 50
2025-12-12 10:40:00 [INFO] :   💭 无评论已完成: 0
2025-12-12 10:40:00 [INFO] :   🔍 执行去噪处理: 2
2025-12-12 10:40:00 [INFO] : ============================================================
2025-12-12 10:40:00 [INFO] : 📊 步骤1: pending数据拉取结果 - success: True
2025-12-12 10:40:00 [INFO] : ✅ 步骤1完成: 拉取pending数据成功，获取到 50 个工单
2025-12-12 10:40:00 [INFO] : 📊 pending工单统计详情:
2025-12-12 10:40:00 [INFO] :   📥 拉取工单总数: 50
2025-12-12 10:40:00 [INFO] :   💬 有评论待分析: 50
2025-12-12 10:40:00 [INFO] :   💭 无评论已处理: 0
2025-12-12 10:40:00 [INFO] :   🔍 去噪处理数量: 2
2025-12-12 10:40:00 [INFO] : 🔄 步骤2: 开始批量AI分析处理...
2025-12-12 10:40:00 [INFO] : ================================================================================
2025-12-12 10:40:00 [INFO] : 🧠 开始批量分析处理 50 个工单
2025-12-12 10:40:00 [INFO] : 📊 批量分析前预处理统计:
2025-12-12 10:40:00 [INFO] :   📥 输入工单总数: 50
2025-12-12 10:40:00 [INFO] :   🔄 去重后工单数: 50
2025-12-12 10:40:00 [INFO] :   💬 有评论可分析: 50
2025-12-12 10:40:00 [INFO] :   💭 无评论跳过: 0
2025-12-12 10:40:00 [INFO] : 🔒 开始原子性标记 50 个工单为处理中状态...
2025-12-12 10:40:00 [INFO] : ✅ 工单 1949323198621286401 成功标记为处理中 (1/50)
2025-12-12 10:40:00 [INFO] : ✅ 工单 1949324070537396225 成功标记为处理中 (2/50)
2025-12-12 10:40:00 [INFO] : ✅ 工单 1949323992288460801 成功标记为处理中 (3/50)
2025-12-12 10:40:00 [INFO] : ✅ 工单 1949323984910680065 成功标记为处理中 (4/50)
2025-12-12 10:40:00 [INFO] : ✅ 工单 1949323874537570305 成功标记为处理中 (5/50)
2025-12-12 10:40:00 [INFO] : ✅ 工单 1949323853251477505 成功标记为处理中 (6/50)
2025-12-12 10:40:00 [INFO] : ✅ 工单 1949323823111208961 成功标记为处理中 (7/50)
2025-12-12 10:40:00 [INFO] : ✅ 工单 1949323724364709889 成功标记为处理中 (8/50)
2025-12-12 10:40:00 [INFO] : ✅ 工单 1949323574812606465 成功标记为处理中 (9/50)
2025-12-12 10:40:00 [INFO] : ✅ 工单 1949323536879321089 成功标记为处理中 (10/50)
2025-12-12 10:40:00 [INFO] : ✅ 工单 1949323428083269633 成功标记为处理中 (11/50)
2025-12-12 10:40:00 [INFO] : ✅ 工单 1949323373397934081 成功标记为处理中 (12/50)
2025-12-12 10:40:00 [INFO] : ✅ 工单 1949323220368752641 成功标记为处理中 (13/50)
2025-12-12 10:40:00 [INFO] : ✅ 工单 1949325129511075841 成功标记为处理中 (14/50)
2025-12-12 10:40:00 [INFO] : ✅ 工单 1949323130761641985 成功标记为处理中 (15/50)
2025-12-12 10:40:00 [INFO] : ✅ 工单 1949323040491831297 成功标记为处理中 (16/50)
2025-12-12 10:40:00 [INFO] : ✅ 工单 1949323020673744897 成功标记为处理中 (17/50)
2025-12-12 10:40:00 [INFO] : ✅ 工单 1949322967787765761 成功标记为处理中 (18/50)
2025-12-12 10:40:00 [INFO] : ✅ 工单 1949322745095389185 成功标记为处理中 (19/50)
2025-12-12 10:40:00 [INFO] : ✅ 工单 1949322732608946177 成功标记为处理中 (20/50)
2025-12-12 10:40:00 [INFO] : ✅ 工单 1949322718738382849 成功标记为处理中 (21/50)
2025-12-12 10:40:00 [INFO] : ✅ 工单 1949322700124061697 成功标记为处理中 (22/50)
2025-12-12 10:40:00 [INFO] : ✅ 工单 1949322644981547009 成功标记为处理中 (23/50)
2025-12-12 10:40:00 [INFO] : ✅ 工单 1949322592988954624 成功标记为处理中 (24/50)
2025-12-12 10:40:00 [INFO] : ✅ 工单 1949322457781370881 成功标记为处理中 (25/50)
2025-12-12 10:40:00 [INFO] : ✅ 工单 1949324187919187969 成功标记为处理中 (26/50)
2025-12-12 10:40:00 [INFO] : ✅ 工单 1949325215821463553 成功标记为处理中 (27/50)
2025-12-12 10:40:00 [INFO] : ✅ 工单 1949324994257354753 成功标记为处理中 (28/50)
2025-12-12 10:40:00 [INFO] : ✅ 工单 1949324962758131712 成功标记为处理中 (29/50)
2025-12-12 10:40:00 [INFO] : ✅ 工单 1949324930860449793 成功标记为处理中 (30/50)
2025-12-12 10:40:00 [INFO] : ✅ 工单 1949324843405017088 成功标记为处理中 (31/50)
2025-12-12 10:40:00 [INFO] : ✅ 工单 1949324818914476033 成功标记为处理中 (32/50)
2025-12-12 10:40:00 [INFO] : ✅ 工单 1949324690187091969 成功标记为处理中 (33/50)
2025-12-12 10:40:00 [INFO] : ✅ 工单 1949324631559110657 成功标记为处理中 (34/50)
2025-12-12 10:40:00 [INFO] : ✅ 工单 1949324622444888065 成功标记为处理中 (35/50)
2025-12-12 10:40:00 [INFO] : ✅ 工单 1949324595001556993 成功标记为处理中 (36/50)
2025-12-12 10:40:00 [INFO] : ✅ 工单 1949324585375629313 成功标记为处理中 (37/50)
2025-12-12 10:40:00 [INFO] : ✅ 工单 1949324540483993601 成功标记为处理中 (38/50)
2025-12-12 10:40:00 [INFO] : ✅ 工单 1949324521345384449 成功标记为处理中 (39/50)
2025-12-12 10:40:00 [INFO] : ✅ 工单 1949324485605720065 成功标记为处理中 (40/50)
2025-12-12 10:40:00 [INFO] : ✅ 工单 1949324480882933761 成功标记为处理中 (41/50)
2025-12-12 10:40:00 [INFO] : ✅ 工单 1949324425341960193 成功标记为处理中 (42/50)
2025-12-12 10:40:00 [INFO] : ✅ 工单 1949324417326645249 成功标记为处理中 (43/50)
2025-12-12 10:40:00 [INFO] : ✅ 工单 1949324394018897921 成功标记为处理中 (44/50)
2025-12-12 10:40:00 [INFO] : ✅ 工单 1949324359466221569 成功标记为处理中 (45/50)
2025-12-12 10:40:00 [INFO] : ✅ 工单 1949324332970803201 成功标记为处理中 (46/50)
2025-12-12 10:40:00 [INFO] : ✅ 工单 1949324283666759681 成功标记为处理中 (47/50)
2025-12-12 10:40:00 [INFO] : ✅ 工单 1949324234333356033 成功标记为处理中 (48/50)
2025-12-12 10:40:00 [INFO] : ✅ 工单 1949324207363981313 成功标记为处理中 (49/50)
2025-12-12 10:40:00 [INFO] : ✅ 工单 1949324078829535233 成功标记为处理中 (50/50)
2025-12-12 10:40:00 [INFO] : 🔒 批量状态标记完成: 50/50 个工单成功标记为处理中状态
2025-12-12 10:40:00 [INFO] : 📋 工单 #1: ID=1949323198621286401, 评论数=5
2025-12-12 10:40:00 [INFO] : 📋 工单 #2: ID=1949324070537396225, 评论数=6
2025-12-12 10:40:00 [INFO] : 📋 工单 #3: ID=1949323992288460801, 评论数=3
2025-12-12 10:40:00 [INFO] : 🔄 准备创建 50 个分析任务，并发数: 5
2025-12-12 10:40:00 [INFO] : ⚡ 开始执行批量分析任务 - 目标工单数: 50, 并发数: 5
2025-12-12 10:40:00 [INFO] : 🔍 开始分析工单 1949323198621286401 的对话
2025-12-12 10:40:00 [INFO] : 从数据库加载分析关键词配置
2025-12-12 10:40:00 [INFO] : 成功加载 1 个分析关键词配置分类
2025-12-12 10:40:00 [INFO] : 成功从数据库加载 1 个关键词配置分类
2025-12-12 10:40:00 [INFO] : 📊 工单 1949323198621286401 关键词筛选结果: 可疑=False, 置信度=0.000
2025-12-12 10:40:00 [INFO] : ⏭️ 工单 1949323198621286401 未命中关键词阈值（置信度: 0.000），判定为低风险，不保存
2025-12-12 10:40:00 [INFO] : 🔍 开始分析工单 1949324070537396225 的对话
2025-12-12 10:40:00 [INFO] : 成功从数据库加载 1 个关键词配置分类
2025-12-12 10:40:00 [INFO] : 📊 工单 1949324070537396225 关键词筛选结果: 可疑=False, 置信度=0.000
2025-12-12 10:40:00 [INFO] : ⏭️ 工单 1949324070537396225 未命中关键词阈值（置信度: 0.000），判定为低风险，不保存
2025-12-12 10:40:00 [INFO] : 🔍 开始分析工单 1949323992288460801 的对话
2025-12-12 10:40:00 [INFO] : 成功从数据库加载 1 个关键词配置分类
2025-12-12 10:40:00 [INFO] : 📊 工单 1949323992288460801 关键词筛选结果: 可疑=False, 置信度=0.000
2025-12-12 10:40:00 [INFO] : ⏭️ 工单 1949323992288460801 未命中关键词阈值（置信度: 0.000），判定为低风险，不保存
2025-12-12 10:40:00 [INFO] : 🔍 开始分析工单 1949323984910680065 的对话
2025-12-12 10:40:00 [INFO] : 成功从数据库加载 1 个关键词配置分类
2025-12-12 10:40:00 [INFO] : 📊 工单 1949323984910680065 关键词筛选结果: 可疑=False, 置信度=0.000
2025-12-12 10:40:00 [INFO] : ⏭️ 工单 1949323984910680065 未命中关键词阈值（置信度: 0.000），判定为低风险，不保存
2025-12-12 10:40:00 [INFO] : 🔍 开始分析工单 1949323874537570305 的对话
2025-12-12 10:40:00 [INFO] : 成功从数据库加载 1 个关键词配置分类
2025-12-12 10:40:00 [INFO] : 📊 工单 1949323874537570305 关键词筛选结果: 可疑=False, 置信度=0.000
2025-12-12 10:40:00 [INFO] : ⏭️ 工单 1949323874537570305 未命中关键词阈值（置信度: 0.000），判定为低风险，不保存
2025-12-12 10:40:00 [INFO] : 🔍 开始分析工单 1949323853251477505 的对话
2025-12-12 10:40:00 [INFO] : 成功从数据库加载 1 个关键词配置分类
2025-12-12 10:40:00 [INFO] : 📊 工单 1949323853251477505 关键词筛选结果: 可疑=False, 置信度=0.000
2025-12-12 10:40:00 [INFO] : ⏭️ 工单 1949323853251477505 未命中关键词阈值（置信度: 0.000），判定为低风险，不保存
2025-12-12 10:40:00 [INFO] : 🔍 开始分析工单 1949323823111208961 的对话
2025-12-12 10:40:00 [INFO] : 成功从数据库加载 1 个关键词配置分类
2025-12-12 10:40:00 [INFO] : 📊 工单 1949323823111208961 关键词筛选结果: 可疑=False, 置信度=0.000
2025-12-12 10:40:00 [INFO] : ⏭️ 工单 1949323823111208961 未命中关键词阈值（置信度: 0.000），判定为低风险，不保存
2025-12-12 10:40:00 [INFO] : 🔍 开始分析工单 1949323724364709889 的对话
2025-12-12 10:40:00 [INFO] : 成功从数据库加载 1 个关键词配置分类
2025-12-12 10:40:00 [INFO] : 📊 工单 1949323724364709889 关键词筛选结果: 可疑=False, 置信度=0.000
2025-12-12 10:40:00 [INFO] : ⏭️ 工单 1949323724364709889 未命中关键词阈值（置信度: 0.000），判定为低风险，不保存
2025-12-12 10:40:00 [INFO] : 🔍 开始分析工单 1949323574812606465 的对话
2025-12-12 10:40:00 [INFO] : 成功从数据库加载 1 个关键词配置分类
2025-12-12 10:40:00 [INFO] : 📊 工单 1949323574812606465 关键词筛选结果: 可疑=False, 置信度=0.000
2025-12-12 10:40:00 [INFO] : ⏭️ 工单 1949323574812606465 未命中关键词阈值（置信度: 0.000），判定为低风险，不保存
2025-12-12 10:40:00 [INFO] : 🔍 开始分析工单 1949323536879321089 的对话
2025-12-12 10:40:00 [INFO] : 成功从数据库加载 1 个关键词配置分类
2025-12-12 10:40:00 [INFO] : 📊 工单 1949323536879321089 关键词筛选结果: 可疑=False, 置信度=0.000
2025-12-12 10:40:00 [INFO] : ⏭️ 工单 1949323536879321089 未命中关键词阈值（置信度: 0.000），判定为低风险，不保存
2025-12-12 10:40:00 [INFO] : 🔍 开始分析工单 1949323428083269633 的对话
2025-12-12 10:40:00 [INFO] : 成功从数据库加载 1 个关键词配置分类
2025-12-12 10:40:00 [INFO] : 📊 工单 1949323428083269633 关键词筛选结果: 可疑=False, 置信度=0.000
2025-12-12 10:40:00 [INFO] : ⏭️ 工单 1949323428083269633 未命中关键词阈值（置信度: 0.000），判定为低风险，不保存
2025-12-12 10:40:00 [INFO] : 🔍 开始分析工单 1949323373397934081 的对话
2025-12-12 10:40:00 [INFO] : 成功从数据库加载 1 个关键词配置分类
2025-12-12 10:40:00 [INFO] : 📊 工单 1949323373397934081 关键词筛选结果: 可疑=False, 置信度=0.200
2025-12-12 10:40:00 [INFO] : ⏭️ 工单 1949323373397934081 未命中关键词阈值（置信度: 0.200），判定为低风险，不保存
2025-12-12 10:40:00 [INFO] : 🔍 开始分析工单 1949323220368752641 的对话
2025-12-12 10:40:00 [INFO] : 成功从数据库加载 1 个关键词配置分类
2025-12-12 10:40:00 [INFO] : 📊 工单 1949323220368752641 关键词筛选结果: 可疑=False, 置信度=0.000
2025-12-12 10:40:00 [INFO] : ⏭️ 工单 1949323220368752641 未命中关键词阈值（置信度: 0.000），判定为低风险，不保存
2025-12-12 10:40:00 [INFO] : 🔍 开始分析工单 1949325129511075841 的对话
2025-12-12 10:40:00 [INFO] : 成功从数据库加载 1 个关键词配置分类
2025-12-12 10:40:00 [INFO] : 📊 工单 1949325129511075841 关键词筛选结果: 可疑=False, 置信度=0.000
2025-12-12 10:40:00 [INFO] : ⏭️ 工单 1949325129511075841 未命中关键词阈值（置信度: 0.000），判定为低风险，不保存
2025-12-12 10:40:00 [INFO] : 🔍 开始分析工单 1949323130761641985 的对话
2025-12-12 10:40:00 [INFO] : 成功从数据库加载 1 个关键词配置分类
2025-12-12 10:40:00 [INFO] : 📊 工单 1949323130761641985 关键词筛选结果: 可疑=False, 置信度=0.000
2025-12-12 10:40:00 [INFO] : ⏭️ 工单 1949323130761641985 未命中关键词阈值（置信度: 0.000），判定为低风险，不保存
2025-12-12 10:40:00 [INFO] : 🔍 开始分析工单 1949323040491831297 的对话
2025-12-12 10:40:00 [INFO] : 成功从数据库加载 1 个关键词配置分类
2025-12-12 10:40:00 [INFO] : 📊 工单 1949323040491831297 关键词筛选结果: 可疑=False, 置信度=0.000
2025-12-12 10:40:00 [INFO] : ⏭️ 工单 1949323040491831297 未命中关键词阈值（置信度: 0.000），判定为低风险，不保存
2025-12-12 10:40:00 [INFO] : 🔍 开始分析工单 1949323020673744897 的对话
2025-12-12 10:40:00 [INFO] : 成功从数据库加载 1 个关键词配置分类
2025-12-12 10:40:00 [INFO] : 📊 工单 1949323020673744897 关键词筛选结果: 可疑=False, 置信度=0.200
2025-12-12 10:40:00 [INFO] : ⏭️ 工单 1949323020673744897 未命中关键词阈值（置信度: 0.200），判定为低风险，不保存
2025-12-12 10:40:00 [INFO] : 🔍 开始分析工单 1949322967787765761 的对话
2025-12-12 10:40:00 [INFO] : 成功从数据库加载 1 个关键词配置分类
2025-12-12 10:40:00 [INFO] : 📊 工单 1949322967787765761 关键词筛选结果: 可疑=False, 置信度=0.000
2025-12-12 10:40:00 [INFO] : ⏭️ 工单 1949322967787765761 未命中关键词阈值（置信度: 0.000），判定为低风险，不保存
2025-12-12 10:40:00 [INFO] : 🔍 开始分析工单 1949322745095389185 的对话
2025-12-12 10:40:00 [INFO] : 成功从数据库加载 1 个关键词配置分类
2025-12-12 10:40:00 [INFO] : 📊 工单 1949322745095389185 关键词筛选结果: 可疑=False, 置信度=0.000
2025-12-12 10:40:00 [INFO] : ⏭️ 工单 1949322745095389185 未命中关键词阈值（置信度: 0.000），判定为低风险，不保存
2025-12-12 10:40:00 [INFO] : 🔍 开始分析工单 1949322732608946177 的对话
2025-12-12 10:40:00 [INFO] : 成功从数据库加载 1 个关键词配置分类
2025-12-12 10:40:00 [INFO] : 📊 工单 1949322732608946177 关键词筛选结果: 可疑=False, 置信度=0.000
2025-12-12 10:40:00 [INFO] : ⏭️ 工单 1949322732608946177 未命中关键词阈值（置信度: 0.000），判定为低风险，不保存
2025-12-12 10:40:00 [INFO] : 🔍 开始分析工单 1949322718738382849 的对话
2025-12-12 10:40:00 [INFO] : 成功从数据库加载 1 个关键词配置分类
2025-12-12 10:40:00 [INFO] : 📊 工单 1949322718738382849 关键词筛选结果: 可疑=False, 置信度=0.000
2025-12-12 10:40:00 [INFO] : ⏭️ 工单 1949322718738382849 未命中关键词阈值（置信度: 0.000），判定为低风险，不保存
2025-12-12 10:40:00 [INFO] : 🔍 开始分析工单 1949322700124061697 的对话
2025-12-12 10:40:00 [INFO] : 成功从数据库加载 1 个关键词配置分类
2025-12-12 10:40:00 [INFO] : 📊 工单 1949322700124061697 关键词筛选结果: 可疑=False, 置信度=0.000
2025-12-12 10:40:00 [INFO] : ⏭️ 工单 1949322700124061697 未命中关键词阈值（置信度: 0.000），判定为低风险，不保存
2025-12-12 10:40:00 [INFO] : 🔍 开始分析工单 1949322644981547009 的对话
2025-12-12 10:40:00 [INFO] : 成功从数据库加载 1 个关键词配置分类
2025-12-12 10:40:00 [INFO] : 📊 工单 1949322644981547009 关键词筛选结果: 可疑=False, 置信度=0.000
2025-12-12 10:40:00 [INFO] : ⏭️ 工单 1949322644981547009 未命中关键词阈值（置信度: 0.000），判定为低风险，不保存
2025-12-12 10:40:00 [INFO] : 🔍 开始分析工单 1949322592988954624 的对话
2025-12-12 10:40:00 [INFO] : 成功从数据库加载 1 个关键词配置分类
2025-12-12 10:40:00 [INFO] : 📊 工单 1949322592988954624 关键词筛选结果: 可疑=False, 置信度=0.000
2025-12-12 10:40:00 [INFO] : ⏭️ 工单 1949322592988954624 未命中关键词阈值（置信度: 0.000），判定为低风险，不保存
2025-12-12 10:40:00 [INFO] : 🔍 开始分析工单 1949322457781370881 的对话
2025-12-12 10:40:00 [INFO] : 成功从数据库加载 1 个关键词配置分类
2025-12-12 10:40:00 [INFO] : 📊 工单 1949322457781370881 关键词筛选结果: 可疑=False, 置信度=0.000
2025-12-12 10:40:00 [INFO] : ⏭️ 工单 1949322457781370881 未命中关键词阈值（置信度: 0.000），判定为低风险，不保存
2025-12-12 10:40:00 [INFO] : 🔍 开始分析工单 1949324187919187969 的对话
2025-12-12 10:40:00 [INFO] : 成功从数据库加载 1 个关键词配置分类
2025-12-12 10:40:00 [INFO] : 📊 工单 1949324187919187969 关键词筛选结果: 可疑=False, 置信度=0.200
2025-12-12 10:40:00 [INFO] : ⏭️ 工单 1949324187919187969 未命中关键词阈值（置信度: 0.200），判定为低风险，不保存
2025-12-12 10:40:00 [INFO] : 🔍 开始分析工单 1949325215821463553 的对话
2025-12-12 10:40:00 [INFO] : 成功从数据库加载 1 个关键词配置分类
2025-12-12 10:40:00 [INFO] : 📊 工单 1949325215821463553 关键词筛选结果: 可疑=False, 置信度=0.000
2025-12-12 10:40:00 [INFO] : ⏭️ 工单 1949325215821463553 未命中关键词阈值（置信度: 0.000），判定为低风险，不保存
2025-12-12 10:40:00 [INFO] : 🔍 开始分析工单 1949324994257354753 的对话
2025-12-12 10:40:00 [INFO] : 成功从数据库加载 1 个关键词配置分类
2025-12-12 10:40:00 [INFO] : 📊 工单 1949324994257354753 关键词筛选结果: 可疑=False, 置信度=0.000
2025-12-12 10:40:00 [INFO] : ⏭️ 工单 1949324994257354753 未命中关键词阈值（置信度: 0.000），判定为低风险，不保存
2025-12-12 10:40:00 [INFO] : 🔍 开始分析工单 1949324962758131712 的对话
2025-12-12 10:40:00 [INFO] : 成功从数据库加载 1 个关键词配置分类
2025-12-12 10:40:00 [INFO] : 📊 工单 1949324962758131712 关键词筛选结果: 可疑=False, 置信度=0.000
2025-12-12 10:40:00 [INFO] : ⏭️ 工单 1949324962758131712 未命中关键词阈值（置信度: 0.000），判定为低风险，不保存
2025-12-12 10:40:00 [INFO] : 🔍 开始分析工单 1949324930860449793 的对话
2025-12-12 10:40:00 [INFO] : 成功从数据库加载 1 个关键词配置分类
2025-12-12 10:40:00 [INFO] : 📊 工单 1949324930860449793 关键词筛选结果: 可疑=False, 置信度=0.000
2025-12-12 10:40:00 [INFO] : ⏭️ 工单 1949324930860449793 未命中关键词阈值（置信度: 0.000），判定为低风险，不保存
2025-12-12 10:40:00 [INFO] : 🔍 开始分析工单 1949324843405017088 的对话
2025-12-12 10:40:00 [INFO] : 成功从数据库加载 1 个关键词配置分类
2025-12-12 10:40:00 [INFO] : 📊 工单 1949324843405017088 关键词筛选结果: 可疑=False, 置信度=0.000
2025-12-12 10:40:00 [INFO] : ⏭️ 工单 1949324843405017088 未命中关键词阈值（置信度: 0.000），判定为低风险，不保存
2025-12-12 10:40:00 [INFO] : 🔍 开始分析工单 1949324818914476033 的对话
2025-12-12 10:40:00 [INFO] : 成功从数据库加载 1 个关键词配置分类
2025-12-12 10:40:00 [INFO] : 📊 工单 1949324818914476033 关键词筛选结果: 可疑=False, 置信度=0.000
2025-12-12 10:40:00 [INFO] : ⏭️ 工单 1949324818914476033 未命中关键词阈值（置信度: 0.000），判定为低风险，不保存
2025-12-12 10:40:00 [INFO] : 🔍 开始分析工单 1949324690187091969 的对话
2025-12-12 10:40:00 [INFO] : 成功从数据库加载 1 个关键词配置分类
2025-12-12 10:40:00 [INFO] : 📊 工单 1949324690187091969 关键词筛选结果: 可疑=False, 置信度=0.000
2025-12-12 10:40:00 [INFO] : ⏭️ 工单 1949324690187091969 未命中关键词阈值（置信度: 0.000），判定为低风险，不保存
2025-12-12 10:40:00 [INFO] : 🔍 开始分析工单 1949324631559110657 的对话
2025-12-12 10:40:00 [INFO] : 成功从数据库加载 1 个关键词配置分类
2025-12-12 10:40:00 [INFO] : 📊 工单 1949324631559110657 关键词筛选结果: 可疑=False, 置信度=0.000
2025-12-12 10:40:00 [INFO] : ⏭️ 工单 1949324631559110657 未命中关键词阈值（置信度: 0.000），判定为低风险，不保存
2025-12-12 10:40:00 [INFO] : 🔍 开始分析工单 1949324622444888065 的对话
2025-12-12 10:40:00 [INFO] : 成功从数据库加载 1 个关键词配置分类
2025-12-12 10:40:00 [INFO] : 📊 工单 1949324622444888065 关键词筛选结果: 可疑=False, 置信度=0.000
2025-12-12 10:40:00 [INFO] : ⏭️ 工单 1949324622444888065 未命中关键词阈值（置信度: 0.000），判定为低风险，不保存
2025-12-12 10:40:00 [INFO] : 🔍 开始分析工单 1949324595001556993 的对话
2025-12-12 10:40:00 [INFO] : 成功从数据库加载 1 个关键词配置分类
2025-12-12 10:40:00 [INFO] : 📊 工单 1949324595001556993 关键词筛选结果: 可疑=False, 置信度=0.000
2025-12-12 10:40:00 [INFO] : ⏭️ 工单 1949324595001556993 未命中关键词阈值（置信度: 0.000），判定为低风险，不保存
2025-12-12 10:40:00 [INFO] : 🔍 开始分析工单 1949324585375629313 的对话
2025-12-12 10:40:00 [INFO] : 成功从数据库加载 1 个关键词配置分类
2025-12-12 10:40:00 [INFO] : 📊 工单 1949324585375629313 关键词筛选结果: 可疑=False, 置信度=0.000
2025-12-12 10:40:00 [INFO] : ⏭️ 工单 1949324585375629313 未命中关键词阈值（置信度: 0.000），判定为低风险，不保存
2025-12-12 10:40:00 [INFO] : 🔍 开始分析工单 1949324540483993601 的对话
2025-12-12 10:40:00 [INFO] : 成功从数据库加载 1 个关键词配置分类
2025-12-12 10:40:00 [INFO] : 📊 工单 1949324540483993601 关键词筛选结果: 可疑=False, 置信度=0.000
2025-12-12 10:40:00 [INFO] : ⏭️ 工单 1949324540483993601 未命中关键词阈值（置信度: 0.000），判定为低风险，不保存
2025-12-12 10:40:00 [INFO] : 🔍 开始分析工单 1949324521345384449 的对话
2025-12-12 10:40:00 [INFO] : 成功从数据库加载 1 个关键词配置分类
2025-12-12 10:40:00 [INFO] : 📊 工单 1949324521345384449 关键词筛选结果: 可疑=False, 置信度=0.000
2025-12-12 10:40:00 [INFO] : ⏭️ 工单 1949324521345384449 未命中关键词阈值（置信度: 0.000），判定为低风险，不保存
2025-12-12 10:40:00 [INFO] : 🔍 开始分析工单 1949324485605720065 的对话
2025-12-12 10:40:00 [INFO] : 成功从数据库加载 1 个关键词配置分类
2025-12-12 10:40:00 [INFO] : 📊 工单 1949324485605720065 关键词筛选结果: 可疑=False, 置信度=0.000
2025-12-12 10:40:00 [INFO] : ⏭️ 工单 1949324485605720065 未命中关键词阈值（置信度: 0.000），判定为低风险，不保存
2025-12-12 10:40:00 [INFO] : 🔍 开始分析工单 1949324480882933761 的对话
2025-12-12 10:40:00 [INFO] : 成功从数据库加载 1 个关键词配置分类
2025-12-12 10:40:00 [INFO] : 📊 工单 1949324480882933761 关键词筛选结果: 可疑=False, 置信度=0.200
2025-12-12 10:40:00 [INFO] : ⏭️ 工单 1949324480882933761 未命中关键词阈值（置信度: 0.200），判定为低风险，不保存
2025-12-12 10:40:00 [INFO] : 🔍 开始分析工单 1949324425341960193 的对话
2025-12-12 10:40:00 [INFO] : 成功从数据库加载 1 个关键词配置分类
2025-12-12 10:40:00 [INFO] : 📊 工单 1949324425341960193 关键词筛选结果: 可疑=False, 置信度=0.000
2025-12-12 10:40:00 [INFO] : ⏭️ 工单 1949324425341960193 未命中关键词阈值（置信度: 0.000），判定为低风险，不保存
2025-12-12 10:40:00 [INFO] : 🔍 开始分析工单 1949324417326645249 的对话
2025-12-12 10:40:00 [INFO] : 成功从数据库加载 1 个关键词配置分类
2025-12-12 10:40:00 [INFO] : 📊 工单 1949324417326645249 关键词筛选结果: 可疑=False, 置信度=0.000
2025-12-12 10:40:00 [INFO] : ⏭️ 工单 1949324417326645249 未命中关键词阈值（置信度: 0.000），判定为低风险，不保存
2025-12-12 10:40:00 [INFO] : 🔍 开始分析工单 1949324394018897921 的对话
2025-12-12 10:40:00 [INFO] : 成功从数据库加载 1 个关键词配置分类
2025-12-12 10:40:00 [INFO] : 📊 工单 1949324394018897921 关键词筛选结果: 可疑=False, 置信度=0.000
2025-12-12 10:40:00 [INFO] : ⏭️ 工单 1949324394018897921 未命中关键词阈值（置信度: 0.000），判定为低风险，不保存
2025-12-12 10:40:00 [INFO] : 🔍 开始分析工单 1949324359466221569 的对话
2025-12-12 10:40:00 [INFO] : 成功从数据库加载 1 个关键词配置分类
2025-12-12 10:40:00 [INFO] : 📊 工单 1949324359466221569 关键词筛选结果: 可疑=False, 置信度=0.000
2025-12-12 10:40:00 [INFO] : ⏭️ 工单 1949324359466221569 未命中关键词阈值（置信度: 0.000），判定为低风险，不保存
2025-12-12 10:40:00 [INFO] : 🔍 开始分析工单 1949324332970803201 的对话
2025-12-12 10:40:00 [INFO] : 成功从数据库加载 1 个关键词配置分类
2025-12-12 10:40:00 [INFO] : 📊 工单 1949324332970803201 关键词筛选结果: 可疑=False, 置信度=0.000
2025-12-12 10:40:00 [INFO] : ⏭️ 工单 1949324332970803201 未命中关键词阈值（置信度: 0.000），判定为低风险，不保存
2025-12-12 10:40:00 [INFO] : 🔍 开始分析工单 1949324283666759681 的对话
2025-12-12 10:40:00 [INFO] : 成功从数据库加载 1 个关键词配置分类
2025-12-12 10:40:00 [INFO] : 📊 工单 1949324283666759681 关键词筛选结果: 可疑=False, 置信度=0.200
2025-12-12 10:40:00 [INFO] : ⏭️ 工单 1949324283666759681 未命中关键词阈值（置信度: 0.200），判定为低风险，不保存
2025-12-12 10:40:00 [INFO] : 🔍 开始分析工单 1949324234333356033 的对话
2025-12-12 10:40:00 [INFO] : 成功从数据库加载 1 个关键词配置分类
2025-12-12 10:40:00 [INFO] : 📊 工单 1949324234333356033 关键词筛选结果: 可疑=False, 置信度=0.200
2025-12-12 10:40:00 [INFO] : ⏭️ 工单 1949324234333356033 未命中关键词阈值（置信度: 0.200），判定为低风险，不保存
2025-12-12 10:40:00 [INFO] : 🔍 开始分析工单 1949324207363981313 的对话
2025-12-12 10:40:00 [INFO] : 成功从数据库加载 1 个关键词配置分类
2025-12-12 10:40:00 [INFO] : 📊 工单 1949324207363981313 关键词筛选结果: 可疑=False, 置信度=0.000
2025-12-12 10:40:00 [INFO] : ⏭️ 工单 1949324207363981313 未命中关键词阈值（置信度: 0.000），判定为低风险，不保存
2025-12-12 10:40:00 [INFO] : 🔍 开始分析工单 1949324078829535233 的对话
2025-12-12 10:40:00 [INFO] : 成功从数据库加载 1 个关键词配置分类
2025-12-12 10:40:00 [INFO] : 📊 工单 1949324078829535233 关键词筛选结果: 可疑=False, 置信度=0.000
2025-12-12 10:40:00 [INFO] : ⏭️ 工单 1949324078829535233 未命中关键词阈值（置信度: 0.000），判定为低风险，不保存
2025-12-12 10:40:00 [INFO] : ⚡ 批量分析任务执行完成，开始处理和保存结果...
2025-12-12 10:40:00 [INFO] : 📊 开始处理 50 个分析结果...
2025-12-12 10:40:00 [INFO] : 工单 1949323198621286401 AI状态更新为: COMPLETED
2025-12-12 10:40:00 [INFO] : 工单 1949324070537396225 AI状态更新为: COMPLETED
2025-12-12 10:40:00 [INFO] : 工单 1949323992288460801 AI状态更新为: COMPLETED
2025-12-12 10:40:00 [INFO] : 工单 1949323984910680065 AI状态更新为: COMPLETED
2025-12-12 10:40:00 [INFO] : 工单 1949323874537570305 AI状态更新为: COMPLETED
2025-12-12 10:40:00 [INFO] : 工单 1949323853251477505 AI状态更新为: COMPLETED
2025-12-12 10:40:00 [INFO] : 工单 1949323823111208961 AI状态更新为: COMPLETED
2025-12-12 10:40:00 [INFO] : 工单 1949323724364709889 AI状态更新为: COMPLETED
2025-12-12 10:40:00 [INFO] : 工单 1949323574812606465 AI状态更新为: COMPLETED
2025-12-12 10:40:00 [INFO] : 工单 1949323536879321089 AI状态更新为: COMPLETED
2025-12-12 10:40:00 [INFO] : 工单 1949323428083269633 AI状态更新为: COMPLETED
2025-12-12 10:40:00 [INFO] : 工单 1949323373397934081 AI状态更新为: COMPLETED
2025-12-12 10:40:00 [INFO] : 工单 1949323220368752641 AI状态更新为: COMPLETED
2025-12-12 10:40:00 [INFO] : 工单 1949325129511075841 AI状态更新为: COMPLETED
2025-12-12 10:40:00 [INFO] : 工单 1949323130761641985 AI状态更新为: COMPLETED
2025-12-12 10:40:00 [INFO] : 工单 1949323040491831297 AI状态更新为: COMPLETED
2025-12-12 10:40:00 [INFO] : 工单 1949323020673744897 AI状态更新为: COMPLETED
2025-12-12 10:40:00 [INFO] : 工单 1949322967787765761 AI状态更新为: COMPLETED
2025-12-12 10:40:00 [INFO] : 工单 1949322745095389185 AI状态更新为: COMPLETED
2025-12-12 10:40:00 [INFO] : 工单 1949322732608946177 AI状态更新为: COMPLETED
2025-12-12 10:40:00 [INFO] : 工单 1949322718738382849 AI状态更新为: COMPLETED
2025-12-12 10:40:00 [INFO] : 工单 1949322700124061697 AI状态更新为: COMPLETED
2025-12-12 10:40:00 [INFO] : 工单 1949322644981547009 AI状态更新为: COMPLETED
2025-12-12 10:40:00 [INFO] : 工单 1949322592988954624 AI状态更新为: COMPLETED
2025-12-12 10:40:00 [INFO] : 工单 1949322457781370881 AI状态更新为: COMPLETED
2025-12-12 10:40:00 [INFO] : 工单 1949324187919187969 AI状态更新为: COMPLETED
2025-12-12 10:40:00 [INFO] : 工单 1949325215821463553 AI状态更新为: COMPLETED
2025-12-12 10:40:00 [INFO] : 工单 1949324994257354753 AI状态更新为: COMPLETED
2025-12-12 10:40:00 [INFO] : 工单 1949324962758131712 AI状态更新为: COMPLETED
2025-12-12 10:40:00 [INFO] : 工单 1949324930860449793 AI状态更新为: COMPLETED
2025-12-12 10:40:00 [INFO] : 工单 1949324843405017088 AI状态更新为: COMPLETED
2025-12-12 10:40:00 [INFO] : 工单 1949324818914476033 AI状态更新为: COMPLETED
2025-12-12 10:40:00 [INFO] : 工单 1949324690187091969 AI状态更新为: COMPLETED
2025-12-12 10:40:00 [INFO] : 工单 1949324631559110657 AI状态更新为: COMPLETED
2025-12-12 10:40:00 [INFO] : 工单 1949324622444888065 AI状态更新为: COMPLETED
2025-12-12 10:40:00 [INFO] : 工单 1949324595001556993 AI状态更新为: COMPLETED
2025-12-12 10:40:00 [INFO] : 工单 1949324585375629313 AI状态更新为: COMPLETED
2025-12-12 10:40:00 [INFO] : 工单 1949324540483993601 AI状态更新为: COMPLETED
2025-12-12 10:40:00 [INFO] : 工单 1949324521345384449 AI状态更新为: COMPLETED
2025-12-12 10:40:00 [INFO] : 工单 1949324485605720065 AI状态更新为: COMPLETED
2025-12-12 10:40:00 [INFO] : 工单 1949324480882933761 AI状态更新为: COMPLETED
2025-12-12 10:40:00 [INFO] : 工单 1949324425341960193 AI状态更新为: COMPLETED
2025-12-12 10:40:00 [INFO] : 工单 1949324417326645249 AI状态更新为: COMPLETED
2025-12-12 10:40:00 [INFO] : 工单 1949324394018897921 AI状态更新为: COMPLETED
2025-12-12 10:40:00 [INFO] : 工单 1949324359466221569 AI状态更新为: COMPLETED
2025-12-12 10:40:00 [INFO] : 工单 1949324332970803201 AI状态更新为: COMPLETED
2025-12-12 10:40:00 [INFO] : 工单 1949324283666759681 AI状态更新为: COMPLETED
2025-12-12 10:40:00 [INFO] : 工单 1949324234333356033 AI状态更新为: COMPLETED
2025-12-12 10:40:00 [INFO] : 工单 1949324207363981313 AI状态更新为: COMPLETED
2025-12-12 10:40:00 [INFO] : 工单 1949324078829535233 AI状态更新为: COMPLETED
2025-12-12 10:40:00 [INFO] : ========================================
2025-12-12 10:40:00 [INFO] : 🎉 批量分析完成统计:
2025-12-12 10:40:00 [INFO] :   ✅ 成功: 50
2025-12-12 10:40:00 [INFO] :   ❌ 失败: 0
2025-12-12 10:40:00 [INFO] :   📊 成功率: 100.0%
2025-12-12 10:40:00 [INFO] : ========================================
2025-12-12 10:40:00 [INFO] : 📊 步骤2: 批量分析结果 - success: True, 成功: 50, 失败: 0
2025-12-12 10:40:00 [INFO] : ================================================================================
2025-12-12 10:40:00 [INFO] : 🎉 pending分析队列处理完成 - 最终统计:
2025-12-12 10:40:00 [INFO] :   📥 拉取pending工单总数: 50
2025-12-12 10:40:00 [INFO] :   💬 有评论需分析数量: 50
2025-12-12 10:40:00 [INFO] :   🔍 实际分析处理数量: 50
2025-12-12 10:40:00 [INFO] :   ✅ 成功分析完成数量: 50
2025-12-12 10:40:00 [INFO] :   ❌ 分析失败数量: 0
2025-12-12 10:40:00 [INFO] :   ⏭️ 跳过处理数量: 0
2025-12-12 10:40:00 [INFO] :   📊 分析成功率: 100.0%
2025-12-12 10:40:00 [INFO] : ================================================================================
2025-12-12 10:40:00 [INFO] : ✅ 任务完成: SCHED_BATCH_ANALYSIS_20251212_104000_6dba8d87, 状态: completed, 耗时: 0秒
2025-12-12 10:40:00 [INFO] : ✅ 批量分析工作流完成: task_id=SCHED_BATCH_ANALYSIS_20251212_104000_6dba8d87
2025-12-12 10:40:00 [INFO] : ✅ 任务完成: SCHED_BATCH_ANALYSIS_20251212_104000_6dba8d87, 状态: completed, 耗时: 0秒
2025-12-12 10:40:00 [INFO] : ✅ APScheduler任务完成: SCHED_BATCH_ANALYSIS_20251212_104000_6dba8d87
2025-12-12 10:40:00 [INFO] : Job "客服记录分析任务 (trigger: cron[month='*', day='*', day_of_week='*', hour='*', minute='*/5'], next run at: 2025-12-12 10:45:00 CST)" executed successfully
2025-12-12 10:40:00 [INFO] : ✅ 任务执行完成: customer_service_analysis
2025-12-12 10:45:00 [INFO] : Running job "客服记录分析任务 (trigger: cron[month='*', day='*', day_of_week='*', hour='*', minute='*/5'], next run at: 2025-12-12 10:50:00 CST)" (scheduled at 2025-12-12 10:45:00+08:00)
2025-12-12 10:45:00 [INFO] : 🎯 APScheduler调用任务执行: customer_service_analysis
2025-12-12 10:45:00 [INFO] : ✅ 创建任务记录成功: SCHED_BATCH_ANALYSIS_20251212_104500_39ad56fe (客服记录分析任务)
2025-12-12 10:45:00 [INFO] : 🚀 APScheduler任务开始: SCHED_BATCH_ANALYSIS_20251212_104500_39ad56fe
2025-12-12 10:45:00 [INFO] : 🚀 开始执行批量分析工作流: task_id=SCHED_BATCH_ANALYSIS_20251212_104500_39ad56fe
2025-12-12 10:45:00 [INFO] : ================================================================================
2025-12-12 10:45:00 [INFO] : 🚀 开始处理pending分析队列
2025-12-12 10:45:00 [INFO] : ⚙️ 配置参数: batch_size=50, max_concurrent=5
2025-12-12 10:45:00 [INFO] : 🔄 步骤1: 拉取pending工单数据开始...
2025-12-12 10:45:00 [INFO] : 📋 开始拉取pending工单数据，限制 50 条
2025-12-12 10:45:00 [INFO] : 📥 正在查询数据库中的PENDING状态工单...
2025-12-12 10:45:00 [INFO] : 获取到 50 个状态为 PENDING 的工单
2025-12-12 10:45:00 [INFO] : 📊 从数据库查询到 50 个PENDING工单
2025-12-12 10:45:00 [INFO] : 💬 开始处理 50 个工单的评论数据...
2025-12-12 10:45:00 [INFO] : 📋 处理工单 1949320424995160065 (1/50) - 评论表: t_work_comment_2025
2025-12-12 10:45:00 [INFO] : 从表 t_work_comment_2025 获取工单 1949320424995160065 的 3 条完整对话记录（包含客户和客服）
2025-12-12 10:45:00 [INFO] : 💭 工单 1949320424995160065 获取到 3 条原始评论
2025-12-12 10:45:00 [INFO] : 🔍 工单 1949320424995160065 开始去噪处理 3 条有效评论...
2025-12-12 10:45:00 [INFO] : 🔍 开始过滤评论，原始数量: 3
2025-12-12 10:45:00 [INFO] : ✅ 评论过滤完成:
2025-12-12 10:45:00 [INFO] :   📥 原始数量: 3
2025-12-12 10:45:00 [INFO] :   📤 过滤后数量: 3
2025-12-12 10:45:00 [INFO] :   🗑️ 移除数量: 0
2025-12-12 10:45:00 [INFO] :   📊 过滤率: 0.0%
2025-12-12 10:45:00 [INFO] : ✅ 创建批次记录: batch_20251212_104500_d1fd2850, 工单数: 1
2025-12-12 10:45:00 [INFO] : ✅ 更新批次统计: batch_20251212_104500_d1fd2850, 状态: COMPLETED
2025-12-12 10:45:00 [INFO] : ✅ 保存工单 1949320424995160065 去噪记录成功，批次: batch_20251212_104500_d1fd2850
2025-12-12 10:45:00 [INFO] : ✅ 工单 1949320424995160065 去噪完成: 3 -> 3 条评论
2025-12-12 10:45:00 [INFO] : 🧾 工单 1949320424995160065 首响开关: work_type=URGE_INSTALL, work_table_name=t_work_2025, is_after_sale=False, raw_comments=3, valid_comments=3
2025-12-12 10:45:00 [INFO] : ✅ 工单 1949320424995160065 有 3 条有效评论，构建完成对话数据
2025-12-12 10:45:00 [INFO] : 工单 1949320424995160065 AI状态更新为: PENDING
2025-12-12 10:45:00 [INFO] : 📋 处理工单 1949320936033353729 (2/50) - 评论表: t_work_comment_2025
2025-12-12 10:45:00 [INFO] : 从表 t_work_comment_2025 获取工单 1949320936033353729 的 4 条完整对话记录（包含客户和客服）
2025-12-12 10:45:00 [INFO] : 💭 工单 1949320936033353729 获取到 4 条原始评论
2025-12-12 10:45:00 [INFO] : 🔍 工单 1949320936033353729 开始去噪处理 3 条有效评论...
2025-12-12 10:45:00 [INFO] : 🔍 开始过滤评论，原始数量: 3
2025-12-12 10:45:00 [INFO] : ✅ 评论过滤完成:
2025-12-12 10:45:00 [INFO] :   📥 原始数量: 3
2025-12-12 10:45:00 [INFO] :   📤 过滤后数量: 3
2025-12-12 10:45:00 [INFO] :   🗑️ 移除数量: 0
2025-12-12 10:45:00 [INFO] :   📊 过滤率: 0.0%
2025-12-12 10:45:00 [INFO] : ✅ 创建批次记录: batch_20251212_104500_458ec978, 工单数: 1
2025-12-12 10:45:00 [INFO] : ✅ 更新批次统计: batch_20251212_104500_458ec978, 状态: COMPLETED
2025-12-12 10:45:00 [INFO] : ✅ 保存工单 1949320936033353729 去噪记录成功，批次: batch_20251212_104500_458ec978
2025-12-12 10:45:00 [INFO] : ✅ 工单 1949320936033353729 去噪完成: 3 -> 3 条评论
2025-12-12 10:45:00 [INFO] : 🧾 工单 1949320936033353729 首响开关: work_type=EXCHANGE, work_table_name=t_work_2025, is_after_sale=False, raw_comments=4, valid_comments=3
2025-12-12 10:45:00 [INFO] : ✅ 工单 1949320936033353729 有 3 条有效评论，构建完成对话数据
2025-12-12 10:45:00 [INFO] : 工单 1949320936033353729 AI状态更新为: PENDING
2025-12-12 10:45:00 [INFO] : 📋 处理工单 1949320897504477185 (3/50) - 评论表: t_work_comment_2025
2025-12-12 10:45:00 [INFO] : 从表 t_work_comment_2025 获取工单 1949320897504477185 的 4 条完整对话记录（包含客户和客服）
2025-12-12 10:45:00 [INFO] : 💭 工单 1949320897504477185 获取到 4 条原始评论
2025-12-12 10:45:00 [INFO] : 🔍 工单 1949320897504477185 开始去噪处理 3 条有效评论...
2025-12-12 10:45:00 [INFO] : 🔍 开始过滤评论，原始数量: 3
2025-12-12 10:45:00 [INFO] : ✅ 评论过滤完成:
2025-12-12 10:45:00 [INFO] :   📥 原始数量: 3
2025-12-12 10:45:00 [INFO] :   📤 过滤后数量: 3
2025-12-12 10:45:00 [INFO] :   🗑️ 移除数量: 0
2025-12-12 10:45:00 [INFO] :   📊 过滤率: 0.0%
2025-12-12 10:45:00 [INFO] : ✅ 创建批次记录: batch_20251212_104500_716c2609, 工单数: 1
2025-12-12 10:45:00 [INFO] : ✅ 更新批次统计: batch_20251212_104500_716c2609, 状态: COMPLETED
2025-12-12 10:45:00 [INFO] : ✅ 保存工单 1949320897504477185 去噪记录成功，批次: batch_20251212_104500_716c2609
2025-12-12 10:45:00 [INFO] : ✅ 工单 1949320897504477185 去噪完成: 3 -> 3 条评论
2025-12-12 10:45:00 [INFO] : 🧾 工单 1949320897504477185 首响开关: work_type=URGE_INSTALL, work_table_name=t_work_2025, is_after_sale=False, raw_comments=4, valid_comments=3
2025-12-12 10:45:00 [INFO] : ✅ 工单 1949320897504477185 有 3 条有效评论，构建完成对话数据
2025-12-12 10:45:00 [INFO] : 工单 1949320897504477185 AI状态更新为: PENDING
2025-12-12 10:45:00 [INFO] : 📋 处理工单 1949320881616453632 (4/50) - 评论表: t_work_comment_2025
2025-12-12 10:45:00 [INFO] : 从表 t_work_comment_2025 获取工单 1949320881616453632 的 5 条完整对话记录（包含客户和客服）
2025-12-12 10:45:00 [INFO] : 💭 工单 1949320881616453632 获取到 5 条原始评论
2025-12-12 10:45:00 [INFO] : 🔍 工单 1949320881616453632 开始去噪处理 5 条有效评论...
2025-12-12 10:45:00 [INFO] : 🔍 开始过滤评论，原始数量: 5
2025-12-12 10:45:00 [INFO] : ✅ 评论过滤完成:
2025-12-12 10:45:00 [INFO] :   📥 原始数量: 5
2025-12-12 10:45:00 [INFO] :   📤 过滤后数量: 5
2025-12-12 10:45:00 [INFO] :   🗑️ 移除数量: 0
2025-12-12 10:45:00 [INFO] :   📊 过滤率: 0.0%
2025-12-12 10:45:00 [INFO] : ✅ 创建批次记录: batch_20251212_104500_1ebea4dc, 工单数: 1
2025-12-12 10:45:00 [INFO] : ✅ 更新批次统计: batch_20251212_104500_1ebea4dc, 状态: COMPLETED
2025-12-12 10:45:00 [INFO] : ✅ 保存工单 1949320881616453632 去噪记录成功，批次: batch_20251212_104500_1ebea4dc
2025-12-12 10:45:00 [INFO] : ✅ 工单 1949320881616453632 去噪完成: 5 -> 5 条评论
2025-12-12 10:45:00 [INFO] : 🧾 工单 1949320881616453632 首响开关: work_type=URGE_INSTALL, work_table_name=t_work_2025, is_after_sale=False, raw_comments=5, valid_comments=5
2025-12-12 10:45:00 [INFO] : ✅ 工单 1949320881616453632 有 5 条有效评论，构建完成对话数据
2025-12-12 10:45:00 [INFO] : 工单 1949320881616453632 AI状态更新为: PENDING
2025-12-12 10:45:00 [INFO] : 📋 处理工单 1949320870279249921 (5/50) - 评论表: t_work_comment_2025
2025-12-12 10:45:00 [INFO] : 从表 t_work_comment_2025 获取工单 1949320870279249921 的 5 条完整对话记录（包含客户和客服）
2025-12-12 10:45:00 [INFO] : 💭 工单 1949320870279249921 获取到 5 条原始评论
2025-12-12 10:45:00 [INFO] : 🔍 工单 1949320870279249921 开始去噪处理 5 条有效评论...
2025-12-12 10:45:00 [INFO] : 🔍 开始过滤评论，原始数量: 5
2025-12-12 10:45:00 [INFO] : ✅ 评论过滤完成:
2025-12-12 10:45:00 [INFO] :   📥 原始数量: 5
2025-12-12 10:45:00 [INFO] :   📤 过滤后数量: 5
2025-12-12 10:45:00 [INFO] :   🗑️ 移除数量: 0
2025-12-12 10:45:00 [INFO] :   📊 过滤率: 0.0%
2025-12-12 10:45:00 [INFO] : ✅ 创建批次记录: batch_20251212_104500_ad975b3c, 工单数: 1
2025-12-12 10:45:00 [INFO] : ✅ 更新批次统计: batch_20251212_104500_ad975b3c, 状态: COMPLETED
2025-12-12 10:45:00 [INFO] : ✅ 保存工单 1949320870279249921 去噪记录成功，批次: batch_20251212_104500_ad975b3c
2025-12-12 10:45:00 [INFO] : ✅ 工单 1949320870279249921 去噪完成: 5 -> 5 条评论
2025-12-12 10:45:00 [INFO] : 🧾 工单 1949320870279249921 首响开关: work_type=INVOICE, work_table_name=t_work_2025, is_after_sale=False, raw_comments=5, valid_comments=5
2025-12-12 10:45:00 [INFO] : ✅ 工单 1949320870279249921 有 5 条有效评论，构建完成对话数据
2025-12-12 10:45:00 [INFO] : 工单 1949320870279249921 AI状态更新为: PENDING
2025-12-12 10:45:00 [INFO] : 📋 处理工单 1949320820316700673 (6/50) - 评论表: t_work_comment_2025
2025-12-12 10:45:00 [INFO] : 从表 t_work_comment_2025 获取工单 1949320820316700673 的 4 条完整对话记录（包含客户和客服）
2025-12-12 10:45:00 [INFO] : 💭 工单 1949320820316700673 获取到 4 条原始评论
2025-12-12 10:45:00 [INFO] : 🔍 工单 1949320820316700673 开始去噪处理 4 条有效评论...
2025-12-12 10:45:00 [INFO] : 🔍 开始过滤评论，原始数量: 4
2025-12-12 10:45:00 [INFO] : ✅ 评论过滤完成:
2025-12-12 10:45:00 [INFO] :   📥 原始数量: 4
2025-12-12 10:45:00 [INFO] :   📤 过滤后数量: 4
2025-12-12 10:45:00 [INFO] :   🗑️ 移除数量: 0
2025-12-12 10:45:00 [INFO] :   📊 过滤率: 0.0%
2025-12-12 10:45:00 [INFO] : ✅ 创建批次记录: batch_20251212_104500_b2d6bf06, 工单数: 1
2025-12-12 10:45:00 [INFO] : ✅ 更新批次统计: batch_20251212_104500_b2d6bf06, 状态: COMPLETED
2025-12-12 10:45:00 [INFO] : ✅ 保存工单 1949320820316700673 去噪记录成功，批次: batch_20251212_104500_b2d6bf06
2025-12-12 10:45:00 [INFO] : ✅ 工单 1949320820316700673 去噪完成: 4 -> 4 条评论
2025-12-12 10:45:00 [INFO] : ⏳ 工单 1949320820316700673 首响计算开始，评论总数=4
2025-12-12 10:45:00 [INFO] : 👀 工单 1949320820316700673 评论巡检: id=1949320820559970304, user_type=SELLER, oper_raw=True, is_service=False, is_customer=True, create_time=2025-07-27 12:07:54
2025-12-12 10:45:00 [INFO] : 🎯 工单 1949320820316700673 首条客户消息锁定: 2025-07-27 12:07:54
2025-12-12 10:45:00 [INFO] : 👀 工单 1949320820316700673 评论巡检: id=1949320867930439680, user_type=EMPLOYEE, oper_raw=True, is_service=True, is_customer=False, create_time=2025-07-27 12:08:06
2025-12-12 10:45:00 [INFO] : 🎯 工单 1949320820316700673 首条客服回复锁定: 2025-07-27 12:08:06
2025-12-12 10:45:00 [INFO] : ⏱️ 工单 1949320820316700673 首响计算: first_customer_message_time=2025-07-27 12:07:54, first_service_reply_time=2025-07-27 12:08:06, response_seconds=12, threshold_seconds=120, is_timeout=False
2025-12-12 10:45:00 [INFO] : 🧾 工单 1949320820316700673 首响开关: work_type=AFTER_SALE, work_table_name=t_work_2025, is_after_sale=True, raw_comments=4, valid_comments=4
2025-12-12 10:45:00 [INFO] : ✅ 工单 1949320820316700673 有 4 条有效评论，构建完成对话数据
2025-12-12 10:45:00 [INFO] : 工单 1949320820316700673 AI状态更新为: PENDING
2025-12-12 10:45:00 [INFO] : 📋 处理工单 1949320773831229441 (7/50) - 评论表: t_work_comment_2025
2025-12-12 10:45:00 [INFO] : 从表 t_work_comment_2025 获取工单 1949320773831229441 的 4 条完整对话记录（包含客户和客服）
2025-12-12 10:45:00 [INFO] : 💭 工单 1949320773831229441 获取到 4 条原始评论
2025-12-12 10:45:00 [INFO] : 🔍 工单 1949320773831229441 开始去噪处理 4 条有效评论...
2025-12-12 10:45:00 [INFO] : 🔍 开始过滤评论，原始数量: 4
2025-12-12 10:45:00 [INFO] : ✅ 评论过滤完成:
2025-12-12 10:45:00 [INFO] :   📥 原始数量: 4
2025-12-12 10:45:00 [INFO] :   📤 过滤后数量: 4
2025-12-12 10:45:00 [INFO] :   🗑️ 移除数量: 0
2025-12-12 10:45:00 [INFO] :   📊 过滤率: 0.0%
2025-12-12 10:45:00 [INFO] : ✅ 创建批次记录: batch_20251212_104500_545d5406, 工单数: 1
2025-12-12 10:45:00 [INFO] : ✅ 更新批次统计: batch_20251212_104500_545d5406, 状态: COMPLETED
2025-12-12 10:45:00 [INFO] : ✅ 保存工单 1949320773831229441 去噪记录成功，批次: batch_20251212_104500_545d5406
2025-12-12 10:45:00 [INFO] : ✅ 工单 1949320773831229441 去噪完成: 4 -> 4 条评论
2025-12-12 10:45:00 [INFO] : 🧾 工单 1949320773831229441 首响开关: work_type=EXCHANGE, work_table_name=t_work_2025, is_after_sale=False, raw_comments=4, valid_comments=4
2025-12-12 10:45:00 [INFO] : ✅ 工单 1949320773831229441 有 4 条有效评论，构建完成对话数据
2025-12-12 10:45:00 [INFO] : 工单 1949320773831229441 AI状态更新为: PENDING
2025-12-12 10:45:00 [INFO] : 📋 处理工单 1949320770337374209 (8/50) - 评论表: t_work_comment_2025
2025-12-12 10:45:00 [INFO] : 从表 t_work_comment_2025 获取工单 1949320770337374209 的 6 条完整对话记录（包含客户和客服）
2025-12-12 10:45:00 [INFO] : 💭 工单 1949320770337374209 获取到 6 条原始评论
2025-12-12 10:45:00 [INFO] : 🔍 工单 1949320770337374209 开始去噪处理 6 条有效评论...
2025-12-12 10:45:00 [INFO] : 🔍 开始过滤评论，原始数量: 6
2025-12-12 10:45:00 [INFO] : ✅ 评论过滤完成:
2025-12-12 10:45:00 [INFO] :   📥 原始数量: 6
2025-12-12 10:45:00 [INFO] :   📤 过滤后数量: 6
2025-12-12 10:45:00 [INFO] :   🗑️ 移除数量: 0
2025-12-12 10:45:00 [INFO] :   📊 过滤率: 0.0%
2025-12-12 10:45:00 [INFO] : ✅ 创建批次记录: batch_20251212_104500_b0b8011e, 工单数: 1
2025-12-12 10:45:00 [INFO] : ✅ 更新批次统计: batch_20251212_104500_b0b8011e, 状态: COMPLETED
2025-12-12 10:45:00 [INFO] : ✅ 保存工单 1949320770337374209 去噪记录成功，批次: batch_20251212_104500_b0b8011e
2025-12-12 10:45:00 [INFO] : ✅ 工单 1949320770337374209 去噪完成: 6 -> 6 条评论
2025-12-12 10:45:00 [INFO] : 🧾 工单 1949320770337374209 首响开关: work_type=URGE_INSTALL, work_table_name=t_work_2025, is_after_sale=False, raw_comments=6, valid_comments=6
2025-12-12 10:45:00 [INFO] : ✅ 工单 1949320770337374209 有 6 条有效评论，构建完成对话数据
2025-12-12 10:45:00 [INFO] : 工单 1949320770337374209 AI状态更新为: PENDING
2025-12-12 10:45:00 [INFO] : 📋 处理工单 1949320754126389249 (9/50) - 评论表: t_work_comment_2025
2025-12-12 10:45:00 [INFO] : 从表 t_work_comment_2025 获取工单 1949320754126389249 的 5 条完整对话记录（包含客户和客服）
2025-12-12 10:45:00 [INFO] : 💭 工单 1949320754126389249 获取到 5 条原始评论
2025-12-12 10:45:00 [INFO] : 🔍 工单 1949320754126389249 开始去噪处理 5 条有效评论...
2025-12-12 10:45:00 [INFO] : 🔍 开始过滤评论，原始数量: 5
2025-12-12 10:45:00 [INFO] : ✅ 评论过滤完成:
2025-12-12 10:45:00 [INFO] :   📥 原始数量: 5
2025-12-12 10:45:00 [INFO] :   📤 过滤后数量: 5
2025-12-12 10:45:00 [INFO] :   🗑️ 移除数量: 0
2025-12-12 10:45:00 [INFO] :   📊 过滤率: 0.0%
2025-12-12 10:45:00 [INFO] : ✅ 创建批次记录: batch_20251212_104500_3cc6cf72, 工单数: 1
2025-12-12 10:45:00 [INFO] : ✅ 更新批次统计: batch_20251212_104500_3cc6cf72, 状态: COMPLETED
2025-12-12 10:45:00 [INFO] : ✅ 保存工单 1949320754126389249 去噪记录成功，批次: batch_20251212_104500_3cc6cf72
2025-12-12 10:45:00 [INFO] : ✅ 工单 1949320754126389249 去噪完成: 5 -> 5 条评论
2025-12-12 10:45:00 [INFO] : ⏳ 工单 1949320754126389249 首响计算开始，评论总数=5
2025-12-12 10:45:00 [INFO] : 👀 工单 1949320754126389249 评论巡检: id=1949320754348687360, user_type=EMPLOYEE, oper_raw=True, is_service=True, is_customer=False, create_time=2025-07-27 12:07:39
2025-12-12 10:45:00 [INFO] : 👀 工单 1949320754126389249 评论巡检: id=1949320791199842304, user_type=EMPLOYEE, oper_raw=True, is_service=True, is_customer=False, create_time=2025-07-27 12:07:47
2025-12-12 10:45:00 [INFO] : 👀 工单 1949320754126389249 评论巡检: id=1949322814070718464, user_type=EMPLOYEE, oper_raw=True, is_service=True, is_customer=False, create_time=2025-07-27 12:15:50
2025-12-12 10:45:00 [INFO] : 👀 工单 1949320754126389249 评论巡检: id=1949323428913741824, user_type=EMPLOYEE, oper_raw=True, is_service=True, is_customer=False, create_time=2025-07-27 12:18:16
2025-12-12 10:45:00 [INFO] : 👀 工单 1949320754126389249 评论巡检: id=1949323455094587392, user_type=EMPLOYEE, oper_raw=True, is_service=True, is_customer=False, create_time=2025-07-27 12:18:23
2025-12-12 10:45:00 [INFO] : ⏱️ 工单 1949320754126389249 首响计算: first_customer_message_time=None, first_service_reply_time=None, response_seconds=None, threshold_seconds=120, is_timeout=False
2025-12-12 10:45:00 [INFO] : 🧾 工单 1949320754126389249 首响开关: work_type=AFTER_SALE, work_table_name=t_work_2025, is_after_sale=True, raw_comments=5, valid_comments=5
2025-12-12 10:45:00 [INFO] : ✅ 工单 1949320754126389249 有 5 条有效评论，构建完成对话数据
2025-12-12 10:45:00 [INFO] : 工单 1949320754126389249 AI状态更新为: PENDING
2025-12-12 10:45:00 [INFO] : 📋 处理工单 1949320746492755969 (10/50) - 评论表: t_work_comment_2025
2025-12-12 10:45:00 [INFO] : 从表 t_work_comment_2025 获取工单 1949320746492755969 的 6 条完整对话记录（包含客户和客服）
2025-12-12 10:45:00 [INFO] : 💭 工单 1949320746492755969 获取到 6 条原始评论
2025-12-12 10:45:00 [INFO] : 🔍 工单 1949320746492755969 开始去噪处理 6 条有效评论...
2025-12-12 10:45:00 [INFO] : 🔍 开始过滤评论，原始数量: 6
2025-12-12 10:45:00 [INFO] : ✅ 评论过滤完成:
2025-12-12 10:45:00 [INFO] :   📥 原始数量: 6
2025-12-12 10:45:00 [INFO] :   📤 过滤后数量: 6
2025-12-12 10:45:00 [INFO] :   🗑️ 移除数量: 0
2025-12-12 10:45:00 [INFO] :   📊 过滤率: 0.0%
2025-12-12 10:45:00 [INFO] : ✅ 创建批次记录: batch_20251212_104500_c39fee40, 工单数: 1
2025-12-12 10:45:00 [INFO] : ✅ 更新批次统计: batch_20251212_104500_c39fee40, 状态: COMPLETED
2025-12-12 10:45:00 [INFO] : ✅ 保存工单 1949320746492755969 去噪记录成功，批次: batch_20251212_104500_c39fee40
2025-12-12 10:45:00 [INFO] : ✅ 工单 1949320746492755969 去噪完成: 6 -> 6 条评论
2025-12-12 10:45:00 [INFO] : ⏳ 工单 1949320746492755969 首响计算开始，评论总数=6
2025-12-12 10:45:00 [INFO] : 👀 工单 1949320746492755969 评论巡检: id=1949320746761191424, user_type=EMPLOYEE, oper_raw=True, is_service=True, is_customer=False, create_time=2025-07-27 12:07:37
2025-12-12 10:45:00 [INFO] : 👀 工单 1949320746492755969 评论巡检: id=1949320811860983808, user_type=EMPLOYEE, oper_raw=True, is_service=True, is_customer=False, create_time=2025-07-27 12:07:52
2025-12-12 10:45:00 [INFO] : 👀 工单 1949320746492755969 评论巡检: id=1949321047778000896, user_type=EMPLOYEE, oper_raw=True, is_service=True, is_customer=False, create_time=2025-07-27 12:08:49
2025-12-12 10:45:00 [INFO] : 👀 工单 1949320746492755969 评论巡检: id=1950469589515108352, user_type=EMPLOYEE, oper_raw=True, is_service=True, is_customer=False, create_time=2025-07-30 16:12:42
2025-12-12 10:45:00 [INFO] : 👀 工单 1949320746492755969 评论巡检: id=1950473608883077120, user_type=EMPLOYEE, oper_raw=True, is_service=True, is_customer=False, create_time=2025-07-30 16:28:41
2025-12-12 10:45:00 [INFO] : 👀 工单 1949320746492755969 评论巡检: id=1951583734528475136, user_type=EMPLOYEE, oper_raw=True, is_service=True, is_customer=False, create_time=2025-08-02 17:59:55
2025-12-12 10:45:00 [INFO] : ⏱️ 工单 1949320746492755969 首响计算: first_customer_message_time=None, first_service_reply_time=None, response_seconds=None, threshold_seconds=120, is_timeout=False
2025-12-12 10:45:00 [INFO] : 🧾 工单 1949320746492755969 首响开关: work_type=AFTER_SALE, work_table_name=t_work_2025, is_after_sale=True, raw_comments=6, valid_comments=6
2025-12-12 10:45:00 [INFO] : ✅ 工单 1949320746492755969 有 6 条有效评论，构建完成对话数据
2025-12-12 10:45:00 [INFO] : 工单 1949320746492755969 AI状态更新为: PENDING
2025-12-12 10:45:00 [INFO] : 📋 处理工单 1949320608030392321 (11/50) - 评论表: t_work_comment_2025
2025-12-12 10:45:00 [INFO] : 从表 t_work_comment_2025 获取工单 1949320608030392321 的 5 条完整对话记录（包含客户和客服）
2025-12-12 10:45:00 [INFO] : 💭 工单 1949320608030392321 获取到 5 条原始评论
2025-12-12 10:45:00 [INFO] : 🔍 工单 1949320608030392321 开始去噪处理 5 条有效评论...
2025-12-12 10:45:00 [INFO] : 🔍 开始过滤评论，原始数量: 5
2025-12-12 10:45:00 [INFO] : ✅ 评论过滤完成:
2025-12-12 10:45:00 [INFO] :   📥 原始数量: 5
2025-12-12 10:45:00 [INFO] :   📤 过滤后数量: 5
2025-12-12 10:45:00 [INFO] :   🗑️ 移除数量: 0
2025-12-12 10:45:00 [INFO] :   📊 过滤率: 0.0%
2025-12-12 10:45:00 [INFO] : ✅ 创建批次记录: batch_20251212_104500_002a2b9b, 工单数: 1
2025-12-12 10:45:00 [INFO] : ✅ 更新批次统计: batch_20251212_104500_002a2b9b, 状态: COMPLETED
2025-12-12 10:45:00 [INFO] : ✅ 保存工单 1949320608030392321 去噪记录成功，批次: batch_20251212_104500_002a2b9b
2025-12-12 10:45:00 [INFO] : ✅ 工单 1949320608030392321 去噪完成: 5 -> 5 条评论
2025-12-12 10:45:00 [INFO] : 🧾 工单 1949320608030392321 首响开关: work_type=EXCHANGE, work_table_name=t_work_2025, is_after_sale=False, raw_comments=5, valid_comments=5
2025-12-12 10:45:00 [INFO] : ✅ 工单 1949320608030392321 有 5 条有效评论，构建完成对话数据
2025-12-12 10:45:00 [INFO] : 工单 1949320608030392321 AI状态更新为: PENDING
2025-12-12 10:45:00 [INFO] : 📋 处理工单 1949320498848464897 (12/50) - 评论表: t_work_comment_2025
2025-12-12 10:45:00 [INFO] : 从表 t_work_comment_2025 获取工单 1949320498848464897 的 4 条完整对话记录（包含客户和客服）
2025-12-12 10:45:00 [INFO] : 💭 工单 1949320498848464897 获取到 4 条原始评论
2025-12-12 10:45:00 [INFO] : 🔍 工单 1949320498848464897 开始去噪处理 4 条有效评论...
2025-12-12 10:45:00 [INFO] : 🔍 开始过滤评论，原始数量: 4
2025-12-12 10:45:00 [INFO] : ✅ 评论过滤完成:
2025-12-12 10:45:00 [INFO] :   📥 原始数量: 4
2025-12-12 10:45:00 [INFO] :   📤 过滤后数量: 4
2025-12-12 10:45:00 [INFO] :   🗑️ 移除数量: 0
2025-12-12 10:45:00 [INFO] :   📊 过滤率: 0.0%
2025-12-12 10:45:00 [INFO] : ✅ 创建批次记录: batch_20251212_104500_ab83b5c0, 工单数: 1
2025-12-12 10:45:00 [INFO] : ✅ 更新批次统计: batch_20251212_104500_ab83b5c0, 状态: COMPLETED
2025-12-12 10:45:00 [INFO] : ✅ 保存工单 1949320498848464897 去噪记录成功，批次: batch_20251212_104500_ab83b5c0
2025-12-12 10:45:00 [INFO] : ✅ 工单 1949320498848464897 去噪完成: 4 -> 4 条评论
2025-12-12 10:45:00 [INFO] : 🧾 工单 1949320498848464897 首响开关: work_type=URGE_INSTALL, work_table_name=t_work_2025, is_after_sale=False, raw_comments=4, valid_comments=4
2025-12-12 10:45:00 [INFO] : ✅ 工单 1949320498848464897 有 4 条有效评论，构建完成对话数据
2025-12-12 10:45:00 [INFO] : 工单 1949320498848464897 AI状态更新为: PENDING
2025-12-12 10:45:00 [INFO] : 📋 处理工单 1949320463230435329 (13/50) - 评论表: t_work_comment_2025
2025-12-12 10:45:00 [INFO] : 从表 t_work_comment_2025 获取工单 1949320463230435329 的 6 条完整对话记录（包含客户和客服）
2025-12-12 10:45:00 [INFO] : 💭 工单 1949320463230435329 获取到 6 条原始评论
2025-12-12 10:45:00 [INFO] : 🔍 工单 1949320463230435329 开始去噪处理 5 条有效评论...
2025-12-12 10:45:00 [INFO] : 🔍 开始过滤评论，原始数量: 5
2025-12-12 10:45:00 [INFO] : ✅ 评论过滤完成:
2025-12-12 10:45:00 [INFO] :   📥 原始数量: 5
2025-12-12 10:45:00 [INFO] :   📤 过滤后数量: 5
2025-12-12 10:45:00 [INFO] :   🗑️ 移除数量: 0
2025-12-12 10:45:00 [INFO] :   📊 过滤率: 0.0%
2025-12-12 10:45:00 [INFO] : ✅ 创建批次记录: batch_20251212_104500_e6648ed7, 工单数: 1
2025-12-12 10:45:00 [INFO] : ✅ 更新批次统计: batch_20251212_104500_e6648ed7, 状态: COMPLETED
2025-12-12 10:45:00 [INFO] : ✅ 保存工单 1949320463230435329 去噪记录成功，批次: batch_20251212_104500_e6648ed7
2025-12-12 10:45:00 [INFO] : ✅ 工单 1949320463230435329 去噪完成: 5 -> 5 条评论
2025-12-12 10:45:00 [INFO] : 🧾 工单 1949320463230435329 首响开关: work_type=EXCHANGE, work_table_name=t_work_2025, is_after_sale=False, raw_comments=6, valid_comments=5
2025-12-12 10:45:00 [INFO] : ✅ 工单 1949320463230435329 有 5 条有效评论，构建完成对话数据
2025-12-12 10:45:00 [INFO] : 工单 1949320463230435329 AI状态更新为: PENDING
2025-12-12 10:45:00 [INFO] : 📋 处理工单 1949322389871394817 (14/50) - 评论表: t_work_comment_2025
2025-12-12 10:45:00 [INFO] : 从表 t_work_comment_2025 获取工单 1949322389871394817 的 4 条完整对话记录（包含客户和客服）
2025-12-12 10:45:00 [INFO] : 💭 工单 1949322389871394817 获取到 4 条原始评论
2025-12-12 10:45:00 [INFO] : 🔍 工单 1949322389871394817 开始去噪处理 4 条有效评论...
2025-12-12 10:45:00 [INFO] : 🔍 开始过滤评论，原始数量: 4
2025-12-12 10:45:00 [INFO] : ✅ 评论过滤完成:
2025-12-12 10:45:00 [INFO] :   📥 原始数量: 4
2025-12-12 10:45:00 [INFO] :   📤 过滤后数量: 4
2025-12-12 10:45:00 [INFO] :   🗑️ 移除数量: 0
2025-12-12 10:45:00 [INFO] :   📊 过滤率: 0.0%
2025-12-12 10:45:00 [INFO] : ✅ 创建批次记录: batch_20251212_104500_69281f71, 工单数: 1
2025-12-12 10:45:00 [INFO] : ✅ 更新批次统计: batch_20251212_104500_69281f71, 状态: COMPLETED
2025-12-12 10:45:00 [INFO] : ✅ 保存工单 1949322389871394817 去噪记录成功，批次: batch_20251212_104500_69281f71
2025-12-12 10:45:00 [INFO] : ✅ 工单 1949322389871394817 去噪完成: 4 -> 4 条评论
2025-12-12 10:45:00 [INFO] : 🧾 工单 1949322389871394817 首响开关: work_type=URGE_INSTALL, work_table_name=t_work_2025, is_after_sale=False, raw_comments=4, valid_comments=4
2025-12-12 10:45:00 [INFO] : ✅ 工单 1949322389871394817 有 4 条有效评论，构建完成对话数据
2025-12-12 10:45:00 [INFO] : 工单 1949322389871394817 AI状态更新为: PENDING
2025-12-12 10:45:00 [INFO] : 📋 处理工单 1949320368711794689 (15/50) - 评论表: t_work_comment_2025
2025-12-12 10:45:00 [INFO] : 从表 t_work_comment_2025 获取工单 1949320368711794689 的 14 条完整对话记录（包含客户和客服）
2025-12-12 10:45:00 [INFO] : 💭 工单 1949320368711794689 获取到 14 条原始评论
2025-12-12 10:45:00 [INFO] : 🔍 工单 1949320368711794689 开始去噪处理 13 条有效评论...
2025-12-12 10:45:00 [INFO] : 🔍 开始过滤评论，原始数量: 13
2025-12-12 10:45:00 [INFO] : ✅ 评论过滤完成:
2025-12-12 10:45:00 [INFO] :   📥 原始数量: 13
2025-12-12 10:45:00 [INFO] :   📤 过滤后数量: 13
2025-12-12 10:45:00 [INFO] :   🗑️ 移除数量: 0
2025-12-12 10:45:00 [INFO] :   📊 过滤率: 0.0%
2025-12-12 10:45:00 [INFO] : ✅ 创建批次记录: batch_20251212_104500_79228d01, 工单数: 1
2025-12-12 10:45:00 [INFO] : ✅ 更新批次统计: batch_20251212_104500_79228d01, 状态: COMPLETED
2025-12-12 10:45:00 [INFO] : ✅ 保存工单 1949320368711794689 去噪记录成功，批次: batch_20251212_104500_79228d01
2025-12-12 10:45:00 [INFO] : ✅ 工单 1949320368711794689 去噪完成: 13 -> 13 条评论
2025-12-12 10:45:00 [INFO] : ⏳ 工单 1949320368711794689 首响计算开始，评论总数=14
2025-12-12 10:45:00 [INFO] : 👀 工单 1949320368711794689 评论巡检: id=1949320368929898496, user_type=EMPLOYEE, oper_raw=True, is_service=True, is_customer=False, create_time=2025-07-27 12:06:07
2025-12-12 10:45:00 [INFO] : 👀 工单 1949320368711794689 评论巡检: id=1949320377863766016, user_type=EMPLOYEE, oper_raw=True, is_service=True, is_customer=False, create_time=2025-07-27 12:06:09
2025-12-12 10:45:00 [INFO] : 👀 工单 1949320368711794689 评论巡检: id=1949323635189612544, user_type=EMPLOYEE, oper_raw=True, is_service=True, is_customer=False, create_time=2025-07-27 12:19:05
2025-12-12 10:45:00 [INFO] : 👀 工单 1949320368711794689 评论巡检: id=1952175536616767488, user_type=SELLER, oper_raw=True, is_service=False, is_customer=True, create_time=2025-08-04 09:11:32
2025-12-12 10:45:00 [INFO] : 🎯 工单 1949320368711794689 首条客户消息锁定: 2025-08-04 09:11:32
2025-12-12 10:45:00 [INFO] : 👀 工单 1949320368711794689 评论巡检: id=1952175604858093568, user_type=EMPLOYEE, oper_raw=True, is_service=True, is_customer=False, create_time=2025-08-04 09:11:48
2025-12-12 10:45:00 [INFO] : 🎯 工单 1949320368711794689 首条客服回复锁定: 2025-08-04 09:11:48
2025-12-12 10:45:00 [INFO] : ⏱️ 工单 1949320368711794689 首响计算: first_customer_message_time=2025-08-04 09:11:32, first_service_reply_time=2025-08-04 09:11:48, response_seconds=16, threshold_seconds=120, is_timeout=False
2025-12-12 10:45:00 [INFO] : 🧾 工单 1949320368711794689 首响开关: work_type=AFTER_SALE, work_table_name=t_work_2025, is_after_sale=True, raw_comments=14, valid_comments=13
2025-12-12 10:45:00 [INFO] : ✅ 工单 1949320368711794689 有 13 条有效评论，构建完成对话数据
2025-12-12 10:45:00 [INFO] : 工单 1949320368711794689 AI状态更新为: PENDING
2025-12-12 10:45:00 [INFO] : 📋 处理工单 1949320158568775681 (16/50) - 评论表: t_work_comment_2025
2025-12-12 10:45:00 [INFO] : 从表 t_work_comment_2025 获取工单 1949320158568775681 的 4 条完整对话记录（包含客户和客服）
2025-12-12 10:45:00 [INFO] : 💭 工单 1949320158568775681 获取到 4 条原始评论
2025-12-12 10:45:00 [INFO] : 🔍 工单 1949320158568775681 开始去噪处理 4 条有效评论...
2025-12-12 10:45:00 [INFO] : 🔍 开始过滤评论，原始数量: 4
2025-12-12 10:45:00 [INFO] : ✅ 评论过滤完成:
2025-12-12 10:45:00 [INFO] :   📥 原始数量: 4
2025-12-12 10:45:00 [INFO] :   📤 过滤后数量: 4
2025-12-12 10:45:00 [INFO] :   🗑️ 移除数量: 0
2025-12-12 10:45:00 [INFO] :   📊 过滤率: 0.0%
2025-12-12 10:45:00 [INFO] : ✅ 创建批次记录: batch_20251212_104500_5e2a2c30, 工单数: 1
2025-12-12 10:45:00 [INFO] : ✅ 更新批次统计: batch_20251212_104500_5e2a2c30, 状态: COMPLETED
2025-12-12 10:45:00 [INFO] : ✅ 保存工单 1949320158568775681 去噪记录成功，批次: batch_20251212_104500_5e2a2c30
2025-12-12 10:45:00 [INFO] : ✅ 工单 1949320158568775681 去噪完成: 4 -> 4 条评论
2025-12-12 10:45:00 [INFO] : ⏳ 工单 1949320158568775681 首响计算开始，评论总数=4
2025-12-12 10:45:00 [INFO] : 👀 工单 1949320158568775681 评论巡检: id=1949320158795268096, user_type=EMPLOYEE, oper_raw=True, is_service=True, is_customer=False, create_time=2025-07-27 12:05:17
2025-12-12 10:45:00 [INFO] : 👀 工单 1949320158568775681 评论巡检: id=1949321571512352768, user_type=EMPLOYEE, oper_raw=True, is_service=True, is_customer=False, create_time=2025-07-27 12:10:53
2025-12-12 10:45:00 [INFO] : 👀 工单 1949320158568775681 评论巡检: id=1949323680127385600, user_type=EMPLOYEE, oper_raw=True, is_service=True, is_customer=False, create_time=2025-07-27 12:19:16
2025-12-12 10:45:00 [INFO] : 👀 工单 1949320158568775681 评论巡检: id=1949349057709211648, user_type=EMPLOYEE, oper_raw=True, is_service=True, is_customer=False, create_time=2025-07-27 14:00:07
2025-12-12 10:45:00 [INFO] : ⏱️ 工单 1949320158568775681 首响计算: first_customer_message_time=None, first_service_reply_time=None, response_seconds=None, threshold_seconds=120, is_timeout=False
2025-12-12 10:45:00 [INFO] : 🧾 工单 1949320158568775681 首响开关: work_type=AFTER_SALE, work_table_name=t_work_2025, is_after_sale=True, raw_comments=4, valid_comments=4
2025-12-12 10:45:00 [INFO] : ✅ 工单 1949320158568775681 有 4 条有效评论，构建完成对话数据
2025-12-12 10:45:00 [INFO] : 工单 1949320158568775681 AI状态更新为: PENDING
2025-12-12 10:45:00 [INFO] : 📋 处理工单 1949319975479017473 (17/50) - 评论表: t_work_comment_2025
2025-12-12 10:45:00 [INFO] : 从表 t_work_comment_2025 获取工单 1949319975479017473 的 20 条完整对话记录（包含客户和客服）
2025-12-12 10:45:00 [INFO] : 💭 工单 1949319975479017473 获取到 20 条原始评论
2025-12-12 10:45:00 [INFO] : 🔍 工单 1949319975479017473 开始去噪处理 15 条有效评论...
2025-12-12 10:45:00 [INFO] : 🔍 开始过滤评论，原始数量: 15
2025-12-12 10:45:00 [INFO] : ✅ 评论过滤完成:
2025-12-12 10:45:00 [INFO] :   📥 原始数量: 15
2025-12-12 10:45:00 [INFO] :   📤 过滤后数量: 15
2025-12-12 10:45:00 [INFO] :   🗑️ 移除数量: 0
2025-12-12 10:45:00 [INFO] :   📊 过滤率: 0.0%
2025-12-12 10:45:00 [INFO] : ✅ 创建批次记录: batch_20251212_104500_18d5ebca, 工单数: 1
2025-12-12 10:45:00 [INFO] : ✅ 更新批次统计: batch_20251212_104500_18d5ebca, 状态: COMPLETED
2025-12-12 10:45:00 [INFO] : ✅ 保存工单 1949319975479017473 去噪记录成功，批次: batch_20251212_104500_18d5ebca
2025-12-12 10:45:00 [INFO] : ✅ 工单 1949319975479017473 去噪完成: 15 -> 15 条评论
2025-12-12 10:45:00 [INFO] : ⏳ 工单 1949319975479017473 首响计算开始，评论总数=20
2025-12-12 10:45:00 [INFO] : 👀 工单 1949319975479017473 评论巡检: id=1949319975697121280, user_type=SELLER, oper_raw=True, is_service=False, is_customer=True, create_time=2025-07-27 12:04:33
2025-12-12 10:45:00 [INFO] : 🎯 工单 1949319975479017473 首条客户消息锁定: 2025-07-27 12:04:33
2025-12-12 10:45:00 [INFO] : 👀 工单 1949319975479017473 评论巡检: id=1949320015371042816, user_type=EMPLOYEE, oper_raw=True, is_service=True, is_customer=False, create_time=2025-07-27 12:04:42
2025-12-12 10:45:00 [INFO] : 🎯 工单 1949319975479017473 首条客服回复锁定: 2025-07-27 12:04:42
2025-12-12 10:45:00 [INFO] : ⏱️ 工单 1949319975479017473 首响计算: first_customer_message_time=2025-07-27 12:04:33, first_service_reply_time=2025-07-27 12:04:42, response_seconds=9, threshold_seconds=120, is_timeout=False
2025-12-12 10:45:00 [INFO] : 🧾 工单 1949319975479017473 首响开关: work_type=AFTER_SALE, work_table_name=t_work_2025, is_after_sale=True, raw_comments=20, valid_comments=15
2025-12-12 10:45:00 [INFO] : ✅ 工单 1949319975479017473 有 15 条有效评论，构建完成对话数据
2025-12-12 10:45:00 [INFO] : 工单 1949319975479017473 AI状态更新为: PENDING
2025-12-12 10:45:00 [INFO] : 📋 处理工单 1949319932697116673 (18/50) - 评论表: t_work_comment_2025
2025-12-12 10:45:00 [INFO] : 从表 t_work_comment_2025 获取工单 1949319932697116673 的 4 条完整对话记录（包含客户和客服）
2025-12-12 10:45:00 [INFO] : 💭 工单 1949319932697116673 获取到 4 条原始评论
2025-12-12 10:45:00 [INFO] : 🔍 工单 1949319932697116673 开始去噪处理 3 条有效评论...
2025-12-12 10:45:00 [INFO] : 🔍 开始过滤评论，原始数量: 3
2025-12-12 10:45:00 [INFO] : ✅ 评论过滤完成:
2025-12-12 10:45:00 [INFO] :   📥 原始数量: 3
2025-12-12 10:45:00 [INFO] :   📤 过滤后数量: 3
2025-12-12 10:45:00 [INFO] :   🗑️ 移除数量: 0
2025-12-12 10:45:00 [INFO] :   📊 过滤率: 0.0%
2025-12-12 10:45:00 [INFO] : ✅ 创建批次记录: batch_20251212_104500_a67501dc, 工单数: 1
2025-12-12 10:45:00 [INFO] : ✅ 更新批次统计: batch_20251212_104500_a67501dc, 状态: COMPLETED
2025-12-12 10:45:00 [INFO] : ✅ 保存工单 1949319932697116673 去噪记录成功，批次: batch_20251212_104500_a67501dc
2025-12-12 10:45:00 [INFO] : ✅ 工单 1949319932697116673 去噪完成: 3 -> 3 条评论
2025-12-12 10:45:00 [INFO] : 🧾 工单 1949319932697116673 首响开关: work_type=REPAIR_CHU_JIU, work_table_name=t_work_2025, is_after_sale=False, raw_comments=4, valid_comments=3
2025-12-12 10:45:00 [INFO] : ✅ 工单 1949319932697116673 有 3 条有效评论，构建完成对话数据
2025-12-12 10:45:00 [INFO] : 工单 1949319932697116673 AI状态更新为: PENDING
2025-12-12 10:45:00 [INFO] : 📋 处理工单 1949319910970621953 (19/50) - 评论表: t_work_comment_2025
2025-12-12 10:45:00 [INFO] : 从表 t_work_comment_2025 获取工单 1949319910970621953 的 6 条完整对话记录（包含客户和客服）
2025-12-12 10:45:00 [INFO] : 💭 工单 1949319910970621953 获取到 6 条原始评论
2025-12-12 10:45:00 [INFO] : 🔍 工单 1949319910970621953 开始去噪处理 6 条有效评论...
2025-12-12 10:45:00 [INFO] : 🔍 开始过滤评论，原始数量: 6
2025-12-12 10:45:00 [INFO] : ✅ 评论过滤完成:
2025-12-12 10:45:00 [INFO] :   📥 原始数量: 6
2025-12-12 10:45:00 [INFO] :   📤 过滤后数量: 6
2025-12-12 10:45:00 [INFO] :   🗑️ 移除数量: 0
2025-12-12 10:45:00 [INFO] :   📊 过滤率: 0.0%
2025-12-12 10:45:00 [INFO] : ✅ 创建批次记录: batch_20251212_104500_f943572a, 工单数: 1
2025-12-12 10:45:00 [INFO] : ✅ 更新批次统计: batch_20251212_104500_f943572a, 状态: COMPLETED
2025-12-12 10:45:00 [INFO] : ✅ 保存工单 1949319910970621953 去噪记录成功，批次: batch_20251212_104500_f943572a
2025-12-12 10:45:00 [INFO] : ✅ 工单 1949319910970621953 去噪完成: 6 -> 6 条评论
2025-12-12 10:45:00 [INFO] : ⏳ 工单 1949319910970621953 首响计算开始，评论总数=6
2025-12-12 10:45:00 [INFO] : 👀 工单 1949319910970621953 评论巡检: id=1949319911184531456, user_type=SELLER, oper_raw=True, is_service=False, is_customer=True, create_time=2025-07-27 12:04:18
2025-12-12 10:45:00 [INFO] : 🎯 工单 1949319910970621953 首条客户消息锁定: 2025-07-27 12:04:18
2025-12-12 10:45:00 [INFO] : 👀 工单 1949319910970621953 评论巡检: id=1949319957036662784, user_type=EMPLOYEE, oper_raw=True, is_service=True, is_customer=False, create_time=2025-07-27 12:04:29
2025-12-12 10:45:00 [INFO] : 🎯 工单 1949319910970621953 首条客服回复锁定: 2025-07-27 12:04:29
2025-12-12 10:45:00 [INFO] : ⏱️ 工单 1949319910970621953 首响计算: first_customer_message_time=2025-07-27 12:04:18, first_service_reply_time=2025-07-27 12:04:29, response_seconds=11, threshold_seconds=120, is_timeout=False
2025-12-12 10:45:00 [INFO] : 🧾 工单 1949319910970621953 首响开关: work_type=AFTER_SALE, work_table_name=t_work_2025, is_after_sale=True, raw_comments=6, valid_comments=6
2025-12-12 10:45:00 [INFO] : ✅ 工单 1949319910970621953 有 6 条有效评论，构建完成对话数据
2025-12-12 10:45:00 [INFO] : 工单 1949319910970621953 AI状态更新为: PENDING
2025-12-12 10:45:00 [INFO] : 📋 处理工单 1949319854494318593 (20/50) - 评论表: t_work_comment_2025
2025-12-12 10:45:00 [INFO] : 从表 t_work_comment_2025 获取工单 1949319854494318593 的 8 条完整对话记录（包含客户和客服）
2025-12-12 10:45:00 [INFO] : 💭 工单 1949319854494318593 获取到 8 条原始评论
2025-12-12 10:45:00 [INFO] : 🔍 工单 1949319854494318593 开始去噪处理 7 条有效评论...
2025-12-12 10:45:00 [INFO] : 🔍 开始过滤评论，原始数量: 7
2025-12-12 10:45:00 [INFO] : ✅ 评论过滤完成:
2025-12-12 10:45:00 [INFO] :   📥 原始数量: 7
2025-12-12 10:45:00 [INFO] :   📤 过滤后数量: 7
2025-12-12 10:45:00 [INFO] :   🗑️ 移除数量: 0
2025-12-12 10:45:00 [INFO] :   📊 过滤率: 0.0%
2025-12-12 10:45:00 [INFO] : ✅ 创建批次记录: batch_20251212_104500_e4db984d, 工单数: 1
2025-12-12 10:45:00 [INFO] : ✅ 更新批次统计: batch_20251212_104500_e4db984d, 状态: COMPLETED
2025-12-12 10:45:00 [INFO] : ✅ 保存工单 1949319854494318593 去噪记录成功，批次: batch_20251212_104500_e4db984d
2025-12-12 10:45:00 [INFO] : ✅ 工单 1949319854494318593 去噪完成: 7 -> 7 条评论
2025-12-12 10:45:00 [INFO] : ⏳ 工单 1949319854494318593 首响计算开始，评论总数=8
2025-12-12 10:45:00 [INFO] : 👀 工单 1949319854494318593 评论巡检: id=1949319854712422400, user_type=EMPLOYEE, oper_raw=True, is_service=True, is_customer=False, create_time=2025-07-27 12:04:04
2025-12-12 10:45:00 [INFO] : 👀 工单 1949319854494318593 评论巡检: id=1949319881828597760, user_type=EMPLOYEE, oper_raw=True, is_service=True, is_customer=False, create_time=2025-07-27 12:04:11
2025-12-12 10:45:00 [INFO] : 👀 工单 1949319854494318593 评论巡检: id=1949320699386527744, user_type=EMPLOYEE, oper_raw=True, is_service=True, is_customer=False, create_time=2025-07-27 12:07:26
2025-12-12 10:45:00 [INFO] : 👀 工单 1949319854494318593 评论巡检: id=1950823352675336192, user_type=EMPLOYEE, oper_raw=True, is_service=True, is_customer=False, create_time=2025-07-31 15:38:26
2025-12-12 10:45:00 [INFO] : 👀 工单 1949319854494318593 评论巡检: id=1951132415040684032, user_type=EMPLOYEE, oper_raw=True, is_service=True, is_customer=False, create_time=2025-08-01 12:06:32
2025-12-12 10:45:00 [INFO] : 👀 工单 1949319854494318593 评论巡检: id=1951132483743383552, user_type=EMPLOYEE, oper_raw=True, is_service=True, is_customer=False, create_time=2025-08-01 12:06:49
2025-12-12 10:45:00 [INFO] : 👀 工单 1949319854494318593 评论巡检: id=1951132762756874240, user_type=EMPLOYEE, oper_raw=True, is_service=True, is_customer=False, create_time=2025-08-01 12:07:55
2025-12-12 10:45:00 [INFO] : 👀 工单 1949319854494318593 评论巡检: id=1952953296289267712, user_type=EMPLOYEE, oper_raw=True, is_service=True, is_customer=False, create_time=2025-08-06 12:42:04
2025-12-12 10:45:00 [INFO] : ⏱️ 工单 1949319854494318593 首响计算: first_customer_message_time=None, first_service_reply_time=None, response_seconds=None, threshold_seconds=120, is_timeout=False
2025-12-12 10:45:00 [INFO] : 🧾 工单 1949319854494318593 首响开关: work_type=AFTER_SALE, work_table_name=t_work_2025, is_after_sale=True, raw_comments=8, valid_comments=7
2025-12-12 10:45:00 [INFO] : ✅ 工单 1949319854494318593 有 7 条有效评论，构建完成对话数据
2025-12-12 10:45:00 [INFO] : 工单 1949319854494318593 AI状态更新为: PENDING
2025-12-12 10:45:00 [INFO] : 📋 处理工单 1949319728115744769 (21/50) - 评论表: t_work_comment_2025
2025-12-12 10:45:00 [INFO] : 从表 t_work_comment_2025 获取工单 1949319728115744769 的 5 条完整对话记录（包含客户和客服）
2025-12-12 10:45:00 [INFO] : 💭 工单 1949319728115744769 获取到 5 条原始评论
2025-12-12 10:45:00 [INFO] : 🔍 工单 1949319728115744769 开始去噪处理 5 条有效评论...
2025-12-12 10:45:00 [INFO] : 🔍 开始过滤评论，原始数量: 5
2025-12-12 10:45:00 [INFO] : ✅ 评论过滤完成:
2025-12-12 10:45:00 [INFO] :   📥 原始数量: 5
2025-12-12 10:45:00 [INFO] :   📤 过滤后数量: 5
2025-12-12 10:45:00 [INFO] :   🗑️ 移除数量: 0
2025-12-12 10:45:00 [INFO] :   📊 过滤率: 0.0%
2025-12-12 10:45:00 [INFO] : ✅ 创建批次记录: batch_20251212_104500_93428a6d, 工单数: 1
2025-12-12 10:45:00 [INFO] : ✅ 更新批次统计: batch_20251212_104500_93428a6d, 状态: COMPLETED
2025-12-12 10:45:00 [INFO] : ✅ 保存工单 1949319728115744769 去噪记录成功，批次: batch_20251212_104500_93428a6d
2025-12-12 10:45:00 [INFO] : ✅ 工单 1949319728115744769 去噪完成: 5 -> 5 条评论
2025-12-12 10:45:00 [INFO] : 🧾 工单 1949319728115744769 首响开关: work_type=EXCHANGE, work_table_name=t_work_2025, is_after_sale=False, raw_comments=5, valid_comments=5
2025-12-12 10:45:00 [INFO] : ✅ 工单 1949319728115744769 有 5 条有效评论，构建完成对话数据
2025-12-12 10:45:00 [INFO] : 工单 1949319728115744769 AI状态更新为: PENDING
2025-12-12 10:45:00 [INFO] : 📋 处理工单 1949319603070959617 (22/50) - 评论表: t_work_comment_2025
2025-12-12 10:45:00 [INFO] : 从表 t_work_comment_2025 获取工单 1949319603070959617 的 2 条完整对话记录（包含客户和客服）
2025-12-12 10:45:00 [INFO] : 💭 工单 1949319603070959617 获取到 2 条原始评论
2025-12-12 10:45:00 [INFO] : 🔍 工单 1949319603070959617 开始去噪处理 2 条有效评论...
2025-12-12 10:45:00 [INFO] : 🔍 开始过滤评论，原始数量: 2
2025-12-12 10:45:00 [INFO] : ✅ 评论过滤完成:
2025-12-12 10:45:00 [INFO] :   📥 原始数量: 2
2025-12-12 10:45:00 [INFO] :   📤 过滤后数量: 2
2025-12-12 10:45:00 [INFO] :   🗑️ 移除数量: 0
2025-12-12 10:45:00 [INFO] :   📊 过滤率: 0.0%
2025-12-12 10:45:00 [INFO] : ✅ 创建批次记录: batch_20251212_104500_1d53908b, 工单数: 1
2025-12-12 10:45:00 [INFO] : ✅ 更新批次统计: batch_20251212_104500_1d53908b, 状态: COMPLETED
2025-12-12 10:45:00 [INFO] : ✅ 保存工单 1949319603070959617 去噪记录成功，批次: batch_20251212_104500_1d53908b
2025-12-12 10:45:00 [INFO] : ✅ 工单 1949319603070959617 去噪完成: 2 -> 2 条评论
2025-12-12 10:45:00 [INFO] : 🧾 工单 1949319603070959617 首响开关: work_type=URGE_PAYMENT, work_table_name=t_work_2025, is_after_sale=False, raw_comments=2, valid_comments=2
2025-12-12 10:45:00 [INFO] : ✅ 工单 1949319603070959617 有 2 条有效评论，构建完成对话数据
2025-12-12 10:45:00 [INFO] : 工单 1949319603070959617 AI状态更新为: PENDING
2025-12-12 10:45:00 [INFO] : 📋 处理工单 1949319249868619777 (23/50) - 评论表: t_work_comment_2025
2025-12-12 10:45:00 [INFO] : 从表 t_work_comment_2025 获取工单 1949319249868619777 的 8 条完整对话记录（包含客户和客服）
2025-12-12 10:45:00 [INFO] : 💭 工单 1949319249868619777 获取到 8 条原始评论
2025-12-12 10:45:00 [INFO] : 🔍 工单 1949319249868619777 开始去噪处理 6 条有效评论...
2025-12-12 10:45:00 [INFO] : 🔍 开始过滤评论，原始数量: 6
2025-12-12 10:45:00 [INFO] : ✅ 评论过滤完成:
2025-12-12 10:45:00 [INFO] :   📥 原始数量: 6
2025-12-12 10:45:00 [INFO] :   📤 过滤后数量: 6
2025-12-12 10:45:00 [INFO] :   🗑️ 移除数量: 0
2025-12-12 10:45:00 [INFO] :   📊 过滤率: 0.0%
2025-12-12 10:45:00 [INFO] : ✅ 创建批次记录: batch_20251212_104500_477d3583, 工单数: 1
2025-12-12 10:45:00 [INFO] : ✅ 更新批次统计: batch_20251212_104500_477d3583, 状态: COMPLETED
2025-12-12 10:45:00 [INFO] : ✅ 保存工单 1949319249868619777 去噪记录成功，批次: batch_20251212_104500_477d3583
2025-12-12 10:45:00 [INFO] : ✅ 工单 1949319249868619777 去噪完成: 6 -> 6 条评论
2025-12-12 10:45:00 [INFO] : 🧾 工单 1949319249868619777 首响开关: work_type=EXCHANGE, work_table_name=t_work_2025, is_after_sale=False, raw_comments=8, valid_comments=6
2025-12-12 10:45:00 [INFO] : ✅ 工单 1949319249868619777 有 6 条有效评论，构建完成对话数据
2025-12-12 10:45:00 [INFO] : 工单 1949319249868619777 AI状态更新为: PENDING
2025-12-12 10:45:00 [INFO] : 📋 处理工单 1949319214841987073 (24/50) - 评论表: t_work_comment_2025
2025-12-12 10:45:00 [INFO] : 从表 t_work_comment_2025 获取工单 1949319214841987073 的 6 条完整对话记录（包含客户和客服）
2025-12-12 10:45:00 [INFO] : 💭 工单 1949319214841987073 获取到 6 条原始评论
2025-12-12 10:45:00 [INFO] : 🔍 工单 1949319214841987073 开始去噪处理 5 条有效评论...
2025-12-12 10:45:00 [INFO] : 🔍 开始过滤评论，原始数量: 5
2025-12-12 10:45:00 [INFO] : ✅ 评论过滤完成:
2025-12-12 10:45:00 [INFO] :   📥 原始数量: 5
2025-12-12 10:45:00 [INFO] :   📤 过滤后数量: 5
2025-12-12 10:45:00 [INFO] :   🗑️ 移除数量: 0
2025-12-12 10:45:00 [INFO] :   📊 过滤率: 0.0%
2025-12-12 10:45:00 [INFO] : ✅ 创建批次记录: batch_20251212_104500_ea72eebe, 工单数: 1
2025-12-12 10:45:00 [INFO] : ✅ 更新批次统计: batch_20251212_104500_ea72eebe, 状态: COMPLETED
2025-12-12 10:45:00 [INFO] : ✅ 保存工单 1949319214841987073 去噪记录成功，批次: batch_20251212_104500_ea72eebe
2025-12-12 10:45:00 [INFO] : ✅ 工单 1949319214841987073 去噪完成: 5 -> 5 条评论
2025-12-12 10:45:00 [INFO] : 🧾 工单 1949319214841987073 首响开关: work_type=EXCHANGE, work_table_name=t_work_2025, is_after_sale=False, raw_comments=6, valid_comments=5
2025-12-12 10:45:00 [INFO] : ✅ 工单 1949319214841987073 有 5 条有效评论，构建完成对话数据
2025-12-12 10:45:00 [INFO] : 工单 1949319214841987073 AI状态更新为: PENDING
2025-12-12 10:45:00 [INFO] : 📋 处理工单 1949319104812810241 (25/50) - 评论表: t_work_comment_2025
2025-12-12 10:45:00 [INFO] : 从表 t_work_comment_2025 获取工单 1949319104812810241 的 3 条完整对话记录（包含客户和客服）
2025-12-12 10:45:00 [INFO] : 💭 工单 1949319104812810241 获取到 3 条原始评论
2025-12-12 10:45:00 [INFO] : 🔍 工单 1949319104812810241 开始去噪处理 3 条有效评论...
2025-12-12 10:45:00 [INFO] : 🔍 开始过滤评论，原始数量: 3
2025-12-12 10:45:00 [INFO] : ✅ 评论过滤完成:
2025-12-12 10:45:00 [INFO] :   📥 原始数量: 3
2025-12-12 10:45:00 [INFO] :   📤 过滤后数量: 3
2025-12-12 10:45:00 [INFO] :   🗑️ 移除数量: 0
2025-12-12 10:45:00 [INFO] :   📊 过滤率: 0.0%
2025-12-12 10:45:00 [INFO] : ✅ 创建批次记录: batch_20251212_104500_2a923f77, 工单数: 1
2025-12-12 10:45:00 [INFO] : ✅ 更新批次统计: batch_20251212_104500_2a923f77, 状态: COMPLETED
2025-12-12 10:45:00 [INFO] : ✅ 保存工单 1949319104812810241 去噪记录成功，批次: batch_20251212_104500_2a923f77
2025-12-12 10:45:00 [INFO] : ✅ 工单 1949319104812810241 去噪完成: 3 -> 3 条评论
2025-12-12 10:45:00 [INFO] : ⏳ 工单 1949319104812810241 首响计算开始，评论总数=3
2025-12-12 10:45:00 [INFO] : 👀 工单 1949319104812810241 评论巡检: id=1949319105035108352, user_type=SELLER, oper_raw=True, is_service=False, is_customer=True, create_time=2025-07-27 12:01:05
2025-12-12 10:45:00 [INFO] : 🎯 工单 1949319104812810241 首条客户消息锁定: 2025-07-27 12:01:05
2025-12-12 10:45:00 [INFO] : 👀 工单 1949319104812810241 评论巡检: id=1949319131295645696, user_type=EMPLOYEE, oper_raw=True, is_service=True, is_customer=False, create_time=2025-07-27 12:01:12
2025-12-12 10:45:00 [INFO] : 🎯 工单 1949319104812810241 首条客服回复锁定: 2025-07-27 12:01:12
2025-12-12 10:45:00 [INFO] : ⏱️ 工单 1949319104812810241 首响计算: first_customer_message_time=2025-07-27 12:01:05, first_service_reply_time=2025-07-27 12:01:12, response_seconds=7, threshold_seconds=120, is_timeout=False
2025-12-12 10:45:00 [INFO] : 🧾 工单 1949319104812810241 首响开关: work_type=AFTER_SALE, work_table_name=t_work_2025, is_after_sale=True, raw_comments=3, valid_comments=3
2025-12-12 10:45:00 [INFO] : ✅ 工单 1949319104812810241 有 3 条有效评论，构建完成对话数据
2025-12-12 10:45:00 [INFO] : 工单 1949319104812810241 AI状态更新为: PENDING
2025-12-12 10:45:00 [INFO] : 📋 处理工单 1949321013145632769 (26/50) - 评论表: t_work_comment_2025
2025-12-12 10:45:00 [INFO] : 从表 t_work_comment_2025 获取工单 1949321013145632769 的 1 条完整对话记录（包含客户和客服）
2025-12-12 10:45:00 [INFO] : 💭 工单 1949321013145632769 获取到 1 条原始评论
2025-12-12 10:45:00 [INFO] : 🔍 工单 1949321013145632769 开始去噪处理 1 条有效评论...
2025-12-12 10:45:00 [INFO] : 🔍 开始过滤评论，原始数量: 1
2025-12-12 10:45:00 [INFO] : ✅ 评论过滤完成:
2025-12-12 10:45:00 [INFO] :   📥 原始数量: 1
2025-12-12 10:45:00 [INFO] :   📤 过滤后数量: 1
2025-12-12 10:45:00 [INFO] :   🗑️ 移除数量: 0
2025-12-12 10:45:00 [INFO] :   📊 过滤率: 0.0%
2025-12-12 10:45:00 [INFO] : ✅ 创建批次记录: batch_20251212_104500_b2ef9711, 工单数: 1
2025-12-12 10:45:00 [INFO] : ✅ 更新批次统计: batch_20251212_104500_b2ef9711, 状态: COMPLETED
2025-12-12 10:45:00 [INFO] : ✅ 保存工单 1949321013145632769 去噪记录成功，批次: batch_20251212_104500_b2ef9711
2025-12-12 10:45:00 [INFO] : ✅ 工单 1949321013145632769 去噪完成: 1 -> 1 条评论
2025-12-12 10:45:00 [INFO] : 🧾 工单 1949321013145632769 首响开关: work_type=EDIT_SHOP, work_table_name=t_work_2025, is_after_sale=False, raw_comments=1, valid_comments=1
2025-12-12 10:45:00 [INFO] : ✅ 工单 1949321013145632769 有 1 条有效评论，构建完成对话数据
2025-12-12 10:45:00 [INFO] : 工单 1949321013145632769 AI状态更新为: PENDING
2025-12-12 10:45:00 [INFO] : 📋 处理工单 1949322409878224897 (27/50) - 评论表: t_work_comment_2025
2025-12-12 10:45:00 [INFO] : 从表 t_work_comment_2025 获取工单 1949322409878224897 的 4 条完整对话记录（包含客户和客服）
2025-12-12 10:45:00 [INFO] : 💭 工单 1949322409878224897 获取到 4 条原始评论
2025-12-12 10:45:00 [INFO] : 🔍 工单 1949322409878224897 开始去噪处理 3 条有效评论...
2025-12-12 10:45:00 [INFO] : 🔍 开始过滤评论，原始数量: 3
2025-12-12 10:45:00 [INFO] : ✅ 评论过滤完成:
2025-12-12 10:45:00 [INFO] :   📥 原始数量: 3
2025-12-12 10:45:00 [INFO] :   📤 过滤后数量: 3
2025-12-12 10:45:00 [INFO] :   🗑️ 移除数量: 0
2025-12-12 10:45:00 [INFO] :   📊 过滤率: 0.0%
2025-12-12 10:45:00 [INFO] : ✅ 创建批次记录: batch_20251212_104500_0df9d1dd, 工单数: 1
2025-12-12 10:45:00 [INFO] : ✅ 更新批次统计: batch_20251212_104500_0df9d1dd, 状态: COMPLETED
2025-12-12 10:45:00 [INFO] : ✅ 保存工单 1949322409878224897 去噪记录成功，批次: batch_20251212_104500_0df9d1dd
2025-12-12 10:45:00 [INFO] : ✅ 工单 1949322409878224897 去噪完成: 3 -> 3 条评论
2025-12-12 10:45:00 [INFO] : ⏳ 工单 1949322409878224897 首响计算开始，评论总数=4
2025-12-12 10:45:00 [INFO] : 👀 工单 1949322409878224897 评论巡检: id=1949322410100523008, user_type=EMPLOYEE, oper_raw=True, is_service=True, is_customer=False, create_time=2025-07-27 12:14:13
2025-12-12 10:45:00 [INFO] : 👀 工单 1949322409878224897 评论巡检: id=1949322500324196352, user_type=EMPLOYEE, oper_raw=True, is_service=True, is_customer=False, create_time=2025-07-27 12:14:35
2025-12-12 10:45:00 [INFO] : 👀 工单 1949322409878224897 评论巡检: id=1949322836258586624, user_type=EMPLOYEE, oper_raw=True, is_service=True, is_customer=False, create_time=2025-07-27 12:15:55
2025-12-12 10:45:00 [INFO] : 👀 工单 1949322409878224897 评论巡检: id=1949329260384616448, user_type=EMPLOYEE, oper_raw=True, is_service=True, is_customer=False, create_time=2025-07-27 12:41:27
2025-12-12 10:45:00 [INFO] : ⏱️ 工单 1949322409878224897 首响计算: first_customer_message_time=None, first_service_reply_time=None, response_seconds=None, threshold_seconds=120, is_timeout=False
2025-12-12 10:45:00 [INFO] : 🧾 工单 1949322409878224897 首响开关: work_type=AFTER_SALE, work_table_name=t_work_2025, is_after_sale=True, raw_comments=4, valid_comments=3
2025-12-12 10:45:00 [INFO] : ✅ 工单 1949322409878224897 有 3 条有效评论，构建完成对话数据
2025-12-12 10:45:00 [INFO] : 工单 1949322409878224897 AI状态更新为: PENDING
2025-12-12 10:45:00 [INFO] : 📋 处理工单 1949322312272576512 (28/50) - 评论表: t_work_comment_2025
2025-12-12 10:45:00 [INFO] : 从表 t_work_comment_2025 获取工单 1949322312272576512 的 3 条完整对话记录（包含客户和客服）
2025-12-12 10:45:00 [INFO] : 💭 工单 1949322312272576512 获取到 3 条原始评论
2025-12-12 10:45:00 [INFO] : 🔍 工单 1949322312272576512 开始去噪处理 3 条有效评论...
2025-12-12 10:45:00 [INFO] : 🔍 开始过滤评论，原始数量: 3
2025-12-12 10:45:00 [INFO] : ✅ 评论过滤完成:
2025-12-12 10:45:00 [INFO] :   📥 原始数量: 3
2025-12-12 10:45:00 [INFO] :   📤 过滤后数量: 3
2025-12-12 10:45:00 [INFO] :   🗑️ 移除数量: 0
2025-12-12 10:45:00 [INFO] :   📊 过滤率: 0.0%
2025-12-12 10:45:00 [INFO] : ✅ 创建批次记录: batch_20251212_104500_3757e0c3, 工单数: 1
2025-12-12 10:45:00 [INFO] : ✅ 更新批次统计: batch_20251212_104500_3757e0c3, 状态: COMPLETED
2025-12-12 10:45:00 [INFO] : ✅ 保存工单 1949322312272576512 去噪记录成功，批次: batch_20251212_104500_3757e0c3
2025-12-12 10:45:00 [INFO] : ✅ 工单 1949322312272576512 去噪完成: 3 -> 3 条评论
2025-12-12 10:45:00 [INFO] : 🧾 工单 1949322312272576512 首响开关: work_type=URGE_INSTALL, work_table_name=t_work_2025, is_after_sale=False, raw_comments=3, valid_comments=3
2025-12-12 10:45:00 [INFO] : ✅ 工单 1949322312272576512 有 3 条有效评论，构建完成对话数据
2025-12-12 10:45:00 [INFO] : 工单 1949322312272576512 AI状态更新为: PENDING
2025-12-12 10:45:00 [INFO] : 📋 处理工单 1949322259290128385 (29/50) - 评论表: t_work_comment_2025
2025-12-12 10:45:00 [INFO] : 从表 t_work_comment_2025 获取工单 1949322259290128385 的 9 条完整对话记录（包含客户和客服）
2025-12-12 10:45:00 [INFO] : 💭 工单 1949322259290128385 获取到 9 条原始评论
2025-12-12 10:45:00 [INFO] : 🔍 工单 1949322259290128385 开始去噪处理 8 条有效评论...
2025-12-12 10:45:00 [INFO] : 🔍 开始过滤评论，原始数量: 8
2025-12-12 10:45:00 [INFO] : ✅ 评论过滤完成:
2025-12-12 10:45:00 [INFO] :   📥 原始数量: 8
2025-12-12 10:45:00 [INFO] :   📤 过滤后数量: 8
2025-12-12 10:45:00 [INFO] :   🗑️ 移除数量: 0
2025-12-12 10:45:00 [INFO] :   📊 过滤率: 0.0%
2025-12-12 10:45:00 [INFO] : ✅ 创建批次记录: batch_20251212_104500_dcc40f0f, 工单数: 1
2025-12-12 10:45:00 [INFO] : ✅ 更新批次统计: batch_20251212_104500_dcc40f0f, 状态: COMPLETED
2025-12-12 10:45:00 [INFO] : ✅ 保存工单 1949322259290128385 去噪记录成功，批次: batch_20251212_104500_dcc40f0f
2025-12-12 10:45:00 [INFO] : ✅ 工单 1949322259290128385 去噪完成: 8 -> 8 条评论
2025-12-12 10:45:00 [INFO] : 🧾 工单 1949322259290128385 首响开关: work_type=URGE_INSTALL, work_table_name=t_work_2025, is_after_sale=False, raw_comments=9, valid_comments=8
2025-12-12 10:45:00 [INFO] : ✅ 工单 1949322259290128385 有 8 条有效评论，构建完成对话数据
2025-12-12 10:45:00 [INFO] : 工单 1949322259290128385 AI状态更新为: PENDING
2025-12-12 10:45:00 [INFO] : 📋 处理工单 1949322258950389761 (30/50) - 评论表: t_work_comment_2025
2025-12-12 10:45:00 [INFO] : 从表 t_work_comment_2025 获取工单 1949322258950389761 的 4 条完整对话记录（包含客户和客服）
2025-12-12 10:45:00 [INFO] : 💭 工单 1949322258950389761 获取到 4 条原始评论
2025-12-12 10:45:00 [INFO] : 🔍 工单 1949322258950389761 开始去噪处理 3 条有效评论...
2025-12-12 10:45:00 [INFO] : 🔍 开始过滤评论，原始数量: 3
2025-12-12 10:45:00 [INFO] : ✅ 评论过滤完成:
2025-12-12 10:45:00 [INFO] :   📥 原始数量: 3
2025-12-12 10:45:00 [INFO] :   📤 过滤后数量: 3
2025-12-12 10:45:00 [INFO] :   🗑️ 移除数量: 0
2025-12-12 10:45:00 [INFO] :   📊 过滤率: 0.0%
2025-12-12 10:45:00 [INFO] : ✅ 创建批次记录: batch_20251212_104500_06839dbb, 工单数: 1
2025-12-12 10:45:00 [INFO] : ✅ 更新批次统计: batch_20251212_104500_06839dbb, 状态: COMPLETED
2025-12-12 10:45:00 [INFO] : ✅ 保存工单 1949322258950389761 去噪记录成功，批次: batch_20251212_104500_06839dbb
2025-12-12 10:45:00 [INFO] : ✅ 工单 1949322258950389761 去噪完成: 3 -> 3 条评论
2025-12-12 10:45:00 [INFO] : 🧾 工单 1949322258950389761 首响开关: work_type=URGE_INSTALL, work_table_name=t_work_2025, is_after_sale=False, raw_comments=4, valid_comments=3
2025-12-12 10:45:00 [INFO] : ✅ 工单 1949322258950389761 有 3 条有效评论，构建完成对话数据
2025-12-12 10:45:00 [INFO] : 工单 1949322258950389761 AI状态更新为: PENDING
2025-12-12 10:45:00 [INFO] : 📋 处理工单 1949322124959154177 (31/50) - 评论表: t_work_comment_2025
2025-12-12 10:45:00 [INFO] : 从表 t_work_comment_2025 获取工单 1949322124959154177 的 4 条完整对话记录（包含客户和客服）
2025-12-12 10:45:00 [INFO] : 💭 工单 1949322124959154177 获取到 4 条原始评论
2025-12-12 10:45:00 [INFO] : 🔍 工单 1949322124959154177 开始去噪处理 4 条有效评论...
2025-12-12 10:45:00 [INFO] : 🔍 开始过滤评论，原始数量: 4
2025-12-12 10:45:00 [INFO] : ✅ 评论过滤完成:
2025-12-12 10:45:00 [INFO] :   📥 原始数量: 4
2025-12-12 10:45:00 [INFO] :   📤 过滤后数量: 4
2025-12-12 10:45:00 [INFO] :   🗑️ 移除数量: 0
2025-12-12 10:45:00 [INFO] :   📊 过滤率: 0.0%
2025-12-12 10:45:00 [INFO] : ✅ 创建批次记录: batch_20251212_104500_7b29672c, 工单数: 1
2025-12-12 10:45:00 [INFO] : ✅ 更新批次统计: batch_20251212_104500_7b29672c, 状态: COMPLETED
2025-12-12 10:45:00 [INFO] : ✅ 保存工单 1949322124959154177 去噪记录成功，批次: batch_20251212_104500_7b29672c
2025-12-12 10:45:00 [INFO] : ✅ 工单 1949322124959154177 去噪完成: 4 -> 4 条评论
2025-12-12 10:45:00 [INFO] : 🧾 工单 1949322124959154177 首响开关: work_type=URGE_INSTALL, work_table_name=t_work_2025, is_after_sale=False, raw_comments=4, valid_comments=4
2025-12-12 10:45:00 [INFO] : ✅ 工单 1949322124959154177 有 4 条有效评论，构建完成对话数据
2025-12-12 10:45:00 [INFO] : 工单 1949322124959154177 AI状态更新为: PENDING
2025-12-12 10:45:00 [INFO] : 📋 处理工单 1949322104507727873 (32/50) - 评论表: t_work_comment_2025
2025-12-12 10:45:00 [INFO] : 从表 t_work_comment_2025 获取工单 1949322104507727873 的 6 条完整对话记录（包含客户和客服）
2025-12-12 10:45:00 [INFO] : 💭 工单 1949322104507727873 获取到 6 条原始评论
2025-12-12 10:45:00 [INFO] : 🔍 工单 1949322104507727873 开始去噪处理 6 条有效评论...
2025-12-12 10:45:00 [INFO] : 🔍 开始过滤评论，原始数量: 6
2025-12-12 10:45:00 [INFO] : ✅ 评论过滤完成:
2025-12-12 10:45:00 [INFO] :   📥 原始数量: 6
2025-12-12 10:45:00 [INFO] :   📤 过滤后数量: 6
2025-12-12 10:45:00 [INFO] :   🗑️ 移除数量: 0
2025-12-12 10:45:00 [INFO] :   📊 过滤率: 0.0%
2025-12-12 10:45:00 [INFO] : ✅ 创建批次记录: batch_20251212_104500_4b918023, 工单数: 1
2025-12-12 10:45:00 [INFO] : ✅ 更新批次统计: batch_20251212_104500_4b918023, 状态: COMPLETED
2025-12-12 10:45:00 [INFO] : ✅ 保存工单 1949322104507727873 去噪记录成功，批次: batch_20251212_104500_4b918023
2025-12-12 10:45:00 [INFO] : ✅ 工单 1949322104507727873 去噪完成: 6 -> 6 条评论
2025-12-12 10:45:00 [INFO] : ⏳ 工单 1949322104507727873 首响计算开始，评论总数=6
2025-12-12 10:45:00 [INFO] : 👀 工单 1949322104507727873 评论巡检: id=1949322104725831680, user_type=SELLER, oper_raw=True, is_service=False, is_customer=True, create_time=2025-07-27 12:13:01
2025-12-12 10:45:00 [INFO] : 🎯 工单 1949322104507727873 首条客户消息锁定: 2025-07-27 12:13:01
2025-12-12 10:45:00 [INFO] : 👀 工单 1949322104507727873 评论巡检: id=1949322520003870720, user_type=EMPLOYEE, oper_raw=True, is_service=True, is_customer=False, create_time=2025-07-27 12:14:40
2025-12-12 10:45:00 [INFO] : 🎯 工单 1949322104507727873 首条客服回复锁定: 2025-07-27 12:14:40
2025-12-12 10:45:00 [INFO] : ⏱️ 工单 1949322104507727873 首响计算: first_customer_message_time=2025-07-27 12:13:01, first_service_reply_time=2025-07-27 12:14:40, response_seconds=99, threshold_seconds=120, is_timeout=False
2025-12-12 10:45:00 [INFO] : 🧾 工单 1949322104507727873 首响开关: work_type=AFTER_SALE, work_table_name=t_work_2025, is_after_sale=True, raw_comments=6, valid_comments=6
2025-12-12 10:45:00 [INFO] : ✅ 工单 1949322104507727873 有 6 条有效评论，构建完成对话数据
2025-12-12 10:45:00 [INFO] : 工单 1949322104507727873 AI状态更新为: PENDING
2025-12-12 10:45:00 [INFO] : 📋 处理工单 1949322094525284353 (33/50) - 评论表: t_work_comment_2025
2025-12-12 10:45:00 [INFO] : 从表 t_work_comment_2025 获取工单 1949322094525284353 的 7 条完整对话记录（包含客户和客服）
2025-12-12 10:45:00 [INFO] : 💭 工单 1949322094525284353 获取到 7 条原始评论
2025-12-12 10:45:00 [INFO] : 🔍 工单 1949322094525284353 开始去噪处理 6 条有效评论...
2025-12-12 10:45:00 [INFO] : 🔍 开始过滤评论，原始数量: 6
2025-12-12 10:45:00 [INFO] : ✅ 评论过滤完成:
2025-12-12 10:45:00 [INFO] :   📥 原始数量: 6
2025-12-12 10:45:00 [INFO] :   📤 过滤后数量: 6
2025-12-12 10:45:00 [INFO] :   🗑️ 移除数量: 0
2025-12-12 10:45:00 [INFO] :   📊 过滤率: 0.0%
2025-12-12 10:45:00 [INFO] : ✅ 创建批次记录: batch_20251212_104500_bbdd06fc, 工单数: 1
2025-12-12 10:45:00 [INFO] : ✅ 更新批次统计: batch_20251212_104500_bbdd06fc, 状态: COMPLETED
2025-12-12 10:45:00 [INFO] : ✅ 保存工单 1949322094525284353 去噪记录成功，批次: batch_20251212_104500_bbdd06fc
2025-12-12 10:45:00 [INFO] : ✅ 工单 1949322094525284353 去噪完成: 6 -> 6 条评论
2025-12-12 10:45:00 [INFO] : 🧾 工单 1949322094525284353 首响开关: work_type=EXCHANGE, work_table_name=t_work_2025, is_after_sale=False, raw_comments=7, valid_comments=6
2025-12-12 10:45:00 [INFO] : ✅ 工单 1949322094525284353 有 6 条有效评论，构建完成对话数据
2025-12-12 10:45:00 [INFO] : 工单 1949322094525284353 AI状态更新为: PENDING
2025-12-12 10:45:00 [INFO] : 📋 处理工单 1949321989508300800 (34/50) - 评论表: t_work_comment_2025
2025-12-12 10:45:00 [INFO] : 从表 t_work_comment_2025 获取工单 1949321989508300800 的 6 条完整对话记录（包含客户和客服）
2025-12-12 10:45:00 [INFO] : 💭 工单 1949321989508300800 获取到 6 条原始评论
2025-12-12 10:45:00 [INFO] : 🔍 工单 1949321989508300800 开始去噪处理 6 条有效评论...
2025-12-12 10:45:00 [INFO] : 🔍 开始过滤评论，原始数量: 6
2025-12-12 10:45:00 [INFO] : ✅ 评论过滤完成:
2025-12-12 10:45:00 [INFO] :   📥 原始数量: 6
2025-12-12 10:45:00 [INFO] :   📤 过滤后数量: 6
2025-12-12 10:45:00 [INFO] :   🗑️ 移除数量: 0
2025-12-12 10:45:00 [INFO] :   📊 过滤率: 0.0%
2025-12-12 10:45:00 [INFO] : ✅ 创建批次记录: batch_20251212_104500_00b40794, 工单数: 1
2025-12-12 10:45:00 [INFO] : ✅ 更新批次统计: batch_20251212_104500_00b40794, 状态: COMPLETED
2025-12-12 10:45:00 [INFO] : ✅ 保存工单 1949321989508300800 去噪记录成功，批次: batch_20251212_104500_00b40794
2025-12-12 10:45:00 [INFO] : ✅ 工单 1949321989508300800 去噪完成: 6 -> 6 条评论
2025-12-12 10:45:00 [INFO] : 🧾 工单 1949321989508300800 首响开关: work_type=URGE_INSTALL, work_table_name=t_work_2025, is_after_sale=False, raw_comments=6, valid_comments=6
2025-12-12 10:45:00 [INFO] : ✅ 工单 1949321989508300800 有 6 条有效评论，构建完成对话数据
2025-12-12 10:45:00 [INFO] : 工单 1949321989508300800 AI状态更新为: PENDING
2025-12-12 10:45:00 [INFO] : 📋 处理工单 1949321973028880384 (35/50) - 评论表: t_work_comment_2025
2025-12-12 10:45:00 [INFO] : 从表 t_work_comment_2025 获取工单 1949321973028880384 的 3 条完整对话记录（包含客户和客服）
2025-12-12 10:45:00 [INFO] : 💭 工单 1949321973028880384 获取到 3 条原始评论
2025-12-12 10:45:00 [INFO] : 🔍 工单 1949321973028880384 开始去噪处理 3 条有效评论...
2025-12-12 10:45:00 [INFO] : 🔍 开始过滤评论，原始数量: 3
2025-12-12 10:45:00 [INFO] : ✅ 评论过滤完成:
2025-12-12 10:45:00 [INFO] :   📥 原始数量: 3
2025-12-12 10:45:00 [INFO] :   📤 过滤后数量: 3
2025-12-12 10:45:00 [INFO] :   🗑️ 移除数量: 0
2025-12-12 10:45:00 [INFO] :   📊 过滤率: 0.0%
2025-12-12 10:45:00 [INFO] : ✅ 创建批次记录: batch_20251212_104500_bdb7f2af, 工单数: 1
2025-12-12 10:45:00 [INFO] : ✅ 更新批次统计: batch_20251212_104500_bdb7f2af, 状态: COMPLETED
2025-12-12 10:45:00 [INFO] : ✅ 保存工单 1949321973028880384 去噪记录成功，批次: batch_20251212_104500_bdb7f2af
2025-12-12 10:45:00 [INFO] : ✅ 工单 1949321973028880384 去噪完成: 3 -> 3 条评论
2025-12-12 10:45:00 [INFO] : 🧾 工单 1949321973028880384 首响开关: work_type=URGE_INSTALL, work_table_name=t_work_2025, is_after_sale=False, raw_comments=3, valid_comments=3
2025-12-12 10:45:00 [INFO] : ✅ 工单 1949321973028880384 有 3 条有效评论，构建完成对话数据
2025-12-12 10:45:00 [INFO] : 工单 1949321973028880384 AI状态更新为: PENDING
2025-12-12 10:45:00 [INFO] : 📋 处理工单 1949321943740055553 (36/50) - 评论表: t_work_comment_2025
2025-12-12 10:45:00 [INFO] : 从表 t_work_comment_2025 获取工单 1949321943740055553 的 495 条完整对话记录（包含客户和客服）
2025-12-12 10:45:00 [INFO] : 💭 工单 1949321943740055553 获取到 495 条原始评论
2025-12-12 10:45:00 [INFO] : 🔍 工单 1949321943740055553 开始去噪处理 465 条有效评论...
2025-12-12 10:45:00 [INFO] : 🔍 开始过滤评论，原始数量: 465
2025-12-12 10:45:00 [INFO] : ✅ 评论过滤完成:
2025-12-12 10:45:00 [INFO] :   📥 原始数量: 465
2025-12-12 10:45:00 [INFO] :   📤 过滤后数量: 463
2025-12-12 10:45:00 [INFO] :   🗑️ 移除数量: 2
2025-12-12 10:45:00 [INFO] :   📊 过滤率: 0.4%
2025-12-12 10:45:00 [INFO] : 🔍 过滤原因统计:
2025-12-12 10:45:00 [INFO] :   - 无效数据: 内容过短且非中文: 2 条
2025-12-12 10:45:00 [INFO] : ✅ 创建批次记录: batch_20251212_104500_93f8c53c, 工单数: 1
2025-12-12 10:45:00 [INFO] : ✅ 更新批次统计: batch_20251212_104500_93f8c53c, 状态: COMPLETED
2025-12-12 10:45:00 [INFO] : ✅ 保存工单 1949321943740055553 去噪记录成功，批次: batch_20251212_104500_93f8c53c
2025-12-12 10:45:00 [INFO] : ✅ 工单 1949321943740055553 去噪完成: 465 -> 463 条评论
2025-12-12 10:45:00 [INFO] : 🗑️ 工单 1949321943740055553 去噪移除了 2 条评论
2025-12-12 10:45:00 [INFO] : ⏳ 工单 1949321943740055553 首响计算开始，评论总数=495
2025-12-12 10:45:00 [INFO] : 👀 工单 1949321943740055553 评论巡检: id=1949321944092377088, user_type=SELLER, oper_raw=True, is_service=False, is_customer=True, create_time=2025-07-27 12:12:22
2025-12-12 10:45:00 [INFO] : 🎯 工单 1949321943740055553 首条客户消息锁定: 2025-07-27 12:12:22
2025-12-12 10:45:00 [INFO] : 👀 工单 1949321943740055553 评论巡检: id=1949322048845119488, user_type=EMPLOYEE, oper_raw=True, is_service=True, is_customer=False, create_time=2025-07-27 12:12:47
2025-12-12 10:45:00 [INFO] : 🎯 工单 1949321943740055553 首条客服回复锁定: 2025-07-27 12:12:47
2025-12-12 10:45:00 [INFO] : ⏱️ 工单 1949321943740055553 首响计算: first_customer_message_time=2025-07-27 12:12:22, first_service_reply_time=2025-07-27 12:12:47, response_seconds=25, threshold_seconds=120, is_timeout=False
2025-12-12 10:45:00 [INFO] : 🧾 工单 1949321943740055553 首响开关: work_type=AFTER_SALE, work_table_name=t_work_2025, is_after_sale=True, raw_comments=495, valid_comments=463
2025-12-12 10:45:00 [INFO] : ✅ 工单 1949321943740055553 有 463 条有效评论，构建完成对话数据
2025-12-12 10:45:00 [INFO] : 工单 1949321943740055553 AI状态更新为: PENDING
2025-12-12 10:45:00 [INFO] : 📋 处理工单 1949321911322279937 (37/50) - 评论表: t_work_comment_2025
2025-12-12 10:45:00 [INFO] : 从表 t_work_comment_2025 获取工单 1949321911322279937 的 6 条完整对话记录（包含客户和客服）
2025-12-12 10:45:00 [INFO] : 💭 工单 1949321911322279937 获取到 6 条原始评论
2025-12-12 10:45:00 [INFO] : 🔍 工单 1949321911322279937 开始去噪处理 6 条有效评论...
2025-12-12 10:45:00 [INFO] : 🔍 开始过滤评论，原始数量: 6
2025-12-12 10:45:00 [INFO] : ✅ 评论过滤完成:
2025-12-12 10:45:00 [INFO] :   📥 原始数量: 6
2025-12-12 10:45:00 [INFO] :   📤 过滤后数量: 6
2025-12-12 10:45:00 [INFO] :   🗑️ 移除数量: 0
2025-12-12 10:45:00 [INFO] :   📊 过滤率: 0.0%
2025-12-12 10:45:00 [INFO] : ✅ 创建批次记录: batch_20251212_104500_b3cfb368, 工单数: 1
2025-12-12 10:45:00 [INFO] : ✅ 更新批次统计: batch_20251212_104500_b3cfb368, 状态: COMPLETED
2025-12-12 10:45:00 [INFO] : ✅ 保存工单 1949321911322279937 去噪记录成功，批次: batch_20251212_104500_b3cfb368
2025-12-12 10:45:00 [INFO] : ✅ 工单 1949321911322279937 去噪完成: 6 -> 6 条评论
2025-12-12 10:45:00 [INFO] : ⏳ 工单 1949321911322279937 首响计算开始，评论总数=6
2025-12-12 10:45:00 [INFO] : 👀 工单 1949321911322279937 评论巡检: id=1949321911548772352, user_type=EMPLOYEE, oper_raw=True, is_service=True, is_customer=False, create_time=2025-07-27 12:12:15
2025-12-12 10:45:00 [INFO] : 👀 工单 1949321911322279937 评论巡检: id=1949322038527131648, user_type=EMPLOYEE, oper_raw=True, is_service=True, is_customer=False, create_time=2025-07-27 12:12:45
2025-12-12 10:45:00 [INFO] : 👀 工单 1949321911322279937 评论巡检: id=1949323118715600896, user_type=EMPLOYEE, oper_raw=True, is_service=True, is_customer=False, create_time=2025-07-27 12:17:02
2025-12-12 10:45:00 [INFO] : 👀 工单 1949321911322279937 评论巡检: id=1949324899763879936, user_type=EMPLOYEE, oper_raw=True, is_service=True, is_customer=False, create_time=2025-07-27 12:24:07
2025-12-12 10:45:00 [INFO] : 👀 工单 1949321911322279937 评论巡检: id=1949324965773836288, user_type=EMPLOYEE, oper_raw=True, is_service=True, is_customer=False, create_time=2025-07-27 12:24:23
2025-12-12 10:45:00 [INFO] : 👀 工单 1949321911322279937 评论巡检: id=1949470871974313984, user_type=EMPLOYEE, oper_raw=True, is_service=True, is_customer=False, create_time=2025-07-27 22:04:09
2025-12-12 10:45:00 [INFO] : ⏱️ 工单 1949321911322279937 首响计算: first_customer_message_time=None, first_service_reply_time=None, response_seconds=None, threshold_seconds=120, is_timeout=False
2025-12-12 10:45:00 [INFO] : 🧾 工单 1949321911322279937 首响开关: work_type=AFTER_SALE, work_table_name=t_work_2025, is_after_sale=True, raw_comments=6, valid_comments=6
2025-12-12 10:45:00 [INFO] : ✅ 工单 1949321911322279937 有 6 条有效评论，构建完成对话数据
2025-12-12 10:45:00 [INFO] : 工单 1949321911322279937 AI状态更新为: PENDING
2025-12-12 10:45:00 [INFO] : 📋 处理工单 1949321864316715008 (38/50) - 评论表: t_work_comment_2025
2025-12-12 10:45:00 [INFO] : 从表 t_work_comment_2025 获取工单 1949321864316715008 的 4 条完整对话记录（包含客户和客服）
2025-12-12 10:45:00 [INFO] : 💭 工单 1949321864316715008 获取到 4 条原始评论
2025-12-12 10:45:00 [INFO] : 🔍 工单 1949321864316715008 开始去噪处理 4 条有效评论...
2025-12-12 10:45:00 [INFO] : 🔍 开始过滤评论，原始数量: 4
2025-12-12 10:45:00 [INFO] : ✅ 评论过滤完成:
2025-12-12 10:45:00 [INFO] :   📥 原始数量: 4
2025-12-12 10:45:00 [INFO] :   📤 过滤后数量: 4
2025-12-12 10:45:00 [INFO] :   🗑️ 移除数量: 0
2025-12-12 10:45:00 [INFO] :   📊 过滤率: 0.0%
2025-12-12 10:45:00 [INFO] : ✅ 创建批次记录: batch_20251212_104500_c2f80835, 工单数: 1
2025-12-12 10:45:00 [INFO] : ✅ 更新批次统计: batch_20251212_104500_c2f80835, 状态: COMPLETED
2025-12-12 10:45:00 [INFO] : ✅ 保存工单 1949321864316715008 去噪记录成功，批次: batch_20251212_104500_c2f80835
2025-12-12 10:45:00 [INFO] : ✅ 工单 1949321864316715008 去噪完成: 4 -> 4 条评论
2025-12-12 10:45:00 [INFO] : 🧾 工单 1949321864316715008 首响开关: work_type=URGE_INSTALL, work_table_name=t_work_2025, is_after_sale=False, raw_comments=4, valid_comments=4
2025-12-12 10:45:00 [INFO] : ✅ 工单 1949321864316715008 有 4 条有效评论，构建完成对话数据
2025-12-12 10:45:00 [INFO] : 工单 1949321864316715008 AI状态更新为: PENDING
2025-12-12 10:45:00 [INFO] : 📋 处理工单 1949321863528185857 (39/50) - 评论表: t_work_comment_2025
2025-12-12 10:45:00 [INFO] : 从表 t_work_comment_2025 获取工单 1949321863528185857 的 10 条完整对话记录（包含客户和客服）
2025-12-12 10:45:00 [INFO] : 💭 工单 1949321863528185857 获取到 10 条原始评论
2025-12-12 10:45:00 [INFO] : 🔍 工单 1949321863528185857 开始去噪处理 10 条有效评论...
2025-12-12 10:45:00 [INFO] : 🔍 开始过滤评论，原始数量: 10
2025-12-12 10:45:00 [INFO] : ✅ 评论过滤完成:
2025-12-12 10:45:00 [INFO] :   📥 原始数量: 10
2025-12-12 10:45:00 [INFO] :   📤 过滤后数量: 10
2025-12-12 10:45:00 [INFO] :   🗑️ 移除数量: 0
2025-12-12 10:45:00 [INFO] :   📊 过滤率: 0.0%
2025-12-12 10:45:00 [INFO] : ✅ 创建批次记录: batch_20251212_104500_39d4675d, 工单数: 1
2025-12-12 10:45:00 [INFO] : ✅ 更新批次统计: batch_20251212_104500_39d4675d, 状态: COMPLETED
2025-12-12 10:45:00 [INFO] : ✅ 保存工单 1949321863528185857 去噪记录成功，批次: batch_20251212_104500_39d4675d
2025-12-12 10:45:00 [INFO] : ✅ 工单 1949321863528185857 去噪完成: 10 -> 10 条评论
2025-12-12 10:45:00 [INFO] : ⏳ 工单 1949321863528185857 首响计算开始，评论总数=10
2025-12-12 10:45:00 [INFO] : 👀 工单 1949321863528185857 评论巡检: id=1949321863964393472, user_type=EMPLOYEE, oper_raw=True, is_service=True, is_customer=False, create_time=2025-07-27 12:12:03
2025-12-12 10:45:00 [INFO] : 👀 工单 1949321863528185857 评论巡检: id=1949321884776529920, user_type=EMPLOYEE, oper_raw=True, is_service=True, is_customer=False, create_time=2025-07-27 12:12:08
2025-12-12 10:45:00 [INFO] : 👀 工单 1949321863528185857 评论巡检: id=1949323239721271296, user_type=EMPLOYEE, oper_raw=True, is_service=True, is_customer=False, create_time=2025-07-27 12:17:31
2025-12-12 10:45:00 [INFO] : 👀 工单 1949321863528185857 评论巡检: id=1949323644467412992, user_type=EMPLOYEE, oper_raw=True, is_service=True, is_customer=False, create_time=2025-07-27 12:19:08
2025-12-12 10:45:00 [INFO] : 👀 工单 1949321863528185857 评论巡检: id=1949327665521491968, user_type=EMPLOYEE, oper_raw=True, is_service=True, is_customer=False, create_time=2025-07-27 12:35:06
2025-12-12 10:45:00 [INFO] : 👀 工单 1949321863528185857 评论巡检: id=1949327690792173568, user_type=EMPLOYEE, oper_raw=True, is_service=True, is_customer=False, create_time=2025-07-27 12:35:12
2025-12-12 10:45:00 [INFO] : 👀 工单 1949321863528185857 评论巡检: id=1949328418537472000, user_type=EMPLOYEE, oper_raw=True, is_service=True, is_customer=False, create_time=2025-07-27 12:38:06
2025-12-12 10:45:00 [INFO] : 👀 工单 1949321863528185857 评论巡检: id=1949328454428131328, user_type=EMPLOYEE, oper_raw=True, is_service=True, is_customer=False, create_time=2025-07-27 12:38:14
2025-12-12 10:45:00 [INFO] : 👀 工单 1949321863528185857 评论巡检: id=1949328474808254464, user_type=EMPLOYEE, oper_raw=True, is_service=True, is_customer=False, create_time=2025-07-27 12:38:19
2025-12-12 10:45:00 [INFO] : 👀 工单 1949321863528185857 评论巡检: id=1949332136947351552, user_type=EMPLOYEE, oper_raw=True, is_service=True, is_customer=False, create_time=2025-07-27 12:52:52
2025-12-12 10:45:00 [INFO] : ⏱️ 工单 1949321863528185857 首响计算: first_customer_message_time=None, first_service_reply_time=None, response_seconds=None, threshold_seconds=120, is_timeout=False
2025-12-12 10:45:00 [INFO] : 🧾 工单 1949321863528185857 首响开关: work_type=AFTER_SALE, work_table_name=t_work_2025, is_after_sale=True, raw_comments=10, valid_comments=10
2025-12-12 10:45:00 [INFO] : ✅ 工单 1949321863528185857 有 10 条有效评论，构建完成对话数据
2025-12-12 10:45:00 [INFO] : 工单 1949321863528185857 AI状态更新为: PENDING
2025-12-12 10:45:00 [INFO] : 📋 处理工单 1949321703515488257 (40/50) - 评论表: t_work_comment_2025
2025-12-12 10:45:00 [INFO] : 从表 t_work_comment_2025 获取工单 1949321703515488257 的 10 条完整对话记录（包含客户和客服）
2025-12-12 10:45:00 [INFO] : 💭 工单 1949321703515488257 获取到 10 条原始评论
2025-12-12 10:45:00 [INFO] : 🔍 工单 1949321703515488257 开始去噪处理 10 条有效评论...
2025-12-12 10:45:00 [INFO] : 🔍 开始过滤评论，原始数量: 10
2025-12-12 10:45:00 [INFO] : ✅ 评论过滤完成:
2025-12-12 10:45:00 [INFO] :   📥 原始数量: 10
2025-12-12 10:45:00 [INFO] :   📤 过滤后数量: 10
2025-12-12 10:45:00 [INFO] :   🗑️ 移除数量: 0
2025-12-12 10:45:00 [INFO] :   📊 过滤率: 0.0%
2025-12-12 10:45:00 [INFO] : ✅ 创建批次记录: batch_20251212_104500_ac268edb, 工单数: 1
2025-12-12 10:45:00 [INFO] : ✅ 更新批次统计: batch_20251212_104500_ac268edb, 状态: COMPLETED
2025-12-12 10:45:00 [INFO] : ✅ 保存工单 1949321703515488257 去噪记录成功，批次: batch_20251212_104500_ac268edb
2025-12-12 10:45:00 [INFO] : ✅ 工单 1949321703515488257 去噪完成: 10 -> 10 条评论
2025-12-12 10:45:00 [INFO] : ⏳ 工单 1949321703515488257 首响计算开始，评论总数=10
2025-12-12 10:45:00 [INFO] : 👀 工单 1949321703515488257 评论巡检: id=1949321703733592064, user_type=SELLER, oper_raw=True, is_service=False, is_customer=True, create_time=2025-07-27 12:11:25
2025-12-12 10:45:00 [INFO] : 🎯 工单 1949321703515488257 首条客户消息锁定: 2025-07-27 12:11:25
2025-12-12 10:45:00 [INFO] : 👀 工单 1949321703515488257 评论巡检: id=1949321742929362944, user_type=EMPLOYEE, oper_raw=True, is_service=True, is_customer=False, create_time=2025-07-27 12:11:34
2025-12-12 10:45:00 [INFO] : 🎯 工单 1949321703515488257 首条客服回复锁定: 2025-07-27 12:11:34
2025-12-12 10:45:00 [INFO] : ⏱️ 工单 1949321703515488257 首响计算: first_customer_message_time=2025-07-27 12:11:25, first_service_reply_time=2025-07-27 12:11:34, response_seconds=9, threshold_seconds=120, is_timeout=False
2025-12-12 10:45:00 [INFO] : 🧾 工单 1949321703515488257 首响开关: work_type=AFTER_SALE, work_table_name=t_work_2025, is_after_sale=True, raw_comments=10, valid_comments=10
2025-12-12 10:45:00 [INFO] : ✅ 工单 1949321703515488257 有 10 条有效评论，构建完成对话数据
2025-12-12 10:45:00 [INFO] : 工单 1949321703515488257 AI状态更新为: PENDING
2025-12-12 10:45:00 [INFO] : 📋 处理工单 1949321675845664769 (41/50) - 评论表: t_work_comment_2025
2025-12-12 10:45:00 [INFO] : 从表 t_work_comment_2025 获取工单 1949321675845664769 的 4 条完整对话记录（包含客户和客服）
2025-12-12 10:45:00 [INFO] : 💭 工单 1949321675845664769 获取到 4 条原始评论
2025-12-12 10:45:00 [INFO] : 🔍 工单 1949321675845664769 开始去噪处理 4 条有效评论...
2025-12-12 10:45:00 [INFO] : 🔍 开始过滤评论，原始数量: 4
2025-12-12 10:45:00 [INFO] : ✅ 评论过滤完成:
2025-12-12 10:45:00 [INFO] :   📥 原始数量: 4
2025-12-12 10:45:00 [INFO] :   📤 过滤后数量: 4
2025-12-12 10:45:00 [INFO] :   🗑️ 移除数量: 0
2025-12-12 10:45:00 [INFO] :   📊 过滤率: 0.0%
2025-12-12 10:45:00 [INFO] : ✅ 创建批次记录: batch_20251212_104500_a190269b, 工单数: 1
2025-12-12 10:45:00 [INFO] : ✅ 更新批次统计: batch_20251212_104500_a190269b, 状态: COMPLETED
2025-12-12 10:45:00 [INFO] : ✅ 保存工单 1949321675845664769 去噪记录成功，批次: batch_20251212_104500_a190269b
2025-12-12 10:45:00 [INFO] : ✅ 工单 1949321675845664769 去噪完成: 4 -> 4 条评论
2025-12-12 10:45:00 [INFO] : 🧾 工单 1949321675845664769 首响开关: work_type=SETTLEMENT_OF_VERIFY, work_table_name=t_work_2025, is_after_sale=False, raw_comments=4, valid_comments=4
2025-12-12 10:45:00 [INFO] : ✅ 工单 1949321675845664769 有 4 条有效评论，构建完成对话数据
2025-12-12 10:45:00 [INFO] : 工单 1949321675845664769 AI状态更新为: PENDING
2025-12-12 10:45:00 [INFO] : 📋 处理工单 1949321640806449153 (42/50) - 评论表: t_work_comment_2025
2025-12-12 10:45:00 [INFO] : 从表 t_work_comment_2025 获取工单 1949321640806449153 的 4 条完整对话记录（包含客户和客服）
2025-12-12 10:45:00 [INFO] : 💭 工单 1949321640806449153 获取到 4 条原始评论
2025-12-12 10:45:00 [INFO] : 🔍 工单 1949321640806449153 开始去噪处理 4 条有效评论...
2025-12-12 10:45:00 [INFO] : 🔍 开始过滤评论，原始数量: 4
2025-12-12 10:45:00 [INFO] : ✅ 评论过滤完成:
2025-12-12 10:45:00 [INFO] :   📥 原始数量: 4
2025-12-12 10:45:00 [INFO] :   📤 过滤后数量: 4
2025-12-12 10:45:00 [INFO] :   🗑️ 移除数量: 0
2025-12-12 10:45:00 [INFO] :   📊 过滤率: 0.0%
2025-12-12 10:45:00 [INFO] : ✅ 创建批次记录: batch_20251212_104500_82b04636, 工单数: 1
2025-12-12 10:45:00 [INFO] : ✅ 更新批次统计: batch_20251212_104500_82b04636, 状态: COMPLETED
2025-12-12 10:45:00 [INFO] : ✅ 保存工单 1949321640806449153 去噪记录成功，批次: batch_20251212_104500_82b04636
2025-12-12 10:45:00 [INFO] : ✅ 工单 1949321640806449153 去噪完成: 4 -> 4 条评论
2025-12-12 10:45:00 [INFO] : ⏳ 工单 1949321640806449153 首响计算开始，评论总数=4
2025-12-12 10:45:00 [INFO] : 👀 工单 1949321640806449153 评论巡检: id=1949321641020358656, user_type=EMPLOYEE, oper_raw=True, is_service=True, is_customer=False, create_time=2025-07-27 12:11:10
2025-12-12 10:45:00 [INFO] : 👀 工单 1949321640806449153 评论巡检: id=1949321899590811648, user_type=EMPLOYEE, oper_raw=True, is_service=True, is_customer=False, create_time=2025-07-27 12:12:12
2025-12-12 10:45:00 [INFO] : 👀 工单 1949321640806449153 评论巡检: id=1949323291747418112, user_type=EMPLOYEE, oper_raw=True, is_service=True, is_customer=False, create_time=2025-07-27 12:17:44
2025-12-12 10:45:00 [INFO] : 👀 工单 1949321640806449153 评论巡检: id=1949323315143245824, user_type=EMPLOYEE, oper_raw=True, is_service=True, is_customer=False, create_time=2025-07-27 12:17:49
2025-12-12 10:45:00 [INFO] : ⏱️ 工单 1949321640806449153 首响计算: first_customer_message_time=None, first_service_reply_time=None, response_seconds=None, threshold_seconds=120, is_timeout=False
2025-12-12 10:45:00 [INFO] : 🧾 工单 1949321640806449153 首响开关: work_type=AFTER_SALE, work_table_name=t_work_2025, is_after_sale=True, raw_comments=4, valid_comments=4
2025-12-12 10:45:00 [INFO] : ✅ 工单 1949321640806449153 有 4 条有效评论，构建完成对话数据
2025-12-12 10:45:00 [INFO] : 工单 1949321640806449153 AI状态更新为: PENDING
2025-12-12 10:45:00 [INFO] : 📋 处理工单 1949321605687541761 (43/50) - 评论表: t_work_comment_2025
2025-12-12 10:45:00 [INFO] : 从表 t_work_comment_2025 获取工单 1949321605687541761 的 9 条完整对话记录（包含客户和客服）
2025-12-12 10:45:00 [INFO] : 💭 工单 1949321605687541761 获取到 9 条原始评论
2025-12-12 10:45:00 [INFO] : 🔍 工单 1949321605687541761 开始去噪处理 8 条有效评论...
2025-12-12 10:45:00 [INFO] : 🔍 开始过滤评论，原始数量: 8
2025-12-12 10:45:00 [INFO] : ✅ 评论过滤完成:
2025-12-12 10:45:00 [INFO] :   📥 原始数量: 8
2025-12-12 10:45:00 [INFO] :   📤 过滤后数量: 8
2025-12-12 10:45:00 [INFO] :   🗑️ 移除数量: 0
2025-12-12 10:45:00 [INFO] :   📊 过滤率: 0.0%
2025-12-12 10:45:00 [INFO] : ✅ 创建批次记录: batch_20251212_104500_8aa2e7ff, 工单数: 1
2025-12-12 10:45:00 [INFO] : ✅ 更新批次统计: batch_20251212_104500_8aa2e7ff, 状态: COMPLETED
2025-12-12 10:45:00 [INFO] : ✅ 保存工单 1949321605687541761 去噪记录成功，批次: batch_20251212_104500_8aa2e7ff
2025-12-12 10:45:00 [INFO] : ✅ 工单 1949321605687541761 去噪完成: 8 -> 8 条评论
2025-12-12 10:45:00 [INFO] : ⏳ 工单 1949321605687541761 首响计算开始，评论总数=9
2025-12-12 10:45:00 [INFO] : 👀 工单 1949321605687541761 评论巡检: id=1949321605918228480, user_type=EMPLOYEE, oper_raw=True, is_service=True, is_customer=False, create_time=2025-07-27 12:11:02
2025-12-12 10:45:00 [INFO] : 👀 工单 1949321605687541761 评论巡检: id=1949321677649215488, user_type=EMPLOYEE, oper_raw=True, is_service=True, is_customer=False, create_time=2025-07-27 12:11:19
2025-12-12 10:45:00 [INFO] : 👀 工单 1949321605687541761 评论巡检: id=1949324633656262656, user_type=EMPLOYEE, oper_raw=True, is_service=True, is_customer=False, create_time=2025-07-27 12:23:04
2025-12-12 10:45:00 [INFO] : 👀 工单 1949321605687541761 评论巡检: id=1949325104320086016, user_type=EMPLOYEE, oper_raw=True, is_service=True, is_customer=False, create_time=2025-07-27 12:24:56
2025-12-12 10:45:00 [INFO] : 👀 工单 1949321605687541761 评论巡检: id=1949325374324211712, user_type=EMPLOYEE, oper_raw=True, is_service=True, is_customer=False, create_time=2025-07-27 12:26:00
2025-12-12 10:45:00 [INFO] : 👀 工单 1949321605687541761 评论巡检: id=1949994056062861312, user_type=EMPLOYEE, oper_raw=True, is_service=True, is_customer=False, create_time=2025-07-29 08:43:06
2025-12-12 10:45:00 [INFO] : 👀 工单 1949321605687541761 评论巡检: id=1949994145988739072, user_type=EMPLOYEE, oper_raw=True, is_service=True, is_customer=False, create_time=2025-07-29 08:43:28
2025-12-12 10:45:00 [INFO] : 👀 工单 1949321605687541761 评论巡检: id=1949994525829103616, user_type=EMPLOYEE, oper_raw=True, is_service=True, is_customer=False, create_time=2025-07-29 08:44:58
2025-12-12 10:45:00 [INFO] : 👀 工单 1949321605687541761 评论巡检: id=1950474824845361152, user_type=EMPLOYEE, oper_raw=True, is_service=True, is_customer=False, create_time=2025-07-30 16:33:30
2025-12-12 10:45:00 [INFO] : ⏱️ 工单 1949321605687541761 首响计算: first_customer_message_time=None, first_service_reply_time=None, response_seconds=None, threshold_seconds=120, is_timeout=False
2025-12-12 10:45:00 [INFO] : 🧾 工单 1949321605687541761 首响开关: work_type=AFTER_SALE, work_table_name=t_work_2025, is_after_sale=True, raw_comments=9, valid_comments=8
2025-12-12 10:45:00 [INFO] : ✅ 工单 1949321605687541761 有 8 条有效评论，构建完成对话数据
2025-12-12 10:45:00 [INFO] : 工单 1949321605687541761 AI状态更新为: PENDING
2025-12-12 10:45:00 [INFO] : 📋 处理工单 1949321598443978753 (44/50) - 评论表: t_work_comment_2025
2025-12-12 10:45:00 [INFO] : 从表 t_work_comment_2025 获取工单 1949321598443978753 的 4 条完整对话记录（包含客户和客服）
2025-12-12 10:45:00 [INFO] : 💭 工单 1949321598443978753 获取到 4 条原始评论
2025-12-12 10:45:00 [INFO] : 🔍 工单 1949321598443978753 开始去噪处理 4 条有效评论...
2025-12-12 10:45:00 [INFO] : 🔍 开始过滤评论，原始数量: 4
2025-12-12 10:45:00 [INFO] : ✅ 评论过滤完成:
2025-12-12 10:45:00 [INFO] :   📥 原始数量: 4
2025-12-12 10:45:00 [INFO] :   📤 过滤后数量: 4
2025-12-12 10:45:00 [INFO] :   🗑️ 移除数量: 0
2025-12-12 10:45:00 [INFO] :   📊 过滤率: 0.0%
2025-12-12 10:45:00 [INFO] : ✅ 创建批次记录: batch_20251212_104500_32ce5db9, 工单数: 1
2025-12-12 10:45:00 [INFO] : ✅ 更新批次统计: batch_20251212_104500_32ce5db9, 状态: COMPLETED
2025-12-12 10:45:00 [INFO] : ✅ 保存工单 1949321598443978753 去噪记录成功，批次: batch_20251212_104500_32ce5db9
2025-12-12 10:45:00 [INFO] : ✅ 工单 1949321598443978753 去噪完成: 4 -> 4 条评论
2025-12-12 10:45:00 [INFO] : ⏳ 工单 1949321598443978753 首响计算开始，评论总数=4
2025-12-12 10:45:00 [INFO] : 👀 工单 1949321598443978753 评论巡检: id=1949321598720802816, user_type=SELLER, oper_raw=True, is_service=False, is_customer=True, create_time=2025-07-27 12:11:00
2025-12-12 10:45:00 [INFO] : 🎯 工单 1949321598443978753 首条客户消息锁定: 2025-07-27 12:11:00
2025-12-12 10:45:00 [INFO] : 👀 工单 1949321598443978753 评论巡检: id=1949322138993295360, user_type=EMPLOYEE, oper_raw=True, is_service=True, is_customer=False, create_time=2025-07-27 12:13:09
2025-12-12 10:45:00 [INFO] : 🎯 工单 1949321598443978753 首条客服回复锁定: 2025-07-27 12:13:09
2025-12-12 10:45:00 [INFO] : ⏱️ 工单 1949321598443978753 首响计算: first_customer_message_time=2025-07-27 12:11:00, first_service_reply_time=2025-07-27 12:13:09, response_seconds=129, threshold_seconds=120, is_timeout=True
2025-12-12 10:45:00 [INFO] : 🧾 工单 1949321598443978753 首响开关: work_type=AFTER_SALE, work_table_name=t_work_2025, is_after_sale=True, raw_comments=4, valid_comments=4
2025-12-12 10:45:00 [INFO] : ✅ 工单 1949321598443978753 有 4 条有效评论，构建完成对话数据
2025-12-12 10:45:00 [INFO] : 工单 1949321598443978753 AI状态更新为: PENDING
2025-12-12 10:45:00 [INFO] : 📋 处理工单 1949321574679052289 (45/50) - 评论表: t_work_comment_2025
2025-12-12 10:45:00 [INFO] : 从表 t_work_comment_2025 获取工单 1949321574679052289 的 6 条完整对话记录（包含客户和客服）
2025-12-12 10:45:00 [INFO] : 💭 工单 1949321574679052289 获取到 6 条原始评论
2025-12-12 10:45:00 [INFO] : 🔍 工单 1949321574679052289 开始去噪处理 6 条有效评论...
2025-12-12 10:45:00 [INFO] : 🔍 开始过滤评论，原始数量: 6
2025-12-12 10:45:00 [INFO] : ✅ 评论过滤完成:
2025-12-12 10:45:00 [INFO] :   📥 原始数量: 6
2025-12-12 10:45:00 [INFO] :   📤 过滤后数量: 6
2025-12-12 10:45:00 [INFO] :   🗑️ 移除数量: 0
2025-12-12 10:45:00 [INFO] :   📊 过滤率: 0.0%
2025-12-12 10:45:00 [INFO] : ✅ 创建批次记录: batch_20251212_104500_cffffa87, 工单数: 1
2025-12-12 10:45:00 [INFO] : ✅ 更新批次统计: batch_20251212_104500_cffffa87, 状态: COMPLETED
2025-12-12 10:45:00 [INFO] : ✅ 保存工单 1949321574679052289 去噪记录成功，批次: batch_20251212_104500_cffffa87
2025-12-12 10:45:00 [INFO] : ✅ 工单 1949321574679052289 去噪完成: 6 -> 6 条评论
2025-12-12 10:45:00 [INFO] : 🧾 工单 1949321574679052289 首响开关: work_type=CHECK_PRICE, work_table_name=t_work_2025, is_after_sale=False, raw_comments=6, valid_comments=6
2025-12-12 10:45:00 [INFO] : ✅ 工单 1949321574679052289 有 6 条有效评论，构建完成对话数据
2025-12-12 10:45:00 [INFO] : 工单 1949321574679052289 AI状态更新为: PENDING
2025-12-12 10:45:00 [INFO] : 📋 处理工单 1949321494400073729 (46/50) - 评论表: t_work_comment_2025
2025-12-12 10:45:00 [INFO] : 从表 t_work_comment_2025 获取工单 1949321494400073729 的 7 条完整对话记录（包含客户和客服）
2025-12-12 10:45:00 [INFO] : 💭 工单 1949321494400073729 获取到 7 条原始评论
2025-12-12 10:45:00 [INFO] : 🔍 工单 1949321494400073729 开始去噪处理 6 条有效评论...
2025-12-12 10:45:00 [INFO] : 🔍 开始过滤评论，原始数量: 6
2025-12-12 10:45:00 [INFO] : ✅ 评论过滤完成:
2025-12-12 10:45:00 [INFO] :   📥 原始数量: 6
2025-12-12 10:45:00 [INFO] :   📤 过滤后数量: 6
2025-12-12 10:45:00 [INFO] :   🗑️ 移除数量: 0
2025-12-12 10:45:00 [INFO] :   📊 过滤率: 0.0%
2025-12-12 10:45:00 [INFO] : ✅ 创建批次记录: batch_20251212_104500_cd7e9596, 工单数: 1
2025-12-12 10:45:00 [INFO] : ✅ 更新批次统计: batch_20251212_104500_cd7e9596, 状态: COMPLETED
2025-12-12 10:45:00 [INFO] : ✅ 保存工单 1949321494400073729 去噪记录成功，批次: batch_20251212_104500_cd7e9596
2025-12-12 10:45:00 [INFO] : ✅ 工单 1949321494400073729 去噪完成: 6 -> 6 条评论
2025-12-12 10:45:00 [INFO] : ⏳ 工单 1949321494400073729 首响计算开始，评论总数=7
2025-12-12 10:45:00 [INFO] : 👀 工单 1949321494400073729 评论巡检: id=1949321494647537664, user_type=EMPLOYEE, oper_raw=True, is_service=True, is_customer=False, create_time=2025-07-27 12:10:35
2025-12-12 10:45:00 [INFO] : 👀 工单 1949321494400073729 评论巡检: id=1949321538771615744, user_type=EMPLOYEE, oper_raw=True, is_service=True, is_customer=False, create_time=2025-07-27 12:10:46
2025-12-12 10:45:00 [INFO] : 👀 工单 1949321494400073729 评论巡检: id=1949322319826518016, user_type=EMPLOYEE, oper_raw=True, is_service=True, is_customer=False, create_time=2025-07-27 12:13:52
2025-12-12 10:45:00 [INFO] : 👀 工单 1949321494400073729 评论巡检: id=1949322685683073024, user_type=EMPLOYEE, oper_raw=True, is_service=True, is_customer=False, create_time=2025-07-27 12:15:19
2025-12-12 10:45:00 [INFO] : 👀 工单 1949321494400073729 评论巡检: id=1949322768747069440, user_type=EMPLOYEE, oper_raw=True, is_service=True, is_customer=False, create_time=2025-07-27 12:15:39
2025-12-12 10:45:00 [INFO] : 👀 工单 1949321494400073729 评论巡检: id=1950067671097671680, user_type=EMPLOYEE, oper_raw=True, is_service=True, is_customer=False, create_time=2025-07-29 13:35:37
2025-12-12 10:45:00 [INFO] : 👀 工单 1949321494400073729 评论巡检: id=1950067702819192832, user_type=EMPLOYEE, oper_raw=True, is_service=True, is_customer=False, create_time=2025-07-29 13:35:45
2025-12-12 10:45:00 [INFO] : ⏱️ 工单 1949321494400073729 首响计算: first_customer_message_time=None, first_service_reply_time=None, response_seconds=None, threshold_seconds=120, is_timeout=False
2025-12-12 10:45:00 [INFO] : 🧾 工单 1949321494400073729 首响开关: work_type=AFTER_SALE, work_table_name=t_work_2025, is_after_sale=True, raw_comments=7, valid_comments=6
2025-12-12 10:45:00 [INFO] : ✅ 工单 1949321494400073729 有 6 条有效评论，构建完成对话数据
2025-12-12 10:45:00 [INFO] : 工单 1949321494400073729 AI状态更新为: PENDING
2025-12-12 10:45:00 [INFO] : 📋 处理工单 1949321444081008641 (47/50) - 评论表: t_work_comment_2025
2025-12-12 10:45:00 [INFO] : 从表 t_work_comment_2025 获取工单 1949321444081008641 的 5 条完整对话记录（包含客户和客服）
2025-12-12 10:45:00 [INFO] : 💭 工单 1949321444081008641 获取到 5 条原始评论
2025-12-12 10:45:00 [INFO] : 🔍 工单 1949321444081008641 开始去噪处理 5 条有效评论...
2025-12-12 10:45:00 [INFO] : 🔍 开始过滤评论，原始数量: 5
2025-12-12 10:45:00 [INFO] : ✅ 评论过滤完成:
2025-12-12 10:45:00 [INFO] :   📥 原始数量: 5
2025-12-12 10:45:00 [INFO] :   📤 过滤后数量: 5
2025-12-12 10:45:00 [INFO] :   🗑️ 移除数量: 0
2025-12-12 10:45:00 [INFO] :   📊 过滤率: 0.0%
2025-12-12 10:45:00 [INFO] : ✅ 创建批次记录: batch_20251212_104500_70448b2e, 工单数: 1
2025-12-12 10:45:00 [INFO] : ✅ 更新批次统计: batch_20251212_104500_70448b2e, 状态: COMPLETED
2025-12-12 10:45:00 [INFO] : ✅ 保存工单 1949321444081008641 去噪记录成功，批次: batch_20251212_104500_70448b2e
2025-12-12 10:45:00 [INFO] : ✅ 工单 1949321444081008641 去噪完成: 5 -> 5 条评论
2025-12-12 10:45:00 [INFO] : 🧾 工单 1949321444081008641 首响开关: work_type=SETTLEMENT_OF_VERIFY, work_table_name=t_work_2025, is_after_sale=False, raw_comments=5, valid_comments=5
2025-12-12 10:45:00 [INFO] : ✅ 工单 1949321444081008641 有 5 条有效评论，构建完成对话数据
2025-12-12 10:45:00 [INFO] : 工单 1949321444081008641 AI状态更新为: PENDING
2025-12-12 10:45:00 [INFO] : 📋 处理工单 1949321103872622593 (48/50) - 评论表: t_work_comment_2025
2025-12-12 10:45:00 [INFO] : 从表 t_work_comment_2025 获取工单 1949321103872622593 的 5 条完整对话记录（包含客户和客服）
2025-12-12 10:45:00 [INFO] : 💭 工单 1949321103872622593 获取到 5 条原始评论
2025-12-12 10:45:00 [INFO] : 🔍 工单 1949321103872622593 开始去噪处理 5 条有效评论...
2025-12-12 10:45:00 [INFO] : 🔍 开始过滤评论，原始数量: 5
2025-12-12 10:45:00 [INFO] : ✅ 评论过滤完成:
2025-12-12 10:45:00 [INFO] :   📥 原始数量: 5
2025-12-12 10:45:00 [INFO] :   📤 过滤后数量: 5
2025-12-12 10:45:00 [INFO] :   🗑️ 移除数量: 0
2025-12-12 10:45:00 [INFO] :   📊 过滤率: 0.0%
2025-12-12 10:45:00 [INFO] : ✅ 创建批次记录: batch_20251212_104500_ed2171af, 工单数: 1
2025-12-12 10:45:00 [INFO] : ✅ 更新批次统计: batch_20251212_104500_ed2171af, 状态: COMPLETED
2025-12-12 10:45:00 [INFO] : ✅ 保存工单 1949321103872622593 去噪记录成功，批次: batch_20251212_104500_ed2171af
2025-12-12 10:45:00 [INFO] : ✅ 工单 1949321103872622593 去噪完成: 5 -> 5 条评论
2025-12-12 10:45:00 [INFO] : 🧾 工单 1949321103872622593 首响开关: work_type=EXCHANGE, work_table_name=t_work_2025, is_after_sale=False, raw_comments=5, valid_comments=5
2025-12-12 10:45:00 [INFO] : ✅ 工单 1949321103872622593 有 5 条有效评论，构建完成对话数据
2025-12-12 10:45:00 [INFO] : 工单 1949321103872622593 AI状态更新为: PENDING
2025-12-12 10:45:00 [INFO] : 📋 处理工单 1949321026064089088 (49/50) - 评论表: t_work_comment_2025
2025-12-12 10:45:00 [INFO] : 从表 t_work_comment_2025 获取工单 1949321026064089088 的 3 条完整对话记录（包含客户和客服）
2025-12-12 10:45:00 [INFO] : 💭 工单 1949321026064089088 获取到 3 条原始评论
2025-12-12 10:45:00 [INFO] : 🔍 工单 1949321026064089088 开始去噪处理 3 条有效评论...
2025-12-12 10:45:00 [INFO] : 🔍 开始过滤评论，原始数量: 3
2025-12-12 10:45:00 [INFO] : ✅ 评论过滤完成:
2025-12-12 10:45:00 [INFO] :   📥 原始数量: 3
2025-12-12 10:45:00 [INFO] :   📤 过滤后数量: 3
2025-12-12 10:45:00 [INFO] :   🗑️ 移除数量: 0
2025-12-12 10:45:00 [INFO] :   📊 过滤率: 0.0%
2025-12-12 10:45:00 [INFO] : ✅ 创建批次记录: batch_20251212_104500_11f01091, 工单数: 1
2025-12-12 10:45:00 [INFO] : ✅ 更新批次统计: batch_20251212_104500_11f01091, 状态: COMPLETED
2025-12-12 10:45:00 [INFO] : ✅ 保存工单 1949321026064089088 去噪记录成功，批次: batch_20251212_104500_11f01091
2025-12-12 10:45:00 [INFO] : ✅ 工单 1949321026064089088 去噪完成: 3 -> 3 条评论
2025-12-12 10:45:00 [INFO] : 🧾 工单 1949321026064089088 首响开关: work_type=URGE_INSTALL, work_table_name=t_work_2025, is_after_sale=False, raw_comments=3, valid_comments=3
2025-12-12 10:45:00 [INFO] : ✅ 工单 1949321026064089088 有 3 条有效评论，构建完成对话数据
2025-12-12 10:45:00 [INFO] : 工单 1949321026064089088 AI状态更新为: PENDING
2025-12-12 10:45:00 [INFO] : 📋 处理工单 1949320950600171521 (50/50) - 评论表: t_work_comment_2025
2025-12-12 10:45:00 [INFO] : 从表 t_work_comment_2025 获取工单 1949320950600171521 的 2 条完整对话记录（包含客户和客服）
2025-12-12 10:45:00 [INFO] : 💭 工单 1949320950600171521 获取到 2 条原始评论
2025-12-12 10:45:00 [INFO] : 🔍 工单 1949320950600171521 开始去噪处理 2 条有效评论...
2025-12-12 10:45:00 [INFO] : 🔍 开始过滤评论，原始数量: 2
2025-12-12 10:45:00 [INFO] : ✅ 评论过滤完成:
2025-12-12 10:45:00 [INFO] :   📥 原始数量: 2
2025-12-12 10:45:00 [INFO] :   📤 过滤后数量: 2
2025-12-12 10:45:00 [INFO] :   🗑️ 移除数量: 0
2025-12-12 10:45:00 [INFO] :   📊 过滤率: 0.0%
2025-12-12 10:45:00 [INFO] : ✅ 创建批次记录: batch_20251212_104500_98f5b7f2, 工单数: 1
2025-12-12 10:45:00 [INFO] : ✅ 更新批次统计: batch_20251212_104500_98f5b7f2, 状态: COMPLETED
2025-12-12 10:45:00 [INFO] : ✅ 保存工单 1949320950600171521 去噪记录成功，批次: batch_20251212_104500_98f5b7f2
2025-12-12 10:45:00 [INFO] : ✅ 工单 1949320950600171521 去噪完成: 2 -> 2 条评论
2025-12-12 10:45:00 [INFO] : 🧾 工单 1949320950600171521 首响开关: work_type=FIND_SHOP, work_table_name=t_work_2025, is_after_sale=False, raw_comments=2, valid_comments=2
2025-12-12 10:45:00 [INFO] : ✅ 工单 1949320950600171521 有 2 条有效评论，构建完成对话数据
2025-12-12 10:45:00 [INFO] : 工单 1949320950600171521 AI状态更新为: PENDING
2025-12-12 10:45:00 [INFO] : ============================================================
2025-12-12 10:45:00 [INFO] : 📋 pending工单数据拉取完成总结:
2025-12-12 10:45:00 [INFO] :   📥 查询到工单总数: 50
2025-12-12 10:45:00 [INFO] :   💬 有评论可分析: 50
2025-12-12 10:45:00 [INFO] :   💭 无评论已完成: 0
2025-12-12 10:45:00 [INFO] :   🔍 执行去噪处理: 1
2025-12-12 10:45:00 [INFO] : ============================================================
2025-12-12 10:45:00 [INFO] : 📊 步骤1: pending数据拉取结果 - success: True
2025-12-12 10:45:00 [INFO] : ✅ 步骤1完成: 拉取pending数据成功，获取到 50 个工单
2025-12-12 10:45:00 [INFO] : 📊 pending工单统计详情:
2025-12-12 10:45:00 [INFO] :   📥 拉取工单总数: 50
2025-12-12 10:45:00 [INFO] :   💬 有评论待分析: 50
2025-12-12 10:45:00 [INFO] :   💭 无评论已处理: 0
2025-12-12 10:45:00 [INFO] :   🔍 去噪处理数量: 1
2025-12-12 10:45:00 [INFO] : 🔄 步骤2: 开始批量AI分析处理...
2025-12-12 10:45:00 [INFO] : ================================================================================
2025-12-12 10:45:00 [INFO] : 🧠 开始批量分析处理 50 个工单
2025-12-12 10:45:00 [INFO] : 📊 批量分析前预处理统计:
2025-12-12 10:45:00 [INFO] :   📥 输入工单总数: 50
2025-12-12 10:45:00 [INFO] :   🔄 去重后工单数: 50
2025-12-12 10:45:00 [INFO] :   💬 有评论可分析: 50
2025-12-12 10:45:00 [INFO] :   💭 无评论跳过: 0
2025-12-12 10:45:00 [INFO] : 🔒 开始原子性标记 50 个工单为处理中状态...
2025-12-12 10:45:00 [INFO] : ✅ 工单 1949320424995160065 成功标记为处理中 (1/50)
2025-12-12 10:45:00 [INFO] : ✅ 工单 1949320936033353729 成功标记为处理中 (2/50)
2025-12-12 10:45:00 [INFO] : ✅ 工单 1949320897504477185 成功标记为处理中 (3/50)
2025-12-12 10:45:00 [INFO] : ✅ 工单 1949320881616453632 成功标记为处理中 (4/50)
2025-12-12 10:45:00 [INFO] : ✅ 工单 1949320870279249921 成功标记为处理中 (5/50)
2025-12-12 10:45:00 [INFO] : ✅ 工单 1949320820316700673 成功标记为处理中 (6/50)
2025-12-12 10:45:00 [INFO] : ✅ 工单 1949320773831229441 成功标记为处理中 (7/50)
2025-12-12 10:45:00 [INFO] : ✅ 工单 1949320770337374209 成功标记为处理中 (8/50)
2025-12-12 10:45:00 [INFO] : ✅ 工单 1949320754126389249 成功标记为处理中 (9/50)
2025-12-12 10:45:00 [INFO] : ✅ 工单 1949320746492755969 成功标记为处理中 (10/50)
2025-12-12 10:45:00 [INFO] : ✅ 工单 1949320608030392321 成功标记为处理中 (11/50)
2025-12-12 10:45:00 [INFO] : ✅ 工单 1949320498848464897 成功标记为处理中 (12/50)
2025-12-12 10:45:00 [INFO] : ✅ 工单 1949320463230435329 成功标记为处理中 (13/50)
2025-12-12 10:45:00 [INFO] : ✅ 工单 1949322389871394817 成功标记为处理中 (14/50)
2025-12-12 10:45:00 [INFO] : ✅ 工单 1949320368711794689 成功标记为处理中 (15/50)
2025-12-12 10:45:00 [INFO] : ✅ 工单 1949320158568775681 成功标记为处理中 (16/50)
2025-12-12 10:45:00 [INFO] : ✅ 工单 1949319975479017473 成功标记为处理中 (17/50)
2025-12-12 10:45:00 [INFO] : ✅ 工单 1949319932697116673 成功标记为处理中 (18/50)
2025-12-12 10:45:00 [INFO] : ✅ 工单 1949319910970621953 成功标记为处理中 (19/50)
2025-12-12 10:45:00 [INFO] : ✅ 工单 1949319854494318593 成功标记为处理中 (20/50)
2025-12-12 10:45:00 [INFO] : ✅ 工单 1949319728115744769 成功标记为处理中 (21/50)
2025-12-12 10:45:00 [INFO] : ✅ 工单 1949319603070959617 成功标记为处理中 (22/50)
2025-12-12 10:45:00 [INFO] : ✅ 工单 1949319249868619777 成功标记为处理中 (23/50)
2025-12-12 10:45:00 [INFO] : ✅ 工单 1949319214841987073 成功标记为处理中 (24/50)
2025-12-12 10:45:00 [INFO] : ✅ 工单 1949319104812810241 成功标记为处理中 (25/50)
2025-12-12 10:45:00 [INFO] : ✅ 工单 1949321013145632769 成功标记为处理中 (26/50)
2025-12-12 10:45:00 [INFO] : ✅ 工单 1949322409878224897 成功标记为处理中 (27/50)
2025-12-12 10:45:00 [INFO] : ✅ 工单 1949322312272576512 成功标记为处理中 (28/50)
2025-12-12 10:45:00 [INFO] : ✅ 工单 1949322259290128385 成功标记为处理中 (29/50)
2025-12-12 10:45:00 [INFO] : ✅ 工单 1949322258950389761 成功标记为处理中 (30/50)
2025-12-12 10:45:00 [INFO] : ✅ 工单 1949322124959154177 成功标记为处理中 (31/50)
2025-12-12 10:45:00 [INFO] : ✅ 工单 1949322104507727873 成功标记为处理中 (32/50)
2025-12-12 10:45:00 [INFO] : ✅ 工单 1949322094525284353 成功标记为处理中 (33/50)
2025-12-12 10:45:00 [INFO] : ✅ 工单 1949321989508300800 成功标记为处理中 (34/50)
2025-12-12 10:45:00 [INFO] : ✅ 工单 1949321973028880384 成功标记为处理中 (35/50)
2025-12-12 10:45:00 [INFO] : ✅ 工单 1949321943740055553 成功标记为处理中 (36/50)
2025-12-12 10:45:00 [INFO] : ✅ 工单 1949321911322279937 成功标记为处理中 (37/50)
2025-12-12 10:45:00 [INFO] : ✅ 工单 1949321864316715008 成功标记为处理中 (38/50)
2025-12-12 10:45:00 [INFO] : ✅ 工单 1949321863528185857 成功标记为处理中 (39/50)
2025-12-12 10:45:00 [INFO] : ✅ 工单 1949321703515488257 成功标记为处理中 (40/50)
2025-12-12 10:45:00 [INFO] : ✅ 工单 1949321675845664769 成功标记为处理中 (41/50)
2025-12-12 10:45:00 [INFO] : ✅ 工单 1949321640806449153 成功标记为处理中 (42/50)
2025-12-12 10:45:00 [INFO] : ✅ 工单 1949321605687541761 成功标记为处理中 (43/50)
2025-12-12 10:45:00 [INFO] : ✅ 工单 1949321598443978753 成功标记为处理中 (44/50)
2025-12-12 10:45:00 [INFO] : ✅ 工单 1949321574679052289 成功标记为处理中 (45/50)
2025-12-12 10:45:00 [INFO] : ✅ 工单 1949321494400073729 成功标记为处理中 (46/50)
2025-12-12 10:45:00 [INFO] : ✅ 工单 1949321444081008641 成功标记为处理中 (47/50)
2025-12-12 10:45:00 [INFO] : ✅ 工单 1949321103872622593 成功标记为处理中 (48/50)
2025-12-12 10:45:00 [INFO] : ✅ 工单 1949321026064089088 成功标记为处理中 (49/50)
2025-12-12 10:45:00 [INFO] : ✅ 工单 1949320950600171521 成功标记为处理中 (50/50)
2025-12-12 10:45:00 [INFO] : 🔒 批量状态标记完成: 50/50 个工单成功标记为处理中状态
2025-12-12 10:45:00 [INFO] : 📋 工单 #1: ID=1949320424995160065, 评论数=3
2025-12-12 10:45:00 [INFO] : 📋 工单 #2: ID=1949320936033353729, 评论数=3
2025-12-12 10:45:00 [INFO] : 📋 工单 #3: ID=1949320897504477185, 评论数=3
2025-12-12 10:45:00 [INFO] : 🔄 准备创建 50 个分析任务，并发数: 5
2025-12-12 10:45:00 [INFO] : ⚡ 开始执行批量分析任务 - 目标工单数: 50, 并发数: 5
2025-12-12 10:45:00 [INFO] : 🔍 开始分析工单 1949320424995160065 的对话
2025-12-12 10:45:00 [INFO] : 从数据库加载分析关键词配置
2025-12-12 10:45:00 [INFO] : 成功加载 1 个分析关键词配置分类
2025-12-12 10:45:00 [INFO] : 成功从数据库加载 1 个关键词配置分类
2025-12-12 10:45:00 [INFO] : 📊 工单 1949320424995160065 关键词筛选结果: 可疑=False, 置信度=0.000
2025-12-12 10:45:00 [INFO] : ⏭️ 工单 1949320424995160065 未命中关键词阈值（置信度: 0.000），判定为低风险，不保存
2025-12-12 10:45:00 [INFO] : 🔍 开始分析工单 1949320936033353729 的对话
2025-12-12 10:45:00 [INFO] : 成功从数据库加载 1 个关键词配置分类
2025-12-12 10:45:00 [INFO] : 📊 工单 1949320936033353729 关键词筛选结果: 可疑=False, 置信度=0.000
2025-12-12 10:45:00 [INFO] : ⏭️ 工单 1949320936033353729 未命中关键词阈值（置信度: 0.000），判定为低风险，不保存
2025-12-12 10:45:00 [INFO] : 🔍 开始分析工单 1949320897504477185 的对话
2025-12-12 10:45:00 [INFO] : 成功从数据库加载 1 个关键词配置分类
2025-12-12 10:45:00 [INFO] : 📊 工单 1949320897504477185 关键词筛选结果: 可疑=False, 置信度=0.000
2025-12-12 10:45:00 [INFO] : ⏭️ 工单 1949320897504477185 未命中关键词阈值（置信度: 0.000），判定为低风险，不保存
2025-12-12 10:45:00 [INFO] : 🔍 开始分析工单 1949320881616453632 的对话
2025-12-12 10:45:00 [INFO] : 成功从数据库加载 1 个关键词配置分类
2025-12-12 10:45:00 [INFO] : 📊 工单 1949320881616453632 关键词筛选结果: 可疑=False, 置信度=0.000
2025-12-12 10:45:00 [INFO] : ⏭️ 工单 1949320881616453632 未命中关键词阈值（置信度: 0.000），判定为低风险，不保存
2025-12-12 10:45:00 [INFO] : 🔍 开始分析工单 1949320870279249921 的对话
2025-12-12 10:45:00 [INFO] : 成功从数据库加载 1 个关键词配置分类
2025-12-12 10:45:00 [INFO] : 📊 工单 1949320870279249921 关键词筛选结果: 可疑=False, 置信度=0.000
2025-12-12 10:45:00 [INFO] : ⏭️ 工单 1949320870279249921 未命中关键词阈值（置信度: 0.000），判定为低风险，不保存
2025-12-12 10:45:00 [INFO] : 🔍 开始分析工单 1949320820316700673 的对话
2025-12-12 10:45:00 [INFO] : 成功从数据库加载 1 个关键词配置分类
2025-12-12 10:45:00 [INFO] : 📊 工单 1949320820316700673 关键词筛选结果: 可疑=False, 置信度=0.000
2025-12-12 10:45:00 [INFO] : ⏭️ 工单 1949320820316700673 未命中关键词阈值（置信度: 0.000），判定为低风险，不保存
2025-12-12 10:45:00 [INFO] : 🔍 开始分析工单 1949320773831229441 的对话
2025-12-12 10:45:00 [INFO] : 成功从数据库加载 1 个关键词配置分类
2025-12-12 10:45:00 [INFO] : 📊 工单 1949320773831229441 关键词筛选结果: 可疑=False, 置信度=0.000
2025-12-12 10:45:00 [INFO] : ⏭️ 工单 1949320773831229441 未命中关键词阈值（置信度: 0.000），判定为低风险，不保存
2025-12-12 10:45:00 [INFO] : 🔍 开始分析工单 1949320770337374209 的对话
2025-12-12 10:45:00 [INFO] : 成功从数据库加载 1 个关键词配置分类
2025-12-12 10:45:00 [INFO] : 📊 工单 1949320770337374209 关键词筛选结果: 可疑=False, 置信度=0.000
2025-12-12 10:45:00 [INFO] : ⏭️ 工单 1949320770337374209 未命中关键词阈值（置信度: 0.000），判定为低风险，不保存
2025-12-12 10:45:00 [INFO] : 🔍 开始分析工单 1949320754126389249 的对话
2025-12-12 10:45:00 [INFO] : 成功从数据库加载 1 个关键词配置分类
2025-12-12 10:45:00 [INFO] : 📊 工单 1949320754126389249 关键词筛选结果: 可疑=False, 置信度=0.000
2025-12-12 10:45:00 [INFO] : ⏭️ 工单 1949320754126389249 未命中关键词阈值（置信度: 0.000），判定为低风险，不保存
2025-12-12 10:45:00 [INFO] : 🔍 开始分析工单 1949320746492755969 的对话
2025-12-12 10:45:00 [INFO] : 成功从数据库加载 1 个关键词配置分类
2025-12-12 10:45:00 [INFO] : 📊 工单 1949320746492755969 关键词筛选结果: 可疑=False, 置信度=0.000
2025-12-12 10:45:00 [INFO] : ⏭️ 工单 1949320746492755969 未命中关键词阈值（置信度: 0.000），判定为低风险，不保存
2025-12-12 10:45:00 [INFO] : 🔍 开始分析工单 1949320608030392321 的对话
2025-12-12 10:45:00 [INFO] : 成功从数据库加载 1 个关键词配置分类
2025-12-12 10:45:00 [INFO] : 📊 工单 1949320608030392321 关键词筛选结果: 可疑=False, 置信度=0.000
2025-12-12 10:45:00 [INFO] : ⏭️ 工单 1949320608030392321 未命中关键词阈值（置信度: 0.000），判定为低风险，不保存
2025-12-12 10:45:00 [INFO] : 🔍 开始分析工单 1949320498848464897 的对话
2025-12-12 10:45:00 [INFO] : 成功从数据库加载 1 个关键词配置分类
2025-12-12 10:45:00 [INFO] : 📊 工单 1949320498848464897 关键词筛选结果: 可疑=False, 置信度=0.000
2025-12-12 10:45:00 [INFO] : ⏭️ 工单 1949320498848464897 未命中关键词阈值（置信度: 0.000），判定为低风险，不保存
2025-12-12 10:45:00 [INFO] : 🔍 开始分析工单 1949320463230435329 的对话
2025-12-12 10:45:00 [INFO] : 成功从数据库加载 1 个关键词配置分类
2025-12-12 10:45:00 [INFO] : 📊 工单 1949320463230435329 关键词筛选结果: 可疑=False, 置信度=0.000
2025-12-12 10:45:00 [INFO] : ⏭️ 工单 1949320463230435329 未命中关键词阈值（置信度: 0.000），判定为低风险，不保存
2025-12-12 10:45:00 [INFO] : 🔍 开始分析工单 1949322389871394817 的对话
2025-12-12 10:45:00 [INFO] : 成功从数据库加载 1 个关键词配置分类
2025-12-12 10:45:00 [INFO] : 📊 工单 1949322389871394817 关键词筛选结果: 可疑=False, 置信度=0.000
2025-12-12 10:45:00 [INFO] : ⏭️ 工单 1949322389871394817 未命中关键词阈值（置信度: 0.000），判定为低风险，不保存
2025-12-12 10:45:00 [INFO] : 🔍 开始分析工单 1949320368711794689 的对话
2025-12-12 10:45:00 [INFO] : 成功从数据库加载 1 个关键词配置分类
2025-12-12 10:45:00 [INFO] : 📊 工单 1949320368711794689 关键词筛选结果: 可疑=False, 置信度=0.000
2025-12-12 10:45:00 [INFO] : ⏭️ 工单 1949320368711794689 未命中关键词阈值（置信度: 0.000），判定为低风险，不保存
2025-12-12 10:45:00 [INFO] : 🔍 开始分析工单 1949320158568775681 的对话
2025-12-12 10:45:00 [INFO] : 成功从数据库加载 1 个关键词配置分类
2025-12-12 10:45:00 [INFO] : 📊 工单 1949320158568775681 关键词筛选结果: 可疑=False, 置信度=0.000
2025-12-12 10:45:00 [INFO] : ⏭️ 工单 1949320158568775681 未命中关键词阈值（置信度: 0.000），判定为低风险，不保存
2025-12-12 10:45:00 [INFO] : 🔍 开始分析工单 1949319975479017473 的对话
2025-12-12 10:45:00 [INFO] : 成功从数据库加载 1 个关键词配置分类
2025-12-12 10:45:00 [INFO] : 📊 工单 1949319975479017473 关键词筛选结果: 可疑=False, 置信度=0.200
2025-12-12 10:45:00 [INFO] : ⏭️ 工单 1949319975479017473 未命中关键词阈值（置信度: 0.200），判定为低风险，不保存
2025-12-12 10:45:00 [INFO] : 🔍 开始分析工单 1949319932697116673 的对话
2025-12-12 10:45:00 [INFO] : 成功从数据库加载 1 个关键词配置分类
2025-12-12 10:45:00 [INFO] : 📊 工单 1949319932697116673 关键词筛选结果: 可疑=False, 置信度=0.000
2025-12-12 10:45:00 [INFO] : ⏭️ 工单 1949319932697116673 未命中关键词阈值（置信度: 0.000），判定为低风险，不保存
2025-12-12 10:45:00 [INFO] : 🔍 开始分析工单 1949319910970621953 的对话
2025-12-12 10:45:00 [INFO] : 成功从数据库加载 1 个关键词配置分类
2025-12-12 10:45:00 [INFO] : 📊 工单 1949319910970621953 关键词筛选结果: 可疑=False, 置信度=0.200
2025-12-12 10:45:00 [INFO] : ⏭️ 工单 1949319910970621953 未命中关键词阈值（置信度: 0.200），判定为低风险，不保存
2025-12-12 10:45:00 [INFO] : 🔍 开始分析工单 1949319854494318593 的对话
2025-12-12 10:45:00 [INFO] : 成功从数据库加载 1 个关键词配置分类
2025-12-12 10:45:00 [INFO] : 📊 工单 1949319854494318593 关键词筛选结果: 可疑=False, 置信度=0.000
2025-12-12 10:45:00 [INFO] : ⏭️ 工单 1949319854494318593 未命中关键词阈值（置信度: 0.000），判定为低风险，不保存
2025-12-12 10:45:00 [INFO] : 🔍 开始分析工单 1949319728115744769 的对话
2025-12-12 10:45:00 [INFO] : 成功从数据库加载 1 个关键词配置分类
2025-12-12 10:45:00 [INFO] : 📊 工单 1949319728115744769 关键词筛选结果: 可疑=False, 置信度=0.000
2025-12-12 10:45:00 [INFO] : ⏭️ 工单 1949319728115744769 未命中关键词阈值（置信度: 0.000），判定为低风险，不保存
2025-12-12 10:45:00 [INFO] : 🔍 开始分析工单 1949319603070959617 的对话
2025-12-12 10:45:00 [INFO] : 成功从数据库加载 1 个关键词配置分类
2025-12-12 10:45:00 [INFO] : 📊 工单 1949319603070959617 关键词筛选结果: 可疑=False, 置信度=0.000
2025-12-12 10:45:00 [INFO] : ⏭️ 工单 1949319603070959617 未命中关键词阈值（置信度: 0.000），判定为低风险，不保存
2025-12-12 10:45:00 [INFO] : 🔍 开始分析工单 1949319249868619777 的对话
2025-12-12 10:45:00 [INFO] : 成功从数据库加载 1 个关键词配置分类
2025-12-12 10:45:00 [INFO] : 📊 工单 1949319249868619777 关键词筛选结果: 可疑=False, 置信度=0.000
2025-12-12 10:45:00 [INFO] : ⏭️ 工单 1949319249868619777 未命中关键词阈值（置信度: 0.000），判定为低风险，不保存
2025-12-12 10:45:00 [INFO] : 🔍 开始分析工单 1949319214841987073 的对话
2025-12-12 10:45:00 [INFO] : 成功从数据库加载 1 个关键词配置分类
2025-12-12 10:45:00 [INFO] : 📊 工单 1949319214841987073 关键词筛选结果: 可疑=False, 置信度=0.000
2025-12-12 10:45:00 [INFO] : ⏭️ 工单 1949319214841987073 未命中关键词阈值（置信度: 0.000），判定为低风险，不保存
2025-12-12 10:45:00 [INFO] : 🔍 开始分析工单 1949319104812810241 的对话
2025-12-12 10:45:00 [INFO] : 成功从数据库加载 1 个关键词配置分类
2025-12-12 10:45:00 [INFO] : 📊 工单 1949319104812810241 关键词筛选结果: 可疑=False, 置信度=0.000
2025-12-12 10:45:00 [INFO] : ⏭️ 工单 1949319104812810241 未命中关键词阈值（置信度: 0.000），判定为低风险，不保存
2025-12-12 10:45:00 [INFO] : 🔍 开始分析工单 1949321013145632769 的对话
2025-12-12 10:45:00 [INFO] : 成功从数据库加载 1 个关键词配置分类
2025-12-12 10:45:00 [INFO] : 📊 工单 1949321013145632769 关键词筛选结果: 可疑=False, 置信度=0.000
2025-12-12 10:45:00 [INFO] : ⏭️ 工单 1949321013145632769 未命中关键词阈值（置信度: 0.000），判定为低风险，不保存
2025-12-12 10:45:00 [INFO] : 🔍 开始分析工单 1949322409878224897 的对话
2025-12-12 10:45:00 [INFO] : 成功从数据库加载 1 个关键词配置分类
2025-12-12 10:45:00 [INFO] : 📊 工单 1949322409878224897 关键词筛选结果: 可疑=False, 置信度=0.000
2025-12-12 10:45:00 [INFO] : ⏭️ 工单 1949322409878224897 未命中关键词阈值（置信度: 0.000），判定为低风险，不保存
2025-12-12 10:45:00 [INFO] : 🔍 开始分析工单 1949322312272576512 的对话
2025-12-12 10:45:00 [INFO] : 成功从数据库加载 1 个关键词配置分类
2025-12-12 10:45:00 [INFO] : 📊 工单 1949322312272576512 关键词筛选结果: 可疑=False, 置信度=0.000
2025-12-12 10:45:00 [INFO] : ⏭️ 工单 1949322312272576512 未命中关键词阈值（置信度: 0.000），判定为低风险，不保存
2025-12-12 10:45:00 [INFO] : 🔍 开始分析工单 1949322259290128385 的对话
2025-12-12 10:45:00 [INFO] : 成功从数据库加载 1 个关键词配置分类
2025-12-12 10:45:00 [INFO] : 📊 工单 1949322259290128385 关键词筛选结果: 可疑=False, 置信度=0.000
2025-12-12 10:45:00 [INFO] : ⏭️ 工单 1949322259290128385 未命中关键词阈值（置信度: 0.000），判定为低风险，不保存
2025-12-12 10:45:00 [INFO] : 🔍 开始分析工单 1949322258950389761 的对话
2025-12-12 10:45:00 [INFO] : 成功从数据库加载 1 个关键词配置分类
2025-12-12 10:45:00 [INFO] : 📊 工单 1949322258950389761 关键词筛选结果: 可疑=False, 置信度=0.000
2025-12-12 10:45:00 [INFO] : ⏭️ 工单 1949322258950389761 未命中关键词阈值（置信度: 0.000），判定为低风险，不保存
2025-12-12 10:45:00 [INFO] : 🔍 开始分析工单 1949322124959154177 的对话
2025-12-12 10:45:00 [INFO] : 成功从数据库加载 1 个关键词配置分类
2025-12-12 10:45:00 [INFO] : 📊 工单 1949322124959154177 关键词筛选结果: 可疑=False, 置信度=0.000
2025-12-12 10:45:00 [INFO] : ⏭️ 工单 1949322124959154177 未命中关键词阈值（置信度: 0.000），判定为低风险，不保存
2025-12-12 10:45:00 [INFO] : 🔍 开始分析工单 1949322104507727873 的对话
2025-12-12 10:45:00 [INFO] : 成功从数据库加载 1 个关键词配置分类
2025-12-12 10:45:00 [INFO] : 📊 工单 1949322104507727873 关键词筛选结果: 可疑=False, 置信度=0.000
2025-12-12 10:45:00 [INFO] : ⏭️ 工单 1949322104507727873 未命中关键词阈值（置信度: 0.000），判定为低风险，不保存
2025-12-12 10:45:00 [INFO] : 🔍 开始分析工单 1949322094525284353 的对话
2025-12-12 10:45:00 [INFO] : 成功从数据库加载 1 个关键词配置分类
2025-12-12 10:45:00 [INFO] : 📊 工单 1949322094525284353 关键词筛选结果: 可疑=False, 置信度=0.000
2025-12-12 10:45:00 [INFO] : ⏭️ 工单 1949322094525284353 未命中关键词阈值（置信度: 0.000），判定为低风险，不保存
2025-12-12 10:45:00 [INFO] : 🔍 开始分析工单 1949321989508300800 的对话
2025-12-12 10:45:00 [INFO] : 成功从数据库加载 1 个关键词配置分类
2025-12-12 10:45:00 [INFO] : 📊 工单 1949321989508300800 关键词筛选结果: 可疑=False, 置信度=0.000
2025-12-12 10:45:00 [INFO] : ⏭️ 工单 1949321989508300800 未命中关键词阈值（置信度: 0.000），判定为低风险，不保存
2025-12-12 10:45:00 [INFO] : 🔍 开始分析工单 1949321973028880384 的对话
2025-12-12 10:45:00 [INFO] : 成功从数据库加载 1 个关键词配置分类
2025-12-12 10:45:00 [INFO] : 📊 工单 1949321973028880384 关键词筛选结果: 可疑=False, 置信度=0.000
2025-12-12 10:45:00 [INFO] : ⏭️ 工单 1949321973028880384 未命中关键词阈值（置信度: 0.000），判定为低风险，不保存
2025-12-12 10:45:00 [INFO] : 🔍 开始分析工单 1949321943740055553 的对话
2025-12-12 10:45:00 [INFO] : 成功从数据库加载 1 个关键词配置分类
2025-12-12 10:45:00 [INFO] : 📊 工单 1949321943740055553 关键词筛选结果: 可疑=True, 置信度=1.000
2025-12-12 10:45:00 [INFO] : 🎯 工单 1949321943740055553 命中关键词类别: ['推卸责任']，置信度: 1.000
2025-12-12 10:45:00 [INFO] : 📊 工单 1949321943740055553 正则匹配结果: 收集到 11 条证据
2025-12-12 10:45:00 [INFO] : 工单 1949321943740055553 匹配分类: ['推卸责任'] -> category_keys: ['responsibility_evasion']
2025-12-12 10:45:00 [WARNING] : 目标分类 ['responsibility_evasion'] 中没有启用的分类
2025-12-12 10:45:00 [INFO] : 🔍 开始分析工单 1949321911322279937 的对话
2025-12-12 10:45:00 [INFO] : 成功从数据库加载 1 个关键词配置分类
2025-12-12 10:45:00 [INFO] : 📊 工单 1949321911322279937 关键词筛选结果: 可疑=False, 置信度=0.200
2025-12-12 10:45:00 [INFO] : ⏭️ 工单 1949321911322279937 未命中关键词阈值（置信度: 0.200），判定为低风险，不保存
2025-12-12 10:45:00 [INFO] : 🔍 开始分析工单 1949321864316715008 的对话
2025-12-12 10:45:00 [INFO] : 成功从数据库加载 1 个关键词配置分类
2025-12-12 10:45:00 [INFO] : 📊 工单 1949321864316715008 关键词筛选结果: 可疑=False, 置信度=0.000
2025-12-12 10:45:00 [INFO] : ⏭️ 工单 1949321864316715008 未命中关键词阈值（置信度: 0.000），判定为低风险，不保存
2025-12-12 10:45:00 [INFO] : 🔍 开始分析工单 1949321863528185857 的对话
2025-12-12 10:45:00 [INFO] : 成功从数据库加载 1 个关键词配置分类
2025-12-12 10:45:00 [INFO] : 📊 工单 1949321863528185857 关键词筛选结果: 可疑=False, 置信度=0.200
2025-12-12 10:45:00 [INFO] : ⏭️ 工单 1949321863528185857 未命中关键词阈值（置信度: 0.200），判定为低风险，不保存
2025-12-12 10:45:00 [INFO] : 🔍 开始分析工单 1949321703515488257 的对话
2025-12-12 10:45:00 [INFO] : 成功从数据库加载 1 个关键词配置分类
2025-12-12 10:45:00 [INFO] : 📊 工单 1949321703515488257 关键词筛选结果: 可疑=False, 置信度=0.000
2025-12-12 10:45:00 [INFO] : ⏭️ 工单 1949321703515488257 未命中关键词阈值（置信度: 0.000），判定为低风险，不保存
2025-12-12 10:45:00 [INFO] : 🔍 开始分析工单 1949321675845664769 的对话
2025-12-12 10:45:00 [INFO] : 成功从数据库加载 1 个关键词配置分类
2025-12-12 10:45:00 [INFO] : 📊 工单 1949321675845664769 关键词筛选结果: 可疑=False, 置信度=0.000
2025-12-12 10:45:00 [INFO] : ⏭️ 工单 1949321675845664769 未命中关键词阈值（置信度: 0.000），判定为低风险，不保存
2025-12-12 10:45:00 [INFO] : 🔍 开始分析工单 1949321640806449153 的对话
2025-12-12 10:45:00 [INFO] : 成功从数据库加载 1 个关键词配置分类
2025-12-12 10:45:00 [INFO] : 📊 工单 1949321640806449153 关键词筛选结果: 可疑=False, 置信度=0.000
2025-12-12 10:45:00 [INFO] : ⏭️ 工单 1949321640806449153 未命中关键词阈值（置信度: 0.000），判定为低风险，不保存
2025-12-12 10:45:00 [INFO] : 🔍 开始分析工单 1949321605687541761 的对话
2025-12-12 10:45:00 [INFO] : 成功从数据库加载 1 个关键词配置分类
2025-12-12 10:45:00 [INFO] : 📊 工单 1949321605687541761 关键词筛选结果: 可疑=False, 置信度=0.200
2025-12-12 10:45:00 [INFO] : ⏭️ 工单 1949321605687541761 未命中关键词阈值（置信度: 0.200），判定为低风险，不保存
2025-12-12 10:45:00 [INFO] : 🔍 开始分析工单 1949321598443978753 的对话
2025-12-12 10:45:00 [INFO] : 成功从数据库加载 1 个关键词配置分类
2025-12-12 10:45:00 [INFO] : 📊 工单 1949321598443978753 关键词筛选结果: 可疑=False, 置信度=0.000
2025-12-12 10:45:00 [INFO] : ⏭️ 工单 1949321598443978753 未命中关键词阈值（置信度: 0.000），判定为低风险，不保存
2025-12-12 10:45:00 [INFO] : 🔍 开始分析工单 1949321574679052289 的对话
2025-12-12 10:45:00 [INFO] : 成功从数据库加载 1 个关键词配置分类
2025-12-12 10:45:00 [INFO] : 📊 工单 1949321574679052289 关键词筛选结果: 可疑=False, 置信度=0.000
2025-12-12 10:45:00 [INFO] : ⏭️ 工单 1949321574679052289 未命中关键词阈值（置信度: 0.000），判定为低风险，不保存
2025-12-12 10:45:00 [INFO] : 🔍 开始分析工单 1949321494400073729 的对话
2025-12-12 10:45:00 [INFO] : 成功从数据库加载 1 个关键词配置分类
2025-12-12 10:45:00 [INFO] : 📊 工单 1949321494400073729 关键词筛选结果: 可疑=False, 置信度=0.200
2025-12-12 10:45:00 [INFO] : ⏭️ 工单 1949321494400073729 未命中关键词阈值（置信度: 0.200），判定为低风险，不保存
2025-12-12 10:45:00 [INFO] : 🔍 开始分析工单 1949321444081008641 的对话
2025-12-12 10:45:00 [INFO] : 成功从数据库加载 1 个关键词配置分类
2025-12-12 10:45:00 [INFO] : 📊 工单 1949321444081008641 关键词筛选结果: 可疑=False, 置信度=0.200
2025-12-12 10:45:00 [INFO] : ⏭️ 工单 1949321444081008641 未命中关键词阈值（置信度: 0.200），判定为低风险，不保存
2025-12-12 10:45:00 [INFO] : 🔍 开始分析工单 1949321103872622593 的对话
2025-12-12 10:45:00 [INFO] : 成功从数据库加载 1 个关键词配置分类
2025-12-12 10:45:00 [INFO] : 📊 工单 1949321103872622593 关键词筛选结果: 可疑=False, 置信度=0.000
2025-12-12 10:45:00 [INFO] : ⏭️ 工单 1949321103872622593 未命中关键词阈值（置信度: 0.000），判定为低风险，不保存
2025-12-12 10:45:00 [INFO] : 🔍 开始分析工单 1949321026064089088 的对话
2025-12-12 10:45:00 [INFO] : 成功从数据库加载 1 个关键词配置分类
2025-12-12 10:45:00 [INFO] : 📊 工单 1949321026064089088 关键词筛选结果: 可疑=False, 置信度=0.000
2025-12-12 10:45:00 [INFO] : ⏭️ 工单 1949321026064089088 未命中关键词阈值（置信度: 0.000），判定为低风险，不保存
2025-12-12 10:45:00 [INFO] : 🔍 开始分析工单 1949320950600171521 的对话
2025-12-12 10:45:00 [INFO] : 成功从数据库加载 1 个关键词配置分类
2025-12-12 10:45:00 [INFO] : 📊 工单 1949320950600171521 关键词筛选结果: 可疑=False, 置信度=0.000
2025-12-12 10:45:00 [INFO] : ⏭️ 工单 1949320950600171521 未命中关键词阈值（置信度: 0.000），判定为低风险，不保存
2025-12-12 10:45:01 [WARNING] : ⚠️ 工单 1949321943740055553 LLM分析失败: HTTP 404: {"error":{"code":"InvalidEndpointOrModel.NotFound","message":"The model or endpoint kimi-k2-250711 does not exist or you do not have access to it. Request id: 021765507501174aafb70253f86f133b2b849e439c96064c06d12","param":"","type":"Not Found"}}，降级到正则判定
2025-12-12 10:45:01 [INFO] : ⚡ 批量分析任务执行完成，开始处理和保存结果...
2025-12-12 10:45:01 [INFO] : 📊 开始处理 50 个分析结果...
2025-12-12 10:45:01 [INFO] : 工单 1949320424995160065 AI状态更新为: COMPLETED
2025-12-12 10:45:01 [INFO] : 工单 1949320936033353729 AI状态更新为: COMPLETED
2025-12-12 10:45:01 [INFO] : 工单 1949320897504477185 AI状态更新为: COMPLETED
2025-12-12 10:45:01 [INFO] : 工单 1949320881616453632 AI状态更新为: COMPLETED
2025-12-12 10:45:01 [INFO] : 工单 1949320870279249921 AI状态更新为: COMPLETED
2025-12-12 10:45:01 [INFO] : 工单 1949320820316700673 AI状态更新为: COMPLETED
2025-12-12 10:45:01 [INFO] : 工单 1949320773831229441 AI状态更新为: COMPLETED
2025-12-12 10:45:01 [INFO] : 工单 1949320770337374209 AI状态更新为: COMPLETED
2025-12-12 10:45:01 [INFO] : 工单 1949320754126389249 AI状态更新为: COMPLETED
2025-12-12 10:45:01 [INFO] : 工单 1949320746492755969 AI状态更新为: COMPLETED
2025-12-12 10:45:01 [INFO] : 工单 1949320608030392321 AI状态更新为: COMPLETED
2025-12-12 10:45:01 [INFO] : 工单 1949320498848464897 AI状态更新为: COMPLETED
2025-12-12 10:45:01 [INFO] : 工单 1949320463230435329 AI状态更新为: COMPLETED
2025-12-12 10:45:01 [INFO] : 工单 1949322389871394817 AI状态更新为: COMPLETED
2025-12-12 10:45:01 [INFO] : 工单 1949320368711794689 AI状态更新为: COMPLETED
2025-12-12 10:45:01 [INFO] : 工单 1949320158568775681 AI状态更新为: COMPLETED
2025-12-12 10:45:01 [INFO] : 工单 1949319975479017473 AI状态更新为: COMPLETED
2025-12-12 10:45:01 [INFO] : 工单 1949319932697116673 AI状态更新为: COMPLETED
2025-12-12 10:45:01 [INFO] : 工单 1949319910970621953 AI状态更新为: COMPLETED
2025-12-12 10:45:01 [INFO] : 工单 1949319854494318593 AI状态更新为: COMPLETED
2025-12-12 10:45:01 [INFO] : 工单 1949319728115744769 AI状态更新为: COMPLETED
2025-12-12 10:45:01 [INFO] : 工单 1949319603070959617 AI状态更新为: COMPLETED
2025-12-12 10:45:01 [INFO] : 工单 1949319249868619777 AI状态更新为: COMPLETED
2025-12-12 10:45:01 [INFO] : 工单 1949319214841987073 AI状态更新为: COMPLETED
2025-12-12 10:45:01 [INFO] : 工单 1949319104812810241 AI状态更新为: COMPLETED
2025-12-12 10:45:01 [INFO] : 工单 1949321013145632769 AI状态更新为: COMPLETED
2025-12-12 10:45:01 [INFO] : 工单 1949322409878224897 AI状态更新为: COMPLETED
2025-12-12 10:45:01 [INFO] : 工单 1949322312272576512 AI状态更新为: COMPLETED
2025-12-12 10:45:01 [INFO] : 工单 1949322259290128385 AI状态更新为: COMPLETED
2025-12-12 10:45:01 [INFO] : 工单 1949322258950389761 AI状态更新为: COMPLETED
2025-12-12 10:45:01 [INFO] : 工单 1949322124959154177 AI状态更新为: COMPLETED
2025-12-12 10:45:01 [INFO] : 工单 1949322104507727873 AI状态更新为: COMPLETED
2025-12-12 10:45:01 [INFO] : 工单 1949322094525284353 AI状态更新为: COMPLETED
2025-12-12 10:45:01 [INFO] : 工单 1949321989508300800 AI状态更新为: COMPLETED
2025-12-12 10:45:01 [INFO] : 工单 1949321973028880384 AI状态更新为: COMPLETED
2025-12-12 10:45:01 [INFO] : 💾 保存工单 1949321943740055553 分析结果: 风险级别=high, 规避责任=True
2025-12-12 10:45:01 [INFO] : === 开始发现工单分表 ===
2025-12-12 10:45:01 [INFO] : 执行SQL查询发现工单表，匹配模式: t_work_order_%
2025-12-12 10:45:01 [INFO] : ✓ 查询到 6 个候选工单表: ['t_work_order_problem', 't_work_order_2025', 't_work_order_2024', 't_work_order_2023', 't_work_order_2022', 't_work_order_2010']
2025-12-12 10:45:01 [WARNING] : ⚠️ 表 t_work_order_problem 格式不匹配年份模式，跳过
2025-12-12 10:45:01 [WARNING] : ⚠️ 表 t_work_order_2010 年份 2010 超出有效范围 (2020-2030)
2025-12-12 10:45:01 [INFO] : ✓ 发现 4 个有效工单表: ['t_work_order_2025', 't_work_order_2024', 't_work_order_2023', 't_work_order_2022']
2025-12-12 10:45:01 [INFO] : 📊 保存时统计工单 1949321943740055553: 总495条，客户278条，客服217条
2025-12-12 10:45:01 [ERROR] : ❌ SQL执行失败，工单 1949321943740055553，错误: (pymysql.err.OperationalError) (1054, "Unknown column 'work_create_time' in 'field list'")
[SQL: 
            INSERT INTO ai_work_comment_analysis_results (
                work_id, order_id, order_no, session_id, session_start_time, session_end_time,
                total_comments, customer_comments, service_comments,
                has_evasion, risk_level, confidence_score,
                evasion_types, evidence_sentences, improvement_suggestions,
                keyword_screening_score, matched_categories, matched_keywords, is_suspicious,
                sentiment, sentiment_intensity, conversation_text,
                work_create_time, first_service_reply_name,
                first_response_seconds, first_response_timeout, first_response_rule_seconds,
                first_customer_message_time, first_service_reply_time,
                llm_raw_response, analysis_details, analysis_note,
                llm_provider, llm_model, llm_tokens_used,
                analysis_time, created_at, updated_at
            ) VALUES (
                %(work_id)s, %(order_id)s, %(order_no)s, %(session_id)s, %(session_start_time)s, %(session_end_time)s,
                %(total_comments)s, %(customer_comments)s, %(service_comments)s,
                %(has_evasion)s, %(risk_level)s, %(confidence_score)s,
                %(evasion_types)s, %(evidence_sentences)s, %(improvement_suggestions)s,
                %(keyword_screening_score)s, %(matched_categories)s, %(matched_keywords)s, %(is_suspicious)s,
                %(sentiment)s, %(sentiment_intensity)s, %(conversation_text)s,
                %(work_create_time)s, %(first_service_reply_name)s,
                %(first_response_seconds)s, %(first_response_timeout)s, %(first_response_rule_seconds)s,
                %(first_customer_message_time)s, %(first_service_reply_time)s,
                %(llm_raw_response)s, %(analysis_details)s, %(analysis_note)s,
                %(llm_provider)s, %(llm_model)s, %(llm_tokens_used)s,
                %(analysis_time)s, %(created_at)s, %(updated_at)s
            ) ON DUPLICATE KEY UPDATE
                order_id = VALUES(order_id),
                order_no = VALUES(order_no),
                session_id = VALUES(session_id),
                session_start_time = VALUES(session_start_time),
                session_end_time = VALUES(session_end_time),
                total_comments = VALUES(total_comments),
                customer_comments = VALUES(customer_comments),
                service_comments = VALUES(service_comments),
                has_evasion = VALUES(has_evasion),
                risk_level = VALUES(risk_level),
                confidence_score = VALUES(confidence_score),
                evasion_types = VALUES(evasion_types),
                evidence_sentences = VALUES(evidence_sentences),
                improvement_suggestions = VALUES(improvement_suggestions),
                keyword_screening_score = VALUES(keyword_screening_score),
                matched_categories = VALUES(matched_categories),
                matched_keywords = VALUES(matched_keywords),
                is_suspicious = VALUES(is_suspicious),
                sentiment = VALUES(sentiment),
                sentiment_intensity = VALUES(sentiment_intensity),
                conversation_text = VALUES(conversation_text),
                work_create_time = VALUES(work_create_time),
                first_service_reply_name = VALUES(first_service_reply_name),
                first_response_seconds = VALUES(first_response_seconds),
                first_response_timeout = VALUES(first_response_timeout),
                first_response_rule_seconds = VALUES(first_response_rule_seconds),
                first_customer_message_time = VALUES(first_customer_message_time),
                first_service_reply_time = VALUES(first_service_reply_time),
                llm_raw_response = VALUES(llm_raw_response),
                analysis_details = VALUES(analysis_details),
                analysis_note = VALUES(analysis_note),
                llm_provider = VALUES(llm_provider),
                llm_model = VALUES(llm_model),
                llm_tokens_used = VALUES(llm_tokens_used),
                analysis_time = VALUES(analysis_time),
                updated_at = VALUES(updated_at)
            ]
[parameters: {'work_id': 1949321943740055553, 'order_id': 1946749200750346240, 'order_no': '2837634170167652663', 'session_id': '1949321943740055553', 'session_start_time': datetime.datetime(2025, 7, 27, 12, 12, 22), 'session_end_time': datetime.datetime(2025, 8, 19, 12, 17, 45), 'total_comments': 495, 'customer_comments': 278, 'service_comments': 217, 'has_evasion': 1, 'risk_level': 'high', 'confidence_score': 1.0, 'evasion_types': '"推卸责任"', 'evidence_sentences': '[{"rule_type": "keyword", "rule_name": "推卸责任", "category": "推卸责任", "matched_keyword": "找师傅", "matched_pattern": null, "matched_text": "找师傅", "message ... (11160 characters truncated) ... 模式 \'(找|联系|去问).*(师傅|厂家|供应商|4S店|原厂)\' 在类别 \'推卸责任\' 中匹配成功"}, "analysis_timestamp": "2025-12-12T10:45:00.903893", "evidence_status": "pattern_matched"}]', 'improvement_suggestions': '["检测到 推卸责任 相关行为，建议加强服务质量管控和人员培训"]', 'keyword_screening_score': 1.0, 'matched_categories': '推卸责任', 'matched_keywords': '{"推卸责任": {"keywords": ["找师傅", "没办法"], "patterns": ["(不是|不属于).*(我们|门店|本店).*(问题|责任|负责)", "(这是|属于).*(厂家|师傅|供应商|原厂).*(问题|责任)", "(找|联系|去问).*(师傅|厂家|供应商|4S店 ... (11 characters truncated) ... |安装师傅).*(自己|负责|承担).*(责任|问题)", "(贴膜|安装|维修).*(问题|效果).*找.*(师傅|技师)", "(没办法|无能为力|爱莫能助|无可奈何).*解决"], "score": 1.4, "risk_level": "high", "excluded": false}}', 'is_suspicious': 1, 'sentiment': 'negative', 'sentiment_intensity': 0.7, 'conversation_text': '[2025-07-27 12:12:22] 客服(春佩-小童): 需要补发  对接\n[2025-07-27 12:12:47] 客服(妞妞售后-赵如花): 已接单, 马上联系处理\n[2025-07-27 12:20:45] 客服(妞妞售后-赵如花): 帮忙补发主副驾驶的膜到点贴  不接受补偿和 ... (25802 characters truncated) ... 服(酒鬼队-殷伟娟): 还没打款 等下哈\n[2025-08-14 11:36:23] 客服(春佩-芳芳): 好的\n[2025-08-14 11:36:44] 客服(酒鬼队-殷伟娟): 我打完款在撤单\n[2025-08-19 12:17:45] 客服(酒鬼队-殷伟娟): 【自动完结工单】已撤单', 'work_create_time': None, 'first_service_reply_name': '妞妞售后-赵如花', 'first_response_seconds': 25, 'first_response_timeout': 0, 'first_response_rule_seconds': 120, 'first_customer_message_time': datetime.datetime(2025, 7, 27, 12, 12, 22), 'first_service_reply_time': datetime.datetime(2025, 7, 27, 12, 12, 47), 'llm_raw_response': None, 'analysis_details': '{"has_evasion": true, "risk_level": "high", "confidence_score": 1.0, "evasion_types": "推卸责任", "evidence_sentences": [{"rule_type": "keyword", "rule_n ... (50521 characters truncated) ... 12:22", "first_service_reply_time": "2025-07-27T12:12:47", "first_service_reply_name": "妞妞售后-赵如花", "customer_messages": 278, "service_messages": 217}', 'analysis_note': '风险级别: high, 置信度: 1.000 | 问题类型: 推卸责任 | 证据条数: 11 | 主要证据: 1. [推卸责任-关键词] 找师傅 | 2. [推卸责任-关键词] 找师傅 | ... 还有9条证据 | 匹配关键词: 找师傅, 没办法 | 对话统计: 总495条(客户0条,服务463条) | 基于关键词规则直接判定', 'llm_provider': 'volcengine', 'llm_model': 'kimi-k2-250711', 'llm_tokens_used': 0, 'analysis_time': datetime.datetime(2025, 12, 12, 10, 45, 1, 411424), 'created_at': datetime.datetime(2025, 12, 12, 10, 45, 1, 411425), 'updated_at': datetime.datetime(2025, 12, 12, 10, 45, 1, 411426)}]
(Background on this error at: https://sqlalche.me/e/20/e3q8)
2025-12-12 10:45:01 [ERROR] : 📊 参数类型统计: evidence_sentences=<class 'str'>, matched_keywords=<class 'str'>, analysis_details=<class 'str'>
2025-12-12 10:45:01 [ERROR] : 🔍 SQL语句片段: 
            INSERT INTO ai_work_comment_analysis_results (
                work_id, order_id, order_no, session_id, session_start_time, session_end_time,
                total_comments, customer_comm...
2025-12-12 10:45:01 [INFO] : 🔄 修复参数类型后重试保存工单 1949321943740055553
2025-12-12 10:45:01 [ERROR] : 保存工单 1949321943740055553 分析结果失败: (pymysql.err.OperationalError) (1054, "Unknown column 'work_create_time' in 'field list'")
[SQL: 
            INSERT INTO ai_work_comment_analysis_results (
                work_id, order_id, order_no, session_id, session_start_time, session_end_time,
                total_comments, customer_comments, service_comments,
                has_evasion, risk_level, confidence_score,
                evasion_types, evidence_sentences, improvement_suggestions,
                keyword_screening_score, matched_categories, matched_keywords, is_suspicious,
                sentiment, sentiment_intensity, conversation_text,
                work_create_time, first_service_reply_name,
                first_response_seconds, first_response_timeout, first_response_rule_seconds,
                first_customer_message_time, first_service_reply_time,
                llm_raw_response, analysis_details, analysis_note,
                llm_provider, llm_model, llm_tokens_used,
                analysis_time, created_at, updated_at
            ) VALUES (
                %(work_id)s, %(order_id)s, %(order_no)s, %(session_id)s, %(session_start_time)s, %(session_end_time)s,
                %(total_comments)s, %(customer_comments)s, %(service_comments)s,
                %(has_evasion)s, %(risk_level)s, %(confidence_score)s,
                %(evasion_types)s, %(evidence_sentences)s, %(improvement_suggestions)s,
                %(keyword_screening_score)s, %(matched_categories)s, %(matched_keywords)s, %(is_suspicious)s,
                %(sentiment)s, %(sentiment_intensity)s, %(conversation_text)s,
                %(work_create_time)s, %(first_service_reply_name)s,
                %(first_response_seconds)s, %(first_response_timeout)s, %(first_response_rule_seconds)s,
                %(first_customer_message_time)s, %(first_service_reply_time)s,
                %(llm_raw_response)s, %(analysis_details)s, %(analysis_note)s,
                %(llm_provider)s, %(llm_model)s, %(llm_tokens_used)s,
                %(analysis_time)s, %(created_at)s, %(updated_at)s
            ) ON DUPLICATE KEY UPDATE
                order_id = VALUES(order_id),
                order_no = VALUES(order_no),
                session_id = VALUES(session_id),
                session_start_time = VALUES(session_start_time),
                session_end_time = VALUES(session_end_time),
                total_comments = VALUES(total_comments),
                customer_comments = VALUES(customer_comments),
                service_comments = VALUES(service_comments),
                has_evasion = VALUES(has_evasion),
                risk_level = VALUES(risk_level),
                confidence_score = VALUES(confidence_score),
                evasion_types = VALUES(evasion_types),
                evidence_sentences = VALUES(evidence_sentences),
                improvement_suggestions = VALUES(improvement_suggestions),
                keyword_screening_score = VALUES(keyword_screening_score),
                matched_categories = VALUES(matched_categories),
                matched_keywords = VALUES(matched_keywords),
                is_suspicious = VALUES(is_suspicious),
                sentiment = VALUES(sentiment),
                sentiment_intensity = VALUES(sentiment_intensity),
                conversation_text = VALUES(conversation_text),
                work_create_time = VALUES(work_create_time),
                first_service_reply_name = VALUES(first_service_reply_name),
                first_response_seconds = VALUES(first_response_seconds),
                first_response_timeout = VALUES(first_response_timeout),
                first_response_rule_seconds = VALUES(first_response_rule_seconds),
                first_customer_message_time = VALUES(first_customer_message_time),
                first_service_reply_time = VALUES(first_service_reply_time),
                llm_raw_response = VALUES(llm_raw_response),
                analysis_details = VALUES(analysis_details),
                analysis_note = VALUES(analysis_note),
                llm_provider = VALUES(llm_provider),
                llm_model = VALUES(llm_model),
                llm_tokens_used = VALUES(llm_tokens_used),
                analysis_time = VALUES(analysis_time),
                updated_at = VALUES(updated_at)
            ]
[parameters: {'work_id': 1949321943740055553, 'order_id': 1946749200750346240, 'order_no': '2837634170167652663', 'session_id': '1949321943740055553', 'session_start_time': datetime.datetime(2025, 7, 27, 12, 12, 22), 'session_end_time': datetime.datetime(2025, 8, 19, 12, 17, 45), 'total_comments': 495, 'customer_comments': 278, 'service_comments': 217, 'has_evasion': 1, 'risk_level': 'high', 'confidence_score': 1.0, 'evasion_types': '"推卸责任"', 'evidence_sentences': '[{"rule_type": "keyword", "rule_name": "推卸责任", "category": "推卸责任", "matched_keyword": "找师傅", "matched_pattern": null, "matched_text": "找师傅", "message ... (11160 characters truncated) ... 模式 \'(找|联系|去问).*(师傅|厂家|供应商|4S店|原厂)\' 在类别 \'推卸责任\' 中匹配成功"}, "analysis_timestamp": "2025-12-12T10:45:00.903893", "evidence_status": "pattern_matched"}]', 'improvement_suggestions': '["检测到 推卸责任 相关行为，建议加强服务质量管控和人员培训"]', 'keyword_screening_score': 1.0, 'matched_categories': '推卸责任', 'matched_keywords': '{"推卸责任": {"keywords": ["找师傅", "没办法"], "patterns": ["(不是|不属于).*(我们|门店|本店).*(问题|责任|负责)", "(这是|属于).*(厂家|师傅|供应商|原厂).*(问题|责任)", "(找|联系|去问).*(师傅|厂家|供应商|4S店 ... (11 characters truncated) ... |安装师傅).*(自己|负责|承担).*(责任|问题)", "(贴膜|安装|维修).*(问题|效果).*找.*(师傅|技师)", "(没办法|无能为力|爱莫能助|无可奈何).*解决"], "score": 1.4, "risk_level": "high", "excluded": false}}', 'is_suspicious': 1, 'sentiment': 'negative', 'sentiment_intensity': 0.7, 'conversation_text': '[2025-07-27 12:12:22] 客服(春佩-小童): 需要补发  对接\n[2025-07-27 12:12:47] 客服(妞妞售后-赵如花): 已接单, 马上联系处理\n[2025-07-27 12:20:45] 客服(妞妞售后-赵如花): 帮忙补发主副驾驶的膜到点贴  不接受补偿和 ... (25802 characters truncated) ... 服(酒鬼队-殷伟娟): 还没打款 等下哈\n[2025-08-14 11:36:23] 客服(春佩-芳芳): 好的\n[2025-08-14 11:36:44] 客服(酒鬼队-殷伟娟): 我打完款在撤单\n[2025-08-19 12:17:45] 客服(酒鬼队-殷伟娟): 【自动完结工单】已撤单', 'work_create_time': None, 'first_service_reply_name': '妞妞售后-赵如花', 'first_response_seconds': 25, 'first_response_timeout': 0, 'first_response_rule_seconds': 120, 'first_customer_message_time': datetime.datetime(2025, 7, 27, 12, 12, 22), 'first_service_reply_time': datetime.datetime(2025, 7, 27, 12, 12, 47), 'llm_raw_response': None, 'analysis_details': '{"has_evasion": true, "risk_level": "high", "confidence_score": 1.0, "evasion_types": "推卸责任", "evidence_sentences": [{"rule_type": "keyword", "rule_n ... (50521 characters truncated) ... 12:22", "first_service_reply_time": "2025-07-27T12:12:47", "first_service_reply_name": "妞妞售后-赵如花", "customer_messages": 278, "service_messages": 217}', 'analysis_note': '风险级别: high, 置信度: 1.000 | 问题类型: 推卸责任 | 证据条数: 11 | 主要证据: 1. [推卸责任-关键词] 找师傅 | 2. [推卸责任-关键词] 找师傅 | ... 还有9条证据 | 匹配关键词: 找师傅, 没办法 | 对话统计: 总495条(客户0条,服务463条) | 基于关键词规则直接判定', 'llm_provider': 'volcengine', 'llm_model': 'kimi-k2-250711', 'llm_tokens_used': 0, 'analysis_time': datetime.datetime(2025, 12, 12, 10, 45, 1, 411424), 'created_at': datetime.datetime(2025, 12, 12, 10, 45, 1, 411425), 'updated_at': datetime.datetime(2025, 12, 12, 10, 45, 1, 411426)}]
(Background on this error at: https://sqlalche.me/e/20/e3q8)
2025-12-12 10:45:01 [INFO] : 工单 1949321943740055553 AI状态更新为: FAILED
2025-12-12 10:45:01 [INFO] : 工单 1949321943740055553 标记为处理失败: 保存分析结果失败
2025-12-12 10:45:01 [INFO] : 工单 1949321911322279937 AI状态更新为: COMPLETED
2025-12-12 10:45:01 [INFO] : 工单 1949321864316715008 AI状态更新为: COMPLETED
2025-12-12 10:45:01 [INFO] : 工单 1949321863528185857 AI状态更新为: COMPLETED
2025-12-12 10:45:01 [INFO] : 工单 1949321703515488257 AI状态更新为: COMPLETED
2025-12-12 10:45:01 [INFO] : 工单 1949321675845664769 AI状态更新为: COMPLETED
2025-12-12 10:45:01 [INFO] : 工单 1949321640806449153 AI状态更新为: COMPLETED
2025-12-12 10:45:01 [INFO] : 工单 1949321605687541761 AI状态更新为: COMPLETED
2025-12-12 10:45:01 [INFO] : ⏰ 工单 1949321598443978753 首次响应超时，强制落库记录首响指标
2025-12-12 10:45:01 [INFO] : 💾 保存工单 1949321598443978753 分析结果: 风险级别=low, 规避责任=False
2025-12-12 10:45:01 [INFO] : === 开始发现工单分表 ===
2025-12-12 10:45:01 [INFO] : 执行SQL查询发现工单表，匹配模式: t_work_order_%
2025-12-12 10:45:01 [INFO] : ✓ 查询到 6 个候选工单表: ['t_work_order_problem', 't_work_order_2025', 't_work_order_2024', 't_work_order_2023', 't_work_order_2022', 't_work_order_2010']
2025-12-12 10:45:01 [WARNING] : ⚠️ 表 t_work_order_problem 格式不匹配年份模式，跳过
2025-12-12 10:45:01 [WARNING] : ⚠️ 表 t_work_order_2010 年份 2010 超出有效范围 (2020-2030)
2025-12-12 10:45:01 [INFO] : ✓ 发现 4 个有效工单表: ['t_work_order_2025', 't_work_order_2024', 't_work_order_2023', 't_work_order_2022']
2025-12-12 10:45:01 [INFO] : 📊 保存时统计工单 1949321598443978753: 总4条，客户1条，客服3条
2025-12-12 10:45:01 [ERROR] : ❌ SQL执行失败，工单 1949321598443978753，错误: (pymysql.err.OperationalError) (1054, "Unknown column 'work_create_time' in 'field list'")
[SQL: 
            INSERT INTO ai_work_comment_analysis_results (
                work_id, order_id, order_no, session_id, session_start_time, session_end_time,
                total_comments, customer_comments, service_comments,
                has_evasion, risk_level, confidence_score,
                evasion_types, evidence_sentences, improvement_suggestions,
                keyword_screening_score, matched_categories, matched_keywords, is_suspicious,
                sentiment, sentiment_intensity, conversation_text,
                work_create_time, first_service_reply_name,
                first_response_seconds, first_response_timeout, first_response_rule_seconds,
                first_customer_message_time, first_service_reply_time,
                llm_raw_response, analysis_details, analysis_note,
                llm_provider, llm_model, llm_tokens_used,
                analysis_time, created_at, updated_at
            ) VALUES (
                %(work_id)s, %(order_id)s, %(order_no)s, %(session_id)s, %(session_start_time)s, %(session_end_time)s,
                %(total_comments)s, %(customer_comments)s, %(service_comments)s,
                %(has_evasion)s, %(risk_level)s, %(confidence_score)s,
                %(evasion_types)s, %(evidence_sentences)s, %(improvement_suggestions)s,
                %(keyword_screening_score)s, %(matched_categories)s, %(matched_keywords)s, %(is_suspicious)s,
                %(sentiment)s, %(sentiment_intensity)s, %(conversation_text)s,
                %(work_create_time)s, %(first_service_reply_name)s,
                %(first_response_seconds)s, %(first_response_timeout)s, %(first_response_rule_seconds)s,
                %(first_customer_message_time)s, %(first_service_reply_time)s,
                %(llm_raw_response)s, %(analysis_details)s, %(analysis_note)s,
                %(llm_provider)s, %(llm_model)s, %(llm_tokens_used)s,
                %(analysis_time)s, %(created_at)s, %(updated_at)s
            ) ON DUPLICATE KEY UPDATE
                order_id = VALUES(order_id),
                order_no = VALUES(order_no),
                session_id = VALUES(session_id),
                session_start_time = VALUES(session_start_time),
                session_end_time = VALUES(session_end_time),
                total_comments = VALUES(total_comments),
                customer_comments = VALUES(customer_comments),
                service_comments = VALUES(service_comments),
                has_evasion = VALUES(has_evasion),
                risk_level = VALUES(risk_level),
                confidence_score = VALUES(confidence_score),
                evasion_types = VALUES(evasion_types),
                evidence_sentences = VALUES(evidence_sentences),
                improvement_suggestions = VALUES(improvement_suggestions),
                keyword_screening_score = VALUES(keyword_screening_score),
                matched_categories = VALUES(matched_categories),
                matched_keywords = VALUES(matched_keywords),
                is_suspicious = VALUES(is_suspicious),
                sentiment = VALUES(sentiment),
                sentiment_intensity = VALUES(sentiment_intensity),
                conversation_text = VALUES(conversation_text),
                work_create_time = VALUES(work_create_time),
                first_service_reply_name = VALUES(first_service_reply_name),
                first_response_seconds = VALUES(first_response_seconds),
                first_response_timeout = VALUES(first_response_timeout),
                first_response_rule_seconds = VALUES(first_response_rule_seconds),
                first_customer_message_time = VALUES(first_customer_message_time),
                first_service_reply_time = VALUES(first_service_reply_time),
                llm_raw_response = VALUES(llm_raw_response),
                analysis_details = VALUES(analysis_details),
                analysis_note = VALUES(analysis_note),
                llm_provider = VALUES(llm_provider),
                llm_model = VALUES(llm_model),
                llm_tokens_used = VALUES(llm_tokens_used),
                analysis_time = VALUES(analysis_time),
                updated_at = VALUES(updated_at)
            ]
[parameters: {'work_id': 1949321598443978753, 'order_id': 1944618581085913088, 'order_no': '326107898593', 'session_id': '1949321598443978753', 'session_start_time': datetime.datetime(2025, 7, 27, 12, 11), 'session_end_time': datetime.datetime(2025, 7, 29, 8, 41, 33), 'total_comments': 4, 'customer_comments': 1, 'service_comments': 3, 'has_evasion': 0, 'risk_level': 'low', 'confidence_score': 0.0, 'evasion_types': None, 'evidence_sentences': None, 'improvement_suggestions': None, 'keyword_screening_score': 0.0, 'matched_categories': None, 'matched_keywords': None, 'is_suspicious': 0, 'sentiment': 'neutral', 'sentiment_intensity': 0.0, 'conversation_text': '[2025-07-27 12:11:00] 客服(福刻旗舰店-雪儿): 刚贴的 能开三角吗\n\n[2025-07-27 12:13:09] 客服(二丫赵倩): 已接单, 马上联系处理\n[2025-07-27 12:13:56] 客服(二丫赵倩): 可以开的哦 亲  \n[2025-07-29 08:41:33] 客服(二丫赵倩): 【完结】完结', 'work_create_time': None, 'first_service_reply_name': '二丫赵倩', 'first_response_seconds': 129, 'first_response_timeout': 1, 'first_response_rule_seconds': 120, 'first_customer_message_time': datetime.datetime(2025, 7, 27, 12, 11), 'first_service_reply_time': datetime.datetime(2025, 7, 27, 12, 13, 9), 'llm_raw_response': None, 'analysis_details': '{"has_evasion": false, "risk_level": "low", "confidence_score": 0.0, "evasion_types": "", "evidence_sentences": [], "improvement_suggestions": [], "s ... (796 characters truncated) ... st_service_reply_time": "2025-07-27T12:13:09", "first_service_reply_name": "二丫赵倩", "force_save": true, "customer_messages": 1, "service_messages": 3}', 'analysis_note': '风险级别: low, 置信度: 0.000 | 对话统计: 总4条(客户0条,服务4条) | 基于关键词规则直接判定', 'llm_provider': 'volcengine', 'llm_model': 'kimi-k2-250711', 'llm_tokens_used': 0, 'analysis_time': datetime.datetime(2025, 12, 12, 10, 45, 1, 457938), 'created_at': datetime.datetime(2025, 12, 12, 10, 45, 1, 457939), 'updated_at': datetime.datetime(2025, 12, 12, 10, 45, 1, 457940)}]
(Background on this error at: https://sqlalche.me/e/20/e3q8)
2025-12-12 10:45:01 [ERROR] : 📊 参数类型统计: evidence_sentences=<class 'NoneType'>, matched_keywords=<class 'NoneType'>, analysis_details=<class 'str'>
2025-12-12 10:45:01 [ERROR] : 🔍 SQL语句片段: 
            INSERT INTO ai_work_comment_analysis_results (
                work_id, order_id, order_no, session_id, session_start_time, session_end_time,
                total_comments, customer_comm...
2025-12-12 10:45:01 [INFO] : 🔄 修复参数类型后重试保存工单 1949321598443978753
2025-12-12 10:45:01 [ERROR] : 保存工单 1949321598443978753 分析结果失败: (pymysql.err.OperationalError) (1054, "Unknown column 'work_create_time' in 'field list'")
[SQL: 
            INSERT INTO ai_work_comment_analysis_results (
                work_id, order_id, order_no, session_id, session_start_time, session_end_time,
                total_comments, customer_comments, service_comments,
                has_evasion, risk_level, confidence_score,
                evasion_types, evidence_sentences, improvement_suggestions,
                keyword_screening_score, matched_categories, matched_keywords, is_suspicious,
                sentiment, sentiment_intensity, conversation_text,
                work_create_time, first_service_reply_name,
                first_response_seconds, first_response_timeout, first_response_rule_seconds,
                first_customer_message_time, first_service_reply_time,
                llm_raw_response, analysis_details, analysis_note,
                llm_provider, llm_model, llm_tokens_used,
                analysis_time, created_at, updated_at
            ) VALUES (
                %(work_id)s, %(order_id)s, %(order_no)s, %(session_id)s, %(session_start_time)s, %(session_end_time)s,
                %(total_comments)s, %(customer_comments)s, %(service_comments)s,
                %(has_evasion)s, %(risk_level)s, %(confidence_score)s,
                %(evasion_types)s, %(evidence_sentences)s, %(improvement_suggestions)s,
                %(keyword_screening_score)s, %(matched_categories)s, %(matched_keywords)s, %(is_suspicious)s,
                %(sentiment)s, %(sentiment_intensity)s, %(conversation_text)s,
                %(work_create_time)s, %(first_service_reply_name)s,
                %(first_response_seconds)s, %(first_response_timeout)s, %(first_response_rule_seconds)s,
                %(first_customer_message_time)s, %(first_service_reply_time)s,
                %(llm_raw_response)s, %(analysis_details)s, %(analysis_note)s,
                %(llm_provider)s, %(llm_model)s, %(llm_tokens_used)s,
                %(analysis_time)s, %(created_at)s, %(updated_at)s
            ) ON DUPLICATE KEY UPDATE
                order_id = VALUES(order_id),
                order_no = VALUES(order_no),
                session_id = VALUES(session_id),
                session_start_time = VALUES(session_start_time),
                session_end_time = VALUES(session_end_time),
                total_comments = VALUES(total_comments),
                customer_comments = VALUES(customer_comments),
                service_comments = VALUES(service_comments),
                has_evasion = VALUES(has_evasion),
                risk_level = VALUES(risk_level),
                confidence_score = VALUES(confidence_score),
                evasion_types = VALUES(evasion_types),
                evidence_sentences = VALUES(evidence_sentences),
                improvement_suggestions = VALUES(improvement_suggestions),
                keyword_screening_score = VALUES(keyword_screening_score),
                matched_categories = VALUES(matched_categories),
                matched_keywords = VALUES(matched_keywords),
                is_suspicious = VALUES(is_suspicious),
                sentiment = VALUES(sentiment),
                sentiment_intensity = VALUES(sentiment_intensity),
                conversation_text = VALUES(conversation_text),
                work_create_time = VALUES(work_create_time),
                first_service_reply_name = VALUES(first_service_reply_name),
                first_response_seconds = VALUES(first_response_seconds),
                first_response_timeout = VALUES(first_response_timeout),
                first_response_rule_seconds = VALUES(first_response_rule_seconds),
                first_customer_message_time = VALUES(first_customer_message_time),
                first_service_reply_time = VALUES(first_service_reply_time),
                llm_raw_response = VALUES(llm_raw_response),
                analysis_details = VALUES(analysis_details),
                analysis_note = VALUES(analysis_note),
                llm_provider = VALUES(llm_provider),
                llm_model = VALUES(llm_model),
                llm_tokens_used = VALUES(llm_tokens_used),
                analysis_time = VALUES(analysis_time),
                updated_at = VALUES(updated_at)
            ]
[parameters: {'work_id': 1949321598443978753, 'order_id': 1944618581085913088, 'order_no': '326107898593', 'session_id': '1949321598443978753', 'session_start_time': datetime.datetime(2025, 7, 27, 12, 11), 'session_end_time': datetime.datetime(2025, 7, 29, 8, 41, 33), 'total_comments': 4, 'customer_comments': 1, 'service_comments': 3, 'has_evasion': 0, 'risk_level': 'low', 'confidence_score': 0.0, 'evasion_types': None, 'evidence_sentences': None, 'improvement_suggestions': None, 'keyword_screening_score': 0.0, 'matched_categories': None, 'matched_keywords': None, 'is_suspicious': 0, 'sentiment': 'neutral', 'sentiment_intensity': 0.0, 'conversation_text': '[2025-07-27 12:11:00] 客服(福刻旗舰店-雪儿): 刚贴的 能开三角吗\n\n[2025-07-27 12:13:09] 客服(二丫赵倩): 已接单, 马上联系处理\n[2025-07-27 12:13:56] 客服(二丫赵倩): 可以开的哦 亲  \n[2025-07-29 08:41:33] 客服(二丫赵倩): 【完结】完结', 'work_create_time': None, 'first_service_reply_name': '二丫赵倩', 'first_response_seconds': 129, 'first_response_timeout': 1, 'first_response_rule_seconds': 120, 'first_customer_message_time': datetime.datetime(2025, 7, 27, 12, 11), 'first_service_reply_time': datetime.datetime(2025, 7, 27, 12, 13, 9), 'llm_raw_response': None, 'analysis_details': '{"has_evasion": false, "risk_level": "low", "confidence_score": 0.0, "evasion_types": "", "evidence_sentences": [], "improvement_suggestions": [], "s ... (796 characters truncated) ... st_service_reply_time": "2025-07-27T12:13:09", "first_service_reply_name": "二丫赵倩", "force_save": true, "customer_messages": 1, "service_messages": 3}', 'analysis_note': '风险级别: low, 置信度: 0.000 | 对话统计: 总4条(客户0条,服务4条) | 基于关键词规则直接判定', 'llm_provider': 'volcengine', 'llm_model': 'kimi-k2-250711', 'llm_tokens_used': 0, 'analysis_time': datetime.datetime(2025, 12, 12, 10, 45, 1, 457938), 'created_at': datetime.datetime(2025, 12, 12, 10, 45, 1, 457939), 'updated_at': datetime.datetime(2025, 12, 12, 10, 45, 1, 457940)}]
(Background on this error at: https://sqlalche.me/e/20/e3q8)
2025-12-12 10:45:01 [INFO] : 工单 1949321598443978753 AI状态更新为: FAILED
2025-12-12 10:45:01 [INFO] : 工单 1949321598443978753 标记为处理失败: 保存分析结果失败
2025-12-12 10:45:01 [INFO] : 工单 1949321574679052289 AI状态更新为: COMPLETED
2025-12-12 10:45:01 [INFO] : 工单 1949321494400073729 AI状态更新为: COMPLETED
2025-12-12 10:45:01 [INFO] : 工单 1949321444081008641 AI状态更新为: COMPLETED
2025-12-12 10:45:01 [INFO] : 工单 1949321103872622593 AI状态更新为: COMPLETED
2025-12-12 10:45:01 [INFO] : 工单 1949321026064089088 AI状态更新为: COMPLETED
2025-12-12 10:45:01 [INFO] : 工单 1949320950600171521 AI状态更新为: COMPLETED
2025-12-12 10:45:01 [INFO] : ========================================
2025-12-12 10:45:01 [INFO] : 🎉 批量分析完成统计:
2025-12-12 10:45:01 [INFO] :   ✅ 成功: 48
2025-12-12 10:45:01 [INFO] :   ❌ 失败: 2
2025-12-12 10:45:01 [INFO] :   📊 成功率: 96.0%
2025-12-12 10:45:01 [INFO] : ========================================
2025-12-12 10:45:01 [INFO] : 📊 步骤2: 批量分析结果 - success: True, 成功: 48, 失败: 2
2025-12-12 10:45:01 [INFO] : ================================================================================
2025-12-12 10:45:01 [INFO] : 🎉 pending分析队列处理完成 - 最终统计:
2025-12-12 10:45:01 [INFO] :   📥 拉取pending工单总数: 50
2025-12-12 10:45:01 [INFO] :   💬 有评论需分析数量: 50
2025-12-12 10:45:01 [INFO] :   🔍 实际分析处理数量: 50
2025-12-12 10:45:01 [INFO] :   ✅ 成功分析完成数量: 48
2025-12-12 10:45:01 [INFO] :   ❌ 分析失败数量: 2
2025-12-12 10:45:01 [INFO] :   ⏭️ 跳过处理数量: 0
2025-12-12 10:45:01 [INFO] :   📊 分析成功率: 96.0%
2025-12-12 10:45:01 [INFO] : ================================================================================
2025-12-12 10:45:01 [INFO] : ✅ 任务完成: SCHED_BATCH_ANALYSIS_20251212_104500_39ad56fe, 状态: completed, 耗时: 1秒
2025-12-12 10:45:01 [INFO] : ✅ 批量分析工作流完成: task_id=SCHED_BATCH_ANALYSIS_20251212_104500_39ad56fe
2025-12-12 10:45:01 [INFO] : ✅ 任务完成: SCHED_BATCH_ANALYSIS_20251212_104500_39ad56fe, 状态: completed, 耗时: 1秒
2025-12-12 10:45:01 [INFO] : ✅ APScheduler任务完成: SCHED_BATCH_ANALYSIS_20251212_104500_39ad56fe
2025-12-12 10:45:01 [INFO] : Job "客服记录分析任务 (trigger: cron[month='*', day='*', day_of_week='*', hour='*', minute='*/5'], next run at: 2025-12-12 10:50:00 CST)" executed successfully
2025-12-12 10:45:01 [INFO] : ✅ 任务执行完成: customer_service_analysis
2025-12-12 10:50:00 [INFO] : Running job "客服记录分析任务 (trigger: cron[month='*', day='*', day_of_week='*', hour='*', minute='*/5'], next run at: 2025-12-12 10:55:00 CST)" (scheduled at 2025-12-12 10:50:00+08:00)
2025-12-12 10:50:00 [INFO] : 🎯 APScheduler调用任务执行: customer_service_analysis
2025-12-12 10:50:00 [INFO] : ✅ 创建任务记录成功: SCHED_BATCH_ANALYSIS_20251212_105000_faea2184 (客服记录分析任务)
2025-12-12 10:50:00 [INFO] : 🚀 APScheduler任务开始: SCHED_BATCH_ANALYSIS_20251212_105000_faea2184
2025-12-12 10:50:00 [INFO] : 🚀 开始执行批量分析工作流: task_id=SCHED_BATCH_ANALYSIS_20251212_105000_faea2184
2025-12-12 10:50:00 [INFO] : ================================================================================
2025-12-12 10:50:00 [INFO] : 🚀 开始处理pending分析队列
2025-12-12 10:50:00 [INFO] : ⚙️ 配置参数: batch_size=50, max_concurrent=5
2025-12-12 10:50:00 [INFO] : 🔄 步骤1: 拉取pending工单数据开始...
2025-12-12 10:50:00 [INFO] : 📋 开始拉取pending工单数据，限制 50 条
2025-12-12 10:50:00 [INFO] : 📥 正在查询数据库中的PENDING状态工单...
2025-12-12 10:50:00 [INFO] : 获取到 50 个状态为 PENDING 的工单
2025-12-12 10:50:00 [INFO] : 📊 从数据库查询到 50 个PENDING工单
2025-12-12 10:50:00 [INFO] : 💬 开始处理 50 个工单的评论数据...
2025-12-12 10:50:00 [INFO] : 📋 处理工单 1949317156453744641 (1/50) - 评论表: t_work_comment_2025
2025-12-12 10:50:00 [INFO] : 从表 t_work_comment_2025 获取工单 1949317156453744641 的 4 条完整对话记录（包含客户和客服）
2025-12-12 10:50:00 [INFO] : 💭 工单 1949317156453744641 获取到 4 条原始评论
2025-12-12 10:50:00 [INFO] : 🔍 工单 1949317156453744641 开始去噪处理 4 条有效评论...
2025-12-12 10:50:00 [INFO] : 🔍 开始过滤评论，原始数量: 4
2025-12-12 10:50:00 [INFO] : ✅ 评论过滤完成:
2025-12-12 10:50:00 [INFO] :   📥 原始数量: 4
2025-12-12 10:50:00 [INFO] :   📤 过滤后数量: 4
2025-12-12 10:50:00 [INFO] :   🗑️ 移除数量: 0
2025-12-12 10:50:00 [INFO] :   📊 过滤率: 0.0%
2025-12-12 10:50:00 [INFO] : ✅ 创建批次记录: batch_20251212_105000_c108aa49, 工单数: 1
2025-12-12 10:50:00 [INFO] : ✅ 更新批次统计: batch_20251212_105000_c108aa49, 状态: COMPLETED
2025-12-12 10:50:00 [INFO] : ✅ 保存工单 1949317156453744641 去噪记录成功，批次: batch_20251212_105000_c108aa49
2025-12-12 10:50:00 [INFO] : ✅ 工单 1949317156453744641 去噪完成: 4 -> 4 条评论
2025-12-12 10:50:00 [INFO] : 🧾 工单 1949317156453744641 首响开关: work_type=EXCHANGE, work_table_name=t_work_2025, is_after_sale=False, raw_comments=4, valid_comments=4
2025-12-12 10:50:00 [INFO] : ✅ 工单 1949317156453744641 有 4 条有效评论，构建完成对话数据
2025-12-12 10:50:00 [INFO] : 工单 1949317156453744641 AI状态更新为: PENDING
2025-12-12 10:50:00 [INFO] : 📋 处理工单 1949317718536617985 (2/50) - 评论表: t_work_comment_2025
2025-12-12 10:50:00 [INFO] : 从表 t_work_comment_2025 获取工单 1949317718536617985 的 3 条完整对话记录（包含客户和客服）
2025-12-12 10:50:00 [INFO] : 💭 工单 1949317718536617985 获取到 3 条原始评论
2025-12-12 10:50:00 [INFO] : 🔍 工单 1949317718536617985 开始去噪处理 3 条有效评论...
2025-12-12 10:50:00 [INFO] : 🔍 开始过滤评论，原始数量: 3
2025-12-12 10:50:00 [INFO] : ✅ 评论过滤完成:
2025-12-12 10:50:00 [INFO] :   📥 原始数量: 3
2025-12-12 10:50:00 [INFO] :   📤 过滤后数量: 3
2025-12-12 10:50:00 [INFO] :   🗑️ 移除数量: 0
2025-12-12 10:50:00 [INFO] :   📊 过滤率: 0.0%
2025-12-12 10:50:00 [INFO] : ✅ 创建批次记录: batch_20251212_105000_59fe51bf, 工单数: 1
2025-12-12 10:50:00 [INFO] : ✅ 更新批次统计: batch_20251212_105000_59fe51bf, 状态: COMPLETED
2025-12-12 10:50:00 [INFO] : ✅ 保存工单 1949317718536617985 去噪记录成功，批次: batch_20251212_105000_59fe51bf
2025-12-12 10:50:00 [INFO] : ✅ 工单 1949317718536617985 去噪完成: 3 -> 3 条评论
2025-12-12 10:50:00 [INFO] : 🧾 工单 1949317718536617985 首响开关: work_type=URGE_INSTALL, work_table_name=t_work_2025, is_after_sale=False, raw_comments=3, valid_comments=3
2025-12-12 10:50:00 [INFO] : ✅ 工单 1949317718536617985 有 3 条有效评论，构建完成对话数据
2025-12-12 10:50:00 [INFO] : 工单 1949317718536617985 AI状态更新为: PENDING
2025-12-12 10:50:00 [INFO] : 📋 处理工单 1949317706842898433 (3/50) - 评论表: t_work_comment_2025
2025-12-12 10:50:00 [INFO] : 从表 t_work_comment_2025 获取工单 1949317706842898433 的 10 条完整对话记录（包含客户和客服）
2025-12-12 10:50:00 [INFO] : 💭 工单 1949317706842898433 获取到 10 条原始评论
2025-12-12 10:50:00 [INFO] : 🔍 工单 1949317706842898433 开始去噪处理 8 条有效评论...
2025-12-12 10:50:00 [INFO] : 🔍 开始过滤评论，原始数量: 8
2025-12-12 10:50:00 [INFO] : ✅ 评论过滤完成:
2025-12-12 10:50:00 [INFO] :   📥 原始数量: 8
2025-12-12 10:50:00 [INFO] :   📤 过滤后数量: 8
2025-12-12 10:50:00 [INFO] :   🗑️ 移除数量: 0
2025-12-12 10:50:00 [INFO] :   📊 过滤率: 0.0%
2025-12-12 10:50:00 [INFO] : ✅ 创建批次记录: batch_20251212_105000_cc1af8c1, 工单数: 1
2025-12-12 10:50:00 [INFO] : ✅ 更新批次统计: batch_20251212_105000_cc1af8c1, 状态: COMPLETED
2025-12-12 10:50:00 [INFO] : ✅ 保存工单 1949317706842898433 去噪记录成功，批次: batch_20251212_105000_cc1af8c1
2025-12-12 10:50:00 [INFO] : ✅ 工单 1949317706842898433 去噪完成: 8 -> 8 条评论
2025-12-12 10:50:00 [INFO] : ⏳ 工单 1949317706842898433 首响计算开始，评论总数=10
2025-12-12 10:50:00 [INFO] : 👀 工单 1949317706842898433 评论巡检: id=1949317707052613632, user_type=SELLER, oper_raw=True, is_service=False, is_customer=True, create_time=2025-07-27 11:55:32
2025-12-12 10:50:00 [INFO] : 🎯 工单 1949317706842898433 首条客户消息锁定: 2025-07-27 11:55:32
2025-12-12 10:50:00 [INFO] : 👀 工单 1949317706842898433 评论巡检: id=1949317733371871232, user_type=EMPLOYEE, oper_raw=True, is_service=True, is_customer=False, create_time=2025-07-27 11:55:38
2025-12-12 10:50:00 [INFO] : 🎯 工单 1949317706842898433 首条客服回复锁定: 2025-07-27 11:55:38
2025-12-12 10:50:00 [INFO] : ⏱️ 工单 1949317706842898433 首响计算: first_customer_message_time=2025-07-27 11:55:32, first_service_reply_time=2025-07-27 11:55:38, response_seconds=6, threshold_seconds=120, is_timeout=False
2025-12-12 10:50:00 [INFO] : 🧾 工单 1949317706842898433 首响开关: work_type=AFTER_SALE, work_table_name=t_work_2025, is_after_sale=True, raw_comments=10, valid_comments=8
2025-12-12 10:50:00 [INFO] : ✅ 工单 1949317706842898433 有 8 条有效评论，构建完成对话数据
2025-12-12 10:50:00 [INFO] : 工单 1949317706842898433 AI状态更新为: PENDING
2025-12-12 10:50:00 [INFO] : 📋 处理工单 1949317677763788801 (4/50) - 评论表: t_work_comment_2025
2025-12-12 10:50:00 [INFO] : 从表 t_work_comment_2025 获取工单 1949317677763788801 的 3 条完整对话记录（包含客户和客服）
2025-12-12 10:50:00 [INFO] : 💭 工单 1949317677763788801 获取到 3 条原始评论
2025-12-12 10:50:00 [INFO] : 🔍 工单 1949317677763788801 开始去噪处理 3 条有效评论...
2025-12-12 10:50:00 [INFO] : 🔍 开始过滤评论，原始数量: 3
2025-12-12 10:50:00 [INFO] : ✅ 评论过滤完成:
2025-12-12 10:50:00 [INFO] :   📥 原始数量: 3
2025-12-12 10:50:00 [INFO] :   📤 过滤后数量: 3
2025-12-12 10:50:00 [INFO] :   🗑️ 移除数量: 0
2025-12-12 10:50:00 [INFO] :   📊 过滤率: 0.0%
2025-12-12 10:50:00 [INFO] : ✅ 创建批次记录: batch_20251212_105000_389017f1, 工单数: 1
2025-12-12 10:50:00 [INFO] : ✅ 更新批次统计: batch_20251212_105000_389017f1, 状态: COMPLETED
2025-12-12 10:50:00 [INFO] : ✅ 保存工单 1949317677763788801 去噪记录成功，批次: batch_20251212_105000_389017f1
2025-12-12 10:50:00 [INFO] : ✅ 工单 1949317677763788801 去噪完成: 3 -> 3 条评论
2025-12-12 10:50:00 [INFO] : 🧾 工单 1949317677763788801 首响开关: work_type=FIND_SHOP, work_table_name=t_work_2025, is_after_sale=False, raw_comments=3, valid_comments=3
2025-12-12 10:50:00 [INFO] : ✅ 工单 1949317677763788801 有 3 条有效评论，构建完成对话数据
2025-12-12 10:50:00 [INFO] : 工单 1949317677763788801 AI状态更新为: PENDING
2025-12-12 10:50:00 [INFO] : 📋 处理工单 1949317646113570817 (5/50) - 评论表: t_work_comment_2025
2025-12-12 10:50:00 [INFO] : 从表 t_work_comment_2025 获取工单 1949317646113570817 的 4 条完整对话记录（包含客户和客服）
2025-12-12 10:50:00 [INFO] : 💭 工单 1949317646113570817 获取到 4 条原始评论
2025-12-12 10:50:00 [INFO] : 🔍 工单 1949317646113570817 开始去噪处理 3 条有效评论...
2025-12-12 10:50:00 [INFO] : 🔍 开始过滤评论，原始数量: 3
2025-12-12 10:50:00 [INFO] : ✅ 评论过滤完成:
2025-12-12 10:50:00 [INFO] :   📥 原始数量: 3
2025-12-12 10:50:00 [INFO] :   📤 过滤后数量: 3
2025-12-12 10:50:00 [INFO] :   🗑️ 移除数量: 0
2025-12-12 10:50:00 [INFO] :   📊 过滤率: 0.0%
2025-12-12 10:50:00 [INFO] : ✅ 创建批次记录: batch_20251212_105000_56e8a7ef, 工单数: 1
2025-12-12 10:50:00 [INFO] : ✅ 更新批次统计: batch_20251212_105000_56e8a7ef, 状态: COMPLETED
2025-12-12 10:50:00 [INFO] : ✅ 保存工单 1949317646113570817 去噪记录成功，批次: batch_20251212_105000_56e8a7ef
2025-12-12 10:50:00 [INFO] : ✅ 工单 1949317646113570817 去噪完成: 3 -> 3 条评论
2025-12-12 10:50:00 [INFO] : 🧾 工单 1949317646113570817 首响开关: work_type=EXCHANGE, work_table_name=t_work_2025, is_after_sale=False, raw_comments=4, valid_comments=3
2025-12-12 10:50:00 [INFO] : ✅ 工单 1949317646113570817 有 3 条有效评论，构建完成对话数据
2025-12-12 10:50:00 [INFO] : 工单 1949317646113570817 AI状态更新为: PENDING
2025-12-12 10:50:00 [INFO] : 📋 处理工单 1949317559568302081 (6/50) - 评论表: t_work_comment_2025
2025-12-12 10:50:00 [INFO] : 从表 t_work_comment_2025 获取工单 1949317559568302081 的 4 条完整对话记录（包含客户和客服）
2025-12-12 10:50:00 [INFO] : 💭 工单 1949317559568302081 获取到 4 条原始评论
2025-12-12 10:50:00 [INFO] : 🔍 工单 1949317559568302081 开始去噪处理 4 条有效评论...
2025-12-12 10:50:00 [INFO] : 🔍 开始过滤评论，原始数量: 4
2025-12-12 10:50:00 [INFO] : ✅ 评论过滤完成:
2025-12-12 10:50:00 [INFO] :   📥 原始数量: 4
2025-12-12 10:50:00 [INFO] :   📤 过滤后数量: 4
2025-12-12 10:50:00 [INFO] :   🗑️ 移除数量: 0
2025-12-12 10:50:00 [INFO] :   📊 过滤率: 0.0%
2025-12-12 10:50:00 [INFO] : ✅ 创建批次记录: batch_20251212_105000_d7bb45c2, 工单数: 1
2025-12-12 10:50:00 [INFO] : ✅ 更新批次统计: batch_20251212_105000_d7bb45c2, 状态: COMPLETED
2025-12-12 10:50:00 [INFO] : ✅ 保存工单 1949317559568302081 去噪记录成功，批次: batch_20251212_105000_d7bb45c2
2025-12-12 10:50:00 [INFO] : ✅ 工单 1949317559568302081 去噪完成: 4 -> 4 条评论
2025-12-12 10:50:00 [INFO] : ⏳ 工单 1949317559568302081 首响计算开始，评论总数=4
2025-12-12 10:50:00 [INFO] : 👀 工单 1949317559568302081 评论巡检: id=1949317560017092608, user_type=SELLER, oper_raw=True, is_service=False, is_customer=True, create_time=2025-07-27 11:54:57
2025-12-12 10:50:00 [INFO] : 🎯 工单 1949317559568302081 首条客户消息锁定: 2025-07-27 11:54:57
2025-12-12 10:50:00 [INFO] : 👀 工单 1949317559568302081 评论巡检: id=1949317598243979264, user_type=EMPLOYEE, oper_raw=True, is_service=True, is_customer=False, create_time=2025-07-27 11:55:06
2025-12-12 10:50:00 [INFO] : 🎯 工单 1949317559568302081 首条客服回复锁定: 2025-07-27 11:55:06
2025-12-12 10:50:00 [INFO] : ⏱️ 工单 1949317559568302081 首响计算: first_customer_message_time=2025-07-27 11:54:57, first_service_reply_time=2025-07-27 11:55:06, response_seconds=9, threshold_seconds=120, is_timeout=False
2025-12-12 10:50:00 [INFO] : 🧾 工单 1949317559568302081 首响开关: work_type=AFTER_SALE, work_table_name=t_work_2025, is_after_sale=True, raw_comments=4, valid_comments=4
2025-12-12 10:50:00 [INFO] : ✅ 工单 1949317559568302081 有 4 条有效评论，构建完成对话数据
2025-12-12 10:50:00 [INFO] : 工单 1949317559568302081 AI状态更新为: PENDING
2025-12-12 10:50:00 [INFO] : 📋 处理工单 1949317537682423809 (7/50) - 评论表: t_work_comment_2025
2025-12-12 10:50:00 [INFO] : 从表 t_work_comment_2025 获取工单 1949317537682423809 的 6 条完整对话记录（包含客户和客服）
2025-12-12 10:50:00 [INFO] : 💭 工单 1949317537682423809 获取到 6 条原始评论
2025-12-12 10:50:00 [INFO] : 🔍 工单 1949317537682423809 开始去噪处理 5 条有效评论...
2025-12-12 10:50:00 [INFO] : 🔍 开始过滤评论，原始数量: 5
2025-12-12 10:50:00 [INFO] : ✅ 评论过滤完成:
2025-12-12 10:50:00 [INFO] :   📥 原始数量: 5
2025-12-12 10:50:00 [INFO] :   📤 过滤后数量: 5
2025-12-12 10:50:00 [INFO] :   🗑️ 移除数量: 0
2025-12-12 10:50:00 [INFO] :   📊 过滤率: 0.0%
2025-12-12 10:50:00 [INFO] : ✅ 创建批次记录: batch_20251212_105000_f460aed6, 工单数: 1
2025-12-12 10:50:00 [INFO] : ✅ 更新批次统计: batch_20251212_105000_f460aed6, 状态: COMPLETED
2025-12-12 10:50:00 [INFO] : ✅ 保存工单 1949317537682423809 去噪记录成功，批次: batch_20251212_105000_f460aed6
2025-12-12 10:50:00 [INFO] : ✅ 工单 1949317537682423809 去噪完成: 5 -> 5 条评论
2025-12-12 10:50:00 [INFO] : 🧾 工单 1949317537682423809 首响开关: work_type=URGE_INSTALL, work_table_name=t_work_2025, is_after_sale=False, raw_comments=6, valid_comments=5
2025-12-12 10:50:00 [INFO] : ✅ 工单 1949317537682423809 有 5 条有效评论，构建完成对话数据
2025-12-12 10:50:00 [INFO] : 工单 1949317537682423809 AI状态更新为: PENDING
2025-12-12 10:50:00 [INFO] : 📋 处理工单 1949317431327457281 (8/50) - 评论表: t_work_comment_2025
2025-12-12 10:50:00 [INFO] : 从表 t_work_comment_2025 获取工单 1949317431327457281 的 3 条完整对话记录（包含客户和客服）
2025-12-12 10:50:00 [INFO] : 💭 工单 1949317431327457281 获取到 3 条原始评论
2025-12-12 10:50:00 [INFO] : 🔍 工单 1949317431327457281 开始去噪处理 2 条有效评论...
2025-12-12 10:50:00 [INFO] : 🔍 开始过滤评论，原始数量: 2
2025-12-12 10:50:00 [INFO] : ✅ 评论过滤完成:
2025-12-12 10:50:00 [INFO] :   📥 原始数量: 2
2025-12-12 10:50:00 [INFO] :   📤 过滤后数量: 2
2025-12-12 10:50:00 [INFO] :   🗑️ 移除数量: 0
2025-12-12 10:50:00 [INFO] :   📊 过滤率: 0.0%
2025-12-12 10:50:00 [INFO] : ✅ 创建批次记录: batch_20251212_105000_36c69e7e, 工单数: 1
2025-12-12 10:50:00 [INFO] : ✅ 更新批次统计: batch_20251212_105000_36c69e7e, 状态: COMPLETED
2025-12-12 10:50:00 [INFO] : ✅ 保存工单 1949317431327457281 去噪记录成功，批次: batch_20251212_105000_36c69e7e
2025-12-12 10:50:00 [INFO] : ✅ 工单 1949317431327457281 去噪完成: 2 -> 2 条评论
2025-12-12 10:50:00 [INFO] : ⏳ 工单 1949317431327457281 首响计算开始，评论总数=3
2025-12-12 10:50:00 [INFO] : 👀 工单 1949317431327457281 评论巡检: id=1949317431558144000, user_type=EMPLOYEE, oper_raw=True, is_service=True, is_customer=False, create_time=2025-07-27 11:54:26
2025-12-12 10:50:00 [INFO] : 👀 工单 1949317431327457281 评论巡检: id=1949317596406874112, user_type=EMPLOYEE, oper_raw=True, is_service=True, is_customer=False, create_time=2025-07-27 11:55:06
2025-12-12 10:50:00 [INFO] : 👀 工单 1949317431327457281 评论巡检: id=1949318043347714048, user_type=EMPLOYEE, oper_raw=True, is_service=True, is_customer=False, create_time=2025-07-27 11:56:52
2025-12-12 10:50:00 [INFO] : ⏱️ 工单 1949317431327457281 首响计算: first_customer_message_time=None, first_service_reply_time=None, response_seconds=None, threshold_seconds=120, is_timeout=False
2025-12-12 10:50:00 [INFO] : 🧾 工单 1949317431327457281 首响开关: work_type=AFTER_SALE, work_table_name=t_work_2025, is_after_sale=True, raw_comments=3, valid_comments=2
2025-12-12 10:50:00 [INFO] : ✅ 工单 1949317431327457281 有 2 条有效评论，构建完成对话数据
2025-12-12 10:50:00 [INFO] : 工单 1949317431327457281 AI状态更新为: PENDING
2025-12-12 10:50:00 [INFO] : 📋 处理工单 1949317401627590657 (9/50) - 评论表: t_work_comment_2025
2025-12-12 10:50:00 [INFO] : 从表 t_work_comment_2025 获取工单 1949317401627590657 的 6 条完整对话记录（包含客户和客服）
2025-12-12 10:50:00 [INFO] : 💭 工单 1949317401627590657 获取到 6 条原始评论
2025-12-12 10:50:00 [INFO] : 🔍 工单 1949317401627590657 开始去噪处理 6 条有效评论...
2025-12-12 10:50:00 [INFO] : 🔍 开始过滤评论，原始数量: 6
2025-12-12 10:50:00 [INFO] : ✅ 评论过滤完成:
2025-12-12 10:50:00 [INFO] :   📥 原始数量: 6
2025-12-12 10:50:00 [INFO] :   📤 过滤后数量: 6
2025-12-12 10:50:00 [INFO] :   🗑️ 移除数量: 0
2025-12-12 10:50:00 [INFO] :   📊 过滤率: 0.0%
2025-12-12 10:50:00 [INFO] : ✅ 创建批次记录: batch_20251212_105000_cee32a00, 工单数: 1
2025-12-12 10:50:00 [INFO] : ✅ 更新批次统计: batch_20251212_105000_cee32a00, 状态: COMPLETED
2025-12-12 10:50:00 [INFO] : ✅ 保存工单 1949317401627590657 去噪记录成功，批次: batch_20251212_105000_cee32a00
2025-12-12 10:50:00 [INFO] : ✅ 工单 1949317401627590657 去噪完成: 6 -> 6 条评论
2025-12-12 10:50:00 [INFO] : 🧾 工单 1949317401627590657 首响开关: work_type=SETTLEMENT_OF_VERIFY, work_table_name=t_work_2025, is_after_sale=False, raw_comments=6, valid_comments=6
2025-12-12 10:50:00 [INFO] : ✅ 工单 1949317401627590657 有 6 条有效评论，构建完成对话数据
2025-12-12 10:50:00 [INFO] : 工单 1949317401627590657 AI状态更新为: PENDING
2025-12-12 10:50:00 [INFO] : 📋 处理工单 1949317245469458433 (10/50) - 评论表: t_work_comment_2025
2025-12-12 10:50:00 [INFO] : 从表 t_work_comment_2025 获取工单 1949317245469458433 的 4 条完整对话记录（包含客户和客服）
2025-12-12 10:50:00 [INFO] : 💭 工单 1949317245469458433 获取到 4 条原始评论
2025-12-12 10:50:00 [INFO] : 🔍 工单 1949317245469458433 开始去噪处理 4 条有效评论...
2025-12-12 10:50:00 [INFO] : 🔍 开始过滤评论，原始数量: 4
2025-12-12 10:50:00 [INFO] : ✅ 评论过滤完成:
2025-12-12 10:50:00 [INFO] :   📥 原始数量: 4
2025-12-12 10:50:00 [INFO] :   📤 过滤后数量: 4
2025-12-12 10:50:00 [INFO] :   🗑️ 移除数量: 0
2025-12-12 10:50:00 [INFO] :   📊 过滤率: 0.0%
2025-12-12 10:50:00 [INFO] : ✅ 创建批次记录: batch_20251212_105000_db883ca7, 工单数: 1
2025-12-12 10:50:00 [INFO] : ✅ 更新批次统计: batch_20251212_105000_db883ca7, 状态: COMPLETED
2025-12-12 10:50:00 [INFO] : ✅ 保存工单 1949317245469458433 去噪记录成功，批次: batch_20251212_105000_db883ca7
2025-12-12 10:50:00 [INFO] : ✅ 工单 1949317245469458433 去噪完成: 4 -> 4 条评论
2025-12-12 10:50:00 [INFO] : 🧾 工单 1949317245469458433 首响开关: work_type=EXCHANGE, work_table_name=t_work_2025, is_after_sale=False, raw_comments=4, valid_comments=4
2025-12-12 10:50:00 [INFO] : ✅ 工单 1949317245469458433 有 4 条有效评论，构建完成对话数据
2025-12-12 10:50:00 [INFO] : 工单 1949317245469458433 AI状态更新为: PENDING
2025-12-12 10:50:00 [INFO] : 📋 处理工单 1949317219087286273 (11/50) - 评论表: t_work_comment_2025
2025-12-12 10:50:00 [INFO] : 从表 t_work_comment_2025 获取工单 1949317219087286273 的 4 条完整对话记录（包含客户和客服）
2025-12-12 10:50:00 [INFO] : 💭 工单 1949317219087286273 获取到 4 条原始评论
2025-12-12 10:50:00 [INFO] : 🔍 工单 1949317219087286273 开始去噪处理 4 条有效评论...
2025-12-12 10:50:00 [INFO] : 🔍 开始过滤评论，原始数量: 4
2025-12-12 10:50:00 [INFO] : ✅ 评论过滤完成:
2025-12-12 10:50:00 [INFO] :   📥 原始数量: 4
2025-12-12 10:50:00 [INFO] :   📤 过滤后数量: 4
2025-12-12 10:50:00 [INFO] :   🗑️ 移除数量: 0
2025-12-12 10:50:00 [INFO] :   📊 过滤率: 0.0%
2025-12-12 10:50:00 [INFO] : ✅ 创建批次记录: batch_20251212_105000_a4c018df, 工单数: 1
2025-12-12 10:50:00 [INFO] : ✅ 更新批次统计: batch_20251212_105000_a4c018df, 状态: COMPLETED
2025-12-12 10:50:00 [INFO] : ✅ 保存工单 1949317219087286273 去噪记录成功，批次: batch_20251212_105000_a4c018df
2025-12-12 10:50:00 [INFO] : ✅ 工单 1949317219087286273 去噪完成: 4 -> 4 条评论
2025-12-12 10:50:00 [INFO] : ⏳ 工单 1949317219087286273 首响计算开始，评论总数=4
2025-12-12 10:50:00 [INFO] : 👀 工单 1949317219087286273 评论巡检: id=1949317219506716672, user_type=SELLER, oper_raw=True, is_service=False, is_customer=True, create_time=2025-07-27 11:53:36
2025-12-12 10:50:00 [INFO] : 🎯 工单 1949317219087286273 首条客户消息锁定: 2025-07-27 11:53:36
2025-12-12 10:50:00 [INFO] : 👀 工单 1949317219087286273 评论巡检: id=1949317279111970816, user_type=EMPLOYEE, oper_raw=True, is_service=True, is_customer=False, create_time=2025-07-27 11:53:50
2025-12-12 10:50:00 [INFO] : 🎯 工单 1949317219087286273 首条客服回复锁定: 2025-07-27 11:53:50
2025-12-12 10:50:00 [INFO] : ⏱️ 工单 1949317219087286273 首响计算: first_customer_message_time=2025-07-27 11:53:36, first_service_reply_time=2025-07-27 11:53:50, response_seconds=14, threshold_seconds=120, is_timeout=False
2025-12-12 10:50:00 [INFO] : 🧾 工单 1949317219087286273 首响开关: work_type=AFTER_SALE, work_table_name=t_work_2025, is_after_sale=True, raw_comments=4, valid_comments=4
2025-12-12 10:50:00 [INFO] : ✅ 工单 1949317219087286273 有 4 条有效评论，构建完成对话数据
2025-12-12 10:50:00 [INFO] : 工单 1949317219087286273 AI状态更新为: PENDING
2025-12-12 10:50:00 [INFO] : 📋 处理工单 1949317187650977793 (12/50) - 评论表: t_work_comment_2025
2025-12-12 10:50:00 [INFO] : 从表 t_work_comment_2025 获取工单 1949317187650977793 的 8 条完整对话记录（包含客户和客服）
2025-12-12 10:50:00 [INFO] : 💭 工单 1949317187650977793 获取到 8 条原始评论
2025-12-12 10:50:00 [INFO] : 🔍 工单 1949317187650977793 开始去噪处理 6 条有效评论...
2025-12-12 10:50:00 [INFO] : 🔍 开始过滤评论，原始数量: 6
2025-12-12 10:50:00 [INFO] : ✅ 评论过滤完成:
2025-12-12 10:50:00 [INFO] :   📥 原始数量: 6
2025-12-12 10:50:00 [INFO] :   📤 过滤后数量: 6
2025-12-12 10:50:00 [INFO] :   🗑️ 移除数量: 0
2025-12-12 10:50:00 [INFO] :   📊 过滤率: 0.0%
2025-12-12 10:50:00 [INFO] : ✅ 创建批次记录: batch_20251212_105000_a5b8893b, 工单数: 1
2025-12-12 10:50:00 [INFO] : ✅ 更新批次统计: batch_20251212_105000_a5b8893b, 状态: COMPLETED
2025-12-12 10:50:00 [INFO] : ✅ 保存工单 1949317187650977793 去噪记录成功，批次: batch_20251212_105000_a5b8893b
2025-12-12 10:50:00 [INFO] : ✅ 工单 1949317187650977793 去噪完成: 6 -> 6 条评论
2025-12-12 10:50:00 [INFO] : 🧾 工单 1949317187650977793 首响开关: work_type=URGE_HF, work_table_name=t_work_2025, is_after_sale=False, raw_comments=8, valid_comments=6
2025-12-12 10:50:00 [INFO] : ✅ 工单 1949317187650977793 有 6 条有效评论，构建完成对话数据
2025-12-12 10:50:00 [INFO] : 工单 1949317187650977793 AI状态更新为: PENDING
2025-12-12 10:50:00 [INFO] : 📋 处理工单 1949317185591574529 (13/50) - 评论表: t_work_comment_2025
2025-12-12 10:50:00 [INFO] : 从表 t_work_comment_2025 获取工单 1949317185591574529 的 5 条完整对话记录（包含客户和客服）
2025-12-12 10:50:00 [INFO] : 💭 工单 1949317185591574529 获取到 5 条原始评论
2025-12-12 10:50:00 [INFO] : 🔍 工单 1949317185591574529 开始去噪处理 5 条有效评论...
2025-12-12 10:50:00 [INFO] : 🔍 开始过滤评论，原始数量: 5
2025-12-12 10:50:00 [INFO] : ✅ 评论过滤完成:
2025-12-12 10:50:00 [INFO] :   📥 原始数量: 5
2025-12-12 10:50:00 [INFO] :   📤 过滤后数量: 5
2025-12-12 10:50:00 [INFO] :   🗑️ 移除数量: 0
2025-12-12 10:50:00 [INFO] :   📊 过滤率: 0.0%
2025-12-12 10:50:00 [INFO] : ✅ 创建批次记录: batch_20251212_105000_db71d70e, 工单数: 1
2025-12-12 10:50:00 [INFO] : ✅ 更新批次统计: batch_20251212_105000_db71d70e, 状态: COMPLETED
2025-12-12 10:50:00 [INFO] : ✅ 保存工单 1949317185591574529 去噪记录成功，批次: batch_20251212_105000_db71d70e
2025-12-12 10:50:00 [INFO] : ✅ 工单 1949317185591574529 去噪完成: 5 -> 5 条评论
2025-12-12 10:50:00 [INFO] : 🧾 工单 1949317185591574529 首响开关: work_type=URGE_PAYMENT, work_table_name=t_work_2025, is_after_sale=False, raw_comments=5, valid_comments=5
2025-12-12 10:50:00 [INFO] : ✅ 工单 1949317185591574529 有 5 条有效评论，构建完成对话数据
2025-12-12 10:50:00 [INFO] : 工单 1949317185591574529 AI状态更新为: PENDING
2025-12-12 10:50:00 [INFO] : 📋 处理工单 1949319080720728065 (14/50) - 评论表: t_work_comment_2025
2025-12-12 10:50:00 [INFO] : 从表 t_work_comment_2025 获取工单 1949319080720728065 的 3 条完整对话记录（包含客户和客服）
2025-12-12 10:50:00 [INFO] : 💭 工单 1949319080720728065 获取到 3 条原始评论
2025-12-12 10:50:00 [INFO] : 🔍 工单 1949319080720728065 开始去噪处理 2 条有效评论...
2025-12-12 10:50:00 [INFO] : 🔍 开始过滤评论，原始数量: 2
2025-12-12 10:50:00 [INFO] : ✅ 评论过滤完成:
2025-12-12 10:50:00 [INFO] :   📥 原始数量: 2
2025-12-12 10:50:00 [INFO] :   📤 过滤后数量: 2
2025-12-12 10:50:00 [INFO] :   🗑️ 移除数量: 0
2025-12-12 10:50:00 [INFO] :   📊 过滤率: 0.0%
2025-12-12 10:50:00 [INFO] : ✅ 创建批次记录: batch_20251212_105000_40b99a6a, 工单数: 1
2025-12-12 10:50:00 [INFO] : ✅ 更新批次统计: batch_20251212_105000_40b99a6a, 状态: COMPLETED
2025-12-12 10:50:00 [INFO] : ✅ 保存工单 1949319080720728065 去噪记录成功，批次: batch_20251212_105000_40b99a6a
2025-12-12 10:50:00 [INFO] : ✅ 工单 1949319080720728065 去噪完成: 2 -> 2 条评论
2025-12-12 10:50:00 [INFO] : 🧾 工单 1949319080720728065 首响开关: work_type=URGE_INSTALL, work_table_name=t_work_2025, is_after_sale=False, raw_comments=3, valid_comments=2
2025-12-12 10:50:00 [INFO] : ✅ 工单 1949319080720728065 有 2 条有效评论，构建完成对话数据
2025-12-12 10:50:00 [INFO] : 工单 1949319080720728065 AI状态更新为: PENDING
2025-12-12 10:50:00 [INFO] : 📋 处理工单 1949316947254444033 (15/50) - 评论表: t_work_comment_2025
2025-12-12 10:50:00 [INFO] : 从表 t_work_comment_2025 获取工单 1949316947254444033 的 6 条完整对话记录（包含客户和客服）
2025-12-12 10:50:00 [INFO] : 💭 工单 1949316947254444033 获取到 6 条原始评论
2025-12-12 10:50:00 [INFO] : 🔍 工单 1949316947254444033 开始去噪处理 6 条有效评论...
2025-12-12 10:50:00 [INFO] : 🔍 开始过滤评论，原始数量: 6
2025-12-12 10:50:00 [INFO] : ✅ 评论过滤完成:
2025-12-12 10:50:00 [INFO] :   📥 原始数量: 6
2025-12-12 10:50:00 [INFO] :   📤 过滤后数量: 6
2025-12-12 10:50:00 [INFO] :   🗑️ 移除数量: 0
2025-12-12 10:50:00 [INFO] :   📊 过滤率: 0.0%
2025-12-12 10:50:00 [INFO] : ✅ 创建批次记录: batch_20251212_105000_9c8c6b4c, 工单数: 1
2025-12-12 10:50:00 [INFO] : ✅ 更新批次统计: batch_20251212_105000_9c8c6b4c, 状态: COMPLETED
2025-12-12 10:50:00 [INFO] : ✅ 保存工单 1949316947254444033 去噪记录成功，批次: batch_20251212_105000_9c8c6b4c
2025-12-12 10:50:00 [INFO] : ✅ 工单 1949316947254444033 去噪完成: 6 -> 6 条评论
2025-12-12 10:50:00 [INFO] : ⏳ 工单 1949316947254444033 首响计算开始，评论总数=6
2025-12-12 10:50:00 [INFO] : 👀 工单 1949316947254444033 评论巡检: id=1949316947480936448, user_type=EMPLOYEE, oper_raw=True, is_service=True, is_customer=False, create_time=2025-07-27 11:52:31
2025-12-12 10:50:00 [INFO] : 👀 工单 1949316947254444033 评论巡检: id=1949316963842916352, user_type=EMPLOYEE, oper_raw=True, is_service=True, is_customer=False, create_time=2025-07-27 11:52:35
2025-12-12 10:50:00 [INFO] : 👀 工单 1949316947254444033 评论巡检: id=1949317009887985664, user_type=EMPLOYEE, oper_raw=True, is_service=True, is_customer=False, create_time=2025-07-27 11:52:46
2025-12-12 10:50:00 [INFO] : 👀 工单 1949316947254444033 评论巡检: id=1949317816389730304, user_type=EMPLOYEE, oper_raw=True, is_service=True, is_customer=False, create_time=2025-07-27 11:55:58
2025-12-12 10:50:00 [INFO] : 👀 工单 1949316947254444033 评论巡检: id=1949318684887482368, user_type=EMPLOYEE, oper_raw=True, is_service=True, is_customer=False, create_time=2025-07-27 11:59:25
2025-12-12 10:50:00 [INFO] : 👀 工单 1949316947254444033 评论巡检: id=1949318729061892096, user_type=EMPLOYEE, oper_raw=True, is_service=True, is_customer=False, create_time=2025-07-27 11:59:36
2025-12-12 10:50:00 [INFO] : ⏱️ 工单 1949316947254444033 首响计算: first_customer_message_time=None, first_service_reply_time=None, response_seconds=None, threshold_seconds=120, is_timeout=False
2025-12-12 10:50:00 [INFO] : 🧾 工单 1949316947254444033 首响开关: work_type=AFTER_SALE, work_table_name=t_work_2025, is_after_sale=True, raw_comments=6, valid_comments=6
2025-12-12 10:50:00 [INFO] : ✅ 工单 1949316947254444033 有 6 条有效评论，构建完成对话数据
2025-12-12 10:50:00 [INFO] : 工单 1949316947254444033 AI状态更新为: PENDING
2025-12-12 10:50:00 [INFO] : 📋 处理工单 1949316941122371585 (16/50) - 评论表: t_work_comment_2025
2025-12-12 10:50:00 [INFO] : 从表 t_work_comment_2025 获取工单 1949316941122371585 的 4 条完整对话记录（包含客户和客服）
2025-12-12 10:50:00 [INFO] : 💭 工单 1949316941122371585 获取到 4 条原始评论
2025-12-12 10:50:00 [INFO] : 🔍 工单 1949316941122371585 开始去噪处理 4 条有效评论...
2025-12-12 10:50:00 [INFO] : 🔍 开始过滤评论，原始数量: 4
2025-12-12 10:50:00 [INFO] : ✅ 评论过滤完成:
2025-12-12 10:50:00 [INFO] :   📥 原始数量: 4
2025-12-12 10:50:00 [INFO] :   📤 过滤后数量: 4
2025-12-12 10:50:00 [INFO] :   🗑️ 移除数量: 0
2025-12-12 10:50:00 [INFO] :   📊 过滤率: 0.0%
2025-12-12 10:50:00 [INFO] : ✅ 创建批次记录: batch_20251212_105000_b2617f92, 工单数: 1
2025-12-12 10:50:00 [INFO] : ✅ 更新批次统计: batch_20251212_105000_b2617f92, 状态: COMPLETED
2025-12-12 10:50:00 [INFO] : ✅ 保存工单 1949316941122371585 去噪记录成功，批次: batch_20251212_105000_b2617f92
2025-12-12 10:50:00 [INFO] : ✅ 工单 1949316941122371585 去噪完成: 4 -> 4 条评论
2025-12-12 10:50:00 [INFO] : 🧾 工单 1949316941122371585 首响开关: work_type=EXCHANGE, work_table_name=t_work_2025, is_after_sale=False, raw_comments=4, valid_comments=4
2025-12-12 10:50:00 [INFO] : ✅ 工单 1949316941122371585 有 4 条有效评论，构建完成对话数据
2025-12-12 10:50:00 [INFO] : 工单 1949316941122371585 AI状态更新为: PENDING
2025-12-12 10:50:00 [INFO] : 📋 处理工单 1949316842006773761 (17/50) - 评论表: t_work_comment_2025
2025-12-12 10:50:00 [INFO] : 从表 t_work_comment_2025 获取工单 1949316842006773761 的 8 条完整对话记录（包含客户和客服）
2025-12-12 10:50:00 [INFO] : 💭 工单 1949316842006773761 获取到 8 条原始评论
2025-12-12 10:50:00 [INFO] : 🔍 工单 1949316842006773761 开始去噪处理 8 条有效评论...
2025-12-12 10:50:00 [INFO] : 🔍 开始过滤评论，原始数量: 8
2025-12-12 10:50:00 [INFO] : ✅ 评论过滤完成:
2025-12-12 10:50:00 [INFO] :   📥 原始数量: 8
2025-12-12 10:50:00 [INFO] :   📤 过滤后数量: 7
2025-12-12 10:50:00 [INFO] :   🗑️ 移除数量: 1
2025-12-12 10:50:00 [INFO] :   📊 过滤率: 12.5%
2025-12-12 10:50:00 [INFO] : 🔍 过滤原因统计:
2025-12-12 10:50:00 [INFO] :   - 无效数据: 内容过短且非中文: 1 条
2025-12-12 10:50:00 [INFO] : ✅ 创建批次记录: batch_20251212_105000_73700096, 工单数: 1
2025-12-12 10:50:00 [INFO] : ✅ 更新批次统计: batch_20251212_105000_73700096, 状态: COMPLETED
2025-12-12 10:50:00 [INFO] : ✅ 保存工单 1949316842006773761 去噪记录成功，批次: batch_20251212_105000_73700096
2025-12-12 10:50:00 [INFO] : ✅ 工单 1949316842006773761 去噪完成: 8 -> 7 条评论
2025-12-12 10:50:00 [INFO] : 🗑️ 工单 1949316842006773761 去噪移除了 1 条评论
2025-12-12 10:50:00 [INFO] : ⏳ 工单 1949316842006773761 首响计算开始，评论总数=8
2025-12-12 10:50:00 [INFO] : 👀 工单 1949316842006773761 评论巡检: id=1949316842245849088, user_type=SELLER, oper_raw=True, is_service=False, is_customer=True, create_time=2025-07-27 11:52:06
2025-12-12 10:50:00 [INFO] : 🎯 工单 1949316842006773761 首条客户消息锁定: 2025-07-27 11:52:06
2025-12-12 10:50:00 [INFO] : 👀 工单 1949316842006773761 评论巡检: id=1949317098417160192, user_type=EMPLOYEE, oper_raw=True, is_service=True, is_customer=False, create_time=2025-07-27 11:53:07
2025-12-12 10:50:00 [INFO] : 🎯 工单 1949316842006773761 首条客服回复锁定: 2025-07-27 11:53:07
2025-12-12 10:50:00 [INFO] : ⏱️ 工单 1949316842006773761 首响计算: first_customer_message_time=2025-07-27 11:52:06, first_service_reply_time=2025-07-27 11:53:07, response_seconds=61, threshold_seconds=120, is_timeout=False
2025-12-12 10:50:00 [INFO] : 🧾 工单 1949316842006773761 首响开关: work_type=AFTER_SALE, work_table_name=t_work_2025, is_after_sale=True, raw_comments=8, valid_comments=7
2025-12-12 10:50:00 [INFO] : ✅ 工单 1949316842006773761 有 7 条有效评论，构建完成对话数据
2025-12-12 10:50:00 [INFO] : 工单 1949316842006773761 AI状态更新为: PENDING
2025-12-12 10:50:00 [INFO] : 📋 处理工单 1949316755616694273 (18/50) - 评论表: t_work_comment_2025
2025-12-12 10:50:00 [INFO] : 从表 t_work_comment_2025 获取工单 1949316755616694273 的 5 条完整对话记录（包含客户和客服）
2025-12-12 10:50:00 [INFO] : 💭 工单 1949316755616694273 获取到 5 条原始评论
2025-12-12 10:50:00 [INFO] : 🔍 工单 1949316755616694273 开始去噪处理 5 条有效评论...
2025-12-12 10:50:00 [INFO] : 🔍 开始过滤评论，原始数量: 5
2025-12-12 10:50:00 [INFO] : ✅ 评论过滤完成:
2025-12-12 10:50:00 [INFO] :   📥 原始数量: 5
2025-12-12 10:50:00 [INFO] :   📤 过滤后数量: 5
2025-12-12 10:50:00 [INFO] :   🗑️ 移除数量: 0
2025-12-12 10:50:00 [INFO] :   📊 过滤率: 0.0%
2025-12-12 10:50:00 [INFO] : ✅ 创建批次记录: batch_20251212_105000_74cea1b2, 工单数: 1
2025-12-12 10:50:00 [INFO] : ✅ 更新批次统计: batch_20251212_105000_74cea1b2, 状态: COMPLETED
2025-12-12 10:50:00 [INFO] : ✅ 保存工单 1949316755616694273 去噪记录成功，批次: batch_20251212_105000_74cea1b2
2025-12-12 10:50:00 [INFO] : ✅ 工单 1949316755616694273 去噪完成: 5 -> 5 条评论
2025-12-12 10:50:00 [INFO] : 🧾 工单 1949316755616694273 首响开关: work_type=URGE_INSTALL, work_table_name=t_work_2025, is_after_sale=False, raw_comments=5, valid_comments=5
2025-12-12 10:50:00 [INFO] : ✅ 工单 1949316755616694273 有 5 条有效评论，构建完成对话数据
2025-12-12 10:50:00 [INFO] : 工单 1949316755616694273 AI状态更新为: PENDING
2025-12-12 10:50:00 [INFO] : 📋 处理工单 1949316673567719425 (19/50) - 评论表: t_work_comment_2025
2025-12-12 10:50:00 [INFO] : 从表 t_work_comment_2025 获取工单 1949316673567719425 的 3 条完整对话记录（包含客户和客服）
2025-12-12 10:50:00 [INFO] : 💭 工单 1949316673567719425 获取到 3 条原始评论
2025-12-12 10:50:00 [INFO] : 🔍 工单 1949316673567719425 开始去噪处理 3 条有效评论...
2025-12-12 10:50:00 [INFO] : 🔍 开始过滤评论，原始数量: 3
2025-12-12 10:50:00 [INFO] : ✅ 评论过滤完成:
2025-12-12 10:50:00 [INFO] :   📥 原始数量: 3
2025-12-12 10:50:00 [INFO] :   📤 过滤后数量: 3
2025-12-12 10:50:00 [INFO] :   🗑️ 移除数量: 0
2025-12-12 10:50:00 [INFO] :   📊 过滤率: 0.0%
2025-12-12 10:50:00 [INFO] : ✅ 创建批次记录: batch_20251212_105000_83c11042, 工单数: 1
2025-12-12 10:50:00 [INFO] : ✅ 更新批次统计: batch_20251212_105000_83c11042, 状态: COMPLETED
2025-12-12 10:50:00 [INFO] : ✅ 保存工单 1949316673567719425 去噪记录成功，批次: batch_20251212_105000_83c11042
2025-12-12 10:50:00 [INFO] : ✅ 工单 1949316673567719425 去噪完成: 3 -> 3 条评论
2025-12-12 10:50:00 [INFO] : ⏳ 工单 1949316673567719425 首响计算开始，评论总数=3
2025-12-12 10:50:00 [INFO] : 👀 工单 1949316673567719425 评论巡检: id=1949316673886486528, user_type=SELLER, oper_raw=True, is_service=False, is_customer=True, create_time=2025-07-27 11:51:26
2025-12-12 10:50:00 [INFO] : 🎯 工单 1949316673567719425 首条客户消息锁定: 2025-07-27 11:51:26
2025-12-12 10:50:00 [INFO] : 👀 工单 1949316673567719425 评论巡检: id=1949316694979641344, user_type=EMPLOYEE, oper_raw=True, is_service=True, is_customer=False, create_time=2025-07-27 11:51:31
2025-12-12 10:50:00 [INFO] : 🎯 工单 1949316673567719425 首条客服回复锁定: 2025-07-27 11:51:31
2025-12-12 10:50:00 [INFO] : ⏱️ 工单 1949316673567719425 首响计算: first_customer_message_time=2025-07-27 11:51:26, first_service_reply_time=2025-07-27 11:51:31, response_seconds=5, threshold_seconds=120, is_timeout=False
2025-12-12 10:50:00 [INFO] : 🧾 工单 1949316673567719425 首响开关: work_type=AFTER_SALE, work_table_name=t_work_2025, is_after_sale=True, raw_comments=3, valid_comments=3
2025-12-12 10:50:00 [INFO] : ✅ 工单 1949316673567719425 有 3 条有效评论，构建完成对话数据
2025-12-12 10:50:00 [INFO] : 工单 1949316673567719425 AI状态更新为: PENDING
2025-12-12 10:50:00 [INFO] : 📋 处理工单 1949316548795564033 (20/50) - 评论表: t_work_comment_2025
2025-12-12 10:50:00 [INFO] : 从表 t_work_comment_2025 获取工单 1949316548795564033 的 4 条完整对话记录（包含客户和客服）
2025-12-12 10:50:00 [INFO] : 💭 工单 1949316548795564033 获取到 4 条原始评论
2025-12-12 10:50:00 [INFO] : 🔍 工单 1949316548795564033 开始去噪处理 3 条有效评论...
2025-12-12 10:50:00 [INFO] : 🔍 开始过滤评论，原始数量: 3
2025-12-12 10:50:00 [INFO] : ✅ 评论过滤完成:
2025-12-12 10:50:00 [INFO] :   📥 原始数量: 3
2025-12-12 10:50:00 [INFO] :   📤 过滤后数量: 3
2025-12-12 10:50:00 [INFO] :   🗑️ 移除数量: 0
2025-12-12 10:50:00 [INFO] :   📊 过滤率: 0.0%
2025-12-12 10:50:00 [INFO] : ✅ 创建批次记录: batch_20251212_105000_e7aee78a, 工单数: 1
2025-12-12 10:50:00 [INFO] : ✅ 更新批次统计: batch_20251212_105000_e7aee78a, 状态: COMPLETED
2025-12-12 10:50:00 [INFO] : ✅ 保存工单 1949316548795564033 去噪记录成功，批次: batch_20251212_105000_e7aee78a
2025-12-12 10:50:00 [INFO] : ✅ 工单 1949316548795564033 去噪完成: 3 -> 3 条评论
2025-12-12 10:50:00 [INFO] : 🧾 工单 1949316548795564033 首响开关: work_type=EXCHANGE, work_table_name=t_work_2025, is_after_sale=False, raw_comments=4, valid_comments=3
2025-12-12 10:50:00 [INFO] : ✅ 工单 1949316548795564033 有 3 条有效评论，构建完成对话数据
2025-12-12 10:50:00 [INFO] : 工单 1949316548795564033 AI状态更新为: PENDING
2025-12-12 10:50:00 [INFO] : 📋 处理工单 1949316530760056833 (21/50) - 评论表: t_work_comment_2025
2025-12-12 10:50:00 [INFO] : 从表 t_work_comment_2025 获取工单 1949316530760056833 的 3 条完整对话记录（包含客户和客服）
2025-12-12 10:50:00 [INFO] : 💭 工单 1949316530760056833 获取到 3 条原始评论
2025-12-12 10:50:00 [INFO] : 🔍 工单 1949316530760056833 开始去噪处理 3 条有效评论...
2025-12-12 10:50:00 [INFO] : 🔍 开始过滤评论，原始数量: 3
2025-12-12 10:50:00 [INFO] : ✅ 评论过滤完成:
2025-12-12 10:50:00 [INFO] :   📥 原始数量: 3
2025-12-12 10:50:00 [INFO] :   📤 过滤后数量: 3
2025-12-12 10:50:00 [INFO] :   🗑️ 移除数量: 0
2025-12-12 10:50:00 [INFO] :   📊 过滤率: 0.0%
2025-12-12 10:50:00 [INFO] : ✅ 创建批次记录: batch_20251212_105000_068329d6, 工单数: 1
2025-12-12 10:50:00 [INFO] : ✅ 更新批次统计: batch_20251212_105000_068329d6, 状态: COMPLETED
2025-12-12 10:50:00 [INFO] : ✅ 保存工单 1949316530760056833 去噪记录成功，批次: batch_20251212_105000_068329d6
2025-12-12 10:50:00 [INFO] : ✅ 工单 1949316530760056833 去噪完成: 3 -> 3 条评论
2025-12-12 10:50:00 [INFO] : ⏳ 工单 1949316530760056833 首响计算开始，评论总数=3
2025-12-12 10:50:00 [INFO] : 👀 工单 1949316530760056833 评论巡检: id=1949316531204653056, user_type=SELLER, oper_raw=True, is_service=False, is_customer=True, create_time=2025-07-27 11:50:52
2025-12-12 10:50:00 [INFO] : 🎯 工单 1949316530760056833 首条客户消息锁定: 2025-07-27 11:50:52
2025-12-12 10:50:00 [INFO] : 👀 工单 1949316530760056833 评论巡检: id=1949316560417980416, user_type=EMPLOYEE, oper_raw=True, is_service=True, is_customer=False, create_time=2025-07-27 11:50:59
2025-12-12 10:50:00 [INFO] : 🎯 工单 1949316530760056833 首条客服回复锁定: 2025-07-27 11:50:59
2025-12-12 10:50:00 [INFO] : ⏱️ 工单 1949316530760056833 首响计算: first_customer_message_time=2025-07-27 11:50:52, first_service_reply_time=2025-07-27 11:50:59, response_seconds=7, threshold_seconds=120, is_timeout=False
2025-12-12 10:50:00 [INFO] : 🧾 工单 1949316530760056833 首响开关: work_type=AFTER_SALE, work_table_name=t_work_2025, is_after_sale=True, raw_comments=3, valid_comments=3
2025-12-12 10:50:00 [INFO] : ✅ 工单 1949316530760056833 有 3 条有效评论，构建完成对话数据
2025-12-12 10:50:00 [INFO] : 工单 1949316530760056833 AI状态更新为: PENDING
2025-12-12 10:50:00 [INFO] : 📋 处理工单 1949316517191483393 (22/50) - 评论表: t_work_comment_2025
2025-12-12 10:50:00 [INFO] : 从表 t_work_comment_2025 获取工单 1949316517191483393 的 5 条完整对话记录（包含客户和客服）
2025-12-12 10:50:00 [INFO] : 💭 工单 1949316517191483393 获取到 5 条原始评论
2025-12-12 10:50:00 [INFO] : 🔍 工单 1949316517191483393 开始去噪处理 5 条有效评论...
2025-12-12 10:50:00 [INFO] : 🔍 开始过滤评论，原始数量: 5
2025-12-12 10:50:00 [INFO] : ✅ 评论过滤完成:
2025-12-12 10:50:00 [INFO] :   📥 原始数量: 5
2025-12-12 10:50:00 [INFO] :   📤 过滤后数量: 5
2025-12-12 10:50:00 [INFO] :   🗑️ 移除数量: 0
2025-12-12 10:50:00 [INFO] :   📊 过滤率: 0.0%
2025-12-12 10:50:00 [INFO] : ✅ 创建批次记录: batch_20251212_105000_e35d5092, 工单数: 1
2025-12-12 10:50:00 [INFO] : ✅ 更新批次统计: batch_20251212_105000_e35d5092, 状态: COMPLETED
2025-12-12 10:50:00 [INFO] : ✅ 保存工单 1949316517191483393 去噪记录成功，批次: batch_20251212_105000_e35d5092
2025-12-12 10:50:00 [INFO] : ✅ 工单 1949316517191483393 去噪完成: 5 -> 5 条评论
2025-12-12 10:50:00 [INFO] : ⏳ 工单 1949316517191483393 首响计算开始，评论总数=5
2025-12-12 10:50:00 [INFO] : 👀 工单 1949316517191483393 评论巡检: id=1949316517724160000, user_type=EMPLOYEE, oper_raw=True, is_service=True, is_customer=False, create_time=2025-07-27 11:50:49
2025-12-12 10:50:00 [INFO] : 👀 工单 1949316517191483393 评论巡检: id=1949316545549172736, user_type=EMPLOYEE, oper_raw=True, is_service=True, is_customer=False, create_time=2025-07-27 11:50:55
2025-12-12 10:50:00 [INFO] : 👀 工单 1949316517191483393 评论巡检: id=1949317303527014400, user_type=EMPLOYEE, oper_raw=True, is_service=True, is_customer=False, create_time=2025-07-27 11:53:56
2025-12-12 10:50:00 [INFO] : 👀 工单 1949316517191483393 评论巡检: id=1949323932393799680, user_type=EMPLOYEE, oper_raw=True, is_service=True, is_customer=False, create_time=2025-07-27 12:20:16
2025-12-12 10:50:00 [INFO] : 👀 工单 1949316517191483393 评论巡检: id=1949332274646351872, user_type=EMPLOYEE, oper_raw=True, is_service=True, is_customer=False, create_time=2025-07-27 12:53:25
2025-12-12 10:50:00 [INFO] : ⏱️ 工单 1949316517191483393 首响计算: first_customer_message_time=None, first_service_reply_time=None, response_seconds=None, threshold_seconds=120, is_timeout=False
2025-12-12 10:50:00 [INFO] : 🧾 工单 1949316517191483393 首响开关: work_type=AFTER_SALE, work_table_name=t_work_2025, is_after_sale=True, raw_comments=5, valid_comments=5
2025-12-12 10:50:00 [INFO] : ✅ 工单 1949316517191483393 有 5 条有效评论，构建完成对话数据
2025-12-12 10:50:00 [INFO] : 工单 1949316517191483393 AI状态更新为: PENDING
2025-12-12 10:50:00 [INFO] : 📋 处理工单 1949316507863351297 (23/50) - 评论表: t_work_comment_2025
2025-12-12 10:50:00 [INFO] : 从表 t_work_comment_2025 获取工单 1949316507863351297 的 9 条完整对话记录（包含客户和客服）
2025-12-12 10:50:00 [INFO] : 💭 工单 1949316507863351297 获取到 9 条原始评论
2025-12-12 10:50:00 [INFO] : 🔍 工单 1949316507863351297 开始去噪处理 9 条有效评论...
2025-12-12 10:50:00 [INFO] : 🔍 开始过滤评论，原始数量: 9
2025-12-12 10:50:00 [INFO] : ✅ 评论过滤完成:
2025-12-12 10:50:00 [INFO] :   📥 原始数量: 9
2025-12-12 10:50:00 [INFO] :   📤 过滤后数量: 9
2025-12-12 10:50:00 [INFO] :   🗑️ 移除数量: 0
2025-12-12 10:50:00 [INFO] :   📊 过滤率: 0.0%
2025-12-12 10:50:00 [INFO] : ✅ 创建批次记录: batch_20251212_105000_017d60f8, 工单数: 1
2025-12-12 10:50:00 [INFO] : ✅ 更新批次统计: batch_20251212_105000_017d60f8, 状态: COMPLETED
2025-12-12 10:50:00 [INFO] : ✅ 保存工单 1949316507863351297 去噪记录成功，批次: batch_20251212_105000_017d60f8
2025-12-12 10:50:00 [INFO] : ✅ 工单 1949316507863351297 去噪完成: 9 -> 9 条评论
2025-12-12 10:50:00 [INFO] : ⏳ 工单 1949316507863351297 首响计算开始，评论总数=9
2025-12-12 10:50:00 [INFO] : 👀 工单 1949316507863351297 评论巡检: id=1949316508094038016, user_type=SELLER, oper_raw=True, is_service=False, is_customer=True, create_time=2025-07-27 11:50:46
2025-12-12 10:50:00 [INFO] : 🎯 工单 1949316507863351297 首条客户消息锁定: 2025-07-27 11:50:46
2025-12-12 10:50:00 [INFO] : 👀 工单 1949316507863351297 评论巡检: id=1949316532106428416, user_type=EMPLOYEE, oper_raw=True, is_service=True, is_customer=False, create_time=2025-07-27 11:50:52
2025-12-12 10:50:00 [INFO] : 🎯 工单 1949316507863351297 首条客服回复锁定: 2025-07-27 11:50:52
2025-12-12 10:50:00 [INFO] : ⏱️ 工单 1949316507863351297 首响计算: first_customer_message_time=2025-07-27 11:50:46, first_service_reply_time=2025-07-27 11:50:52, response_seconds=6, threshold_seconds=120, is_timeout=False
2025-12-12 10:50:00 [INFO] : 🧾 工单 1949316507863351297 首响开关: work_type=AFTER_SALE, work_table_name=t_work_2025, is_after_sale=True, raw_comments=9, valid_comments=9
2025-12-12 10:50:00 [INFO] : ✅ 工单 1949316507863351297 有 9 条有效评论，构建完成对话数据
2025-12-12 10:50:00 [INFO] : 工单 1949316507863351297 AI状态更新为: PENDING
2025-12-12 10:50:00 [INFO] : 📋 处理工单 1949316437189328897 (24/50) - 评论表: t_work_comment_2025
2025-12-12 10:50:00 [INFO] : 从表 t_work_comment_2025 获取工单 1949316437189328897 的 4 条完整对话记录（包含客户和客服）
2025-12-12 10:50:00 [INFO] : 💭 工单 1949316437189328897 获取到 4 条原始评论
2025-12-12 10:50:00 [INFO] : 🔍 工单 1949316437189328897 开始去噪处理 4 条有效评论...
2025-12-12 10:50:00 [INFO] : 🔍 开始过滤评论，原始数量: 4
2025-12-12 10:50:00 [INFO] : ✅ 评论过滤完成:
2025-12-12 10:50:00 [INFO] :   📥 原始数量: 4
2025-12-12 10:50:00 [INFO] :   📤 过滤后数量: 4
2025-12-12 10:50:00 [INFO] :   🗑️ 移除数量: 0
2025-12-12 10:50:00 [INFO] :   📊 过滤率: 0.0%
2025-12-12 10:50:00 [INFO] : ✅ 创建批次记录: batch_20251212_105000_ea3590de, 工单数: 1
2025-12-12 10:50:00 [INFO] : ✅ 更新批次统计: batch_20251212_105000_ea3590de, 状态: COMPLETED
2025-12-12 10:50:00 [INFO] : ✅ 保存工单 1949316437189328897 去噪记录成功，批次: batch_20251212_105000_ea3590de
2025-12-12 10:50:00 [INFO] : ✅ 工单 1949316437189328897 去噪完成: 4 -> 4 条评论
2025-12-12 10:50:00 [INFO] : 🧾 工单 1949316437189328897 首响开关: work_type=EXCHANGE, work_table_name=t_work_2025, is_after_sale=False, raw_comments=4, valid_comments=4
2025-12-12 10:50:00 [INFO] : ✅ 工单 1949316437189328897 有 4 条有效评论，构建完成对话数据
2025-12-12 10:50:00 [INFO] : 工单 1949316437189328897 AI状态更新为: PENDING
2025-12-12 10:50:00 [INFO] : 📋 处理工单 1949316396861095937 (25/50) - 评论表: t_work_comment_2025
2025-12-12 10:50:00 [INFO] : 从表 t_work_comment_2025 获取工单 1949316396861095937 的 4 条完整对话记录（包含客户和客服）
2025-12-12 10:50:00 [INFO] : 💭 工单 1949316396861095937 获取到 4 条原始评论
2025-12-12 10:50:00 [INFO] : 🔍 工单 1949316396861095937 开始去噪处理 3 条有效评论...
2025-12-12 10:50:00 [INFO] : 🔍 开始过滤评论，原始数量: 3
2025-12-12 10:50:00 [INFO] : ✅ 评论过滤完成:
2025-12-12 10:50:00 [INFO] :   📥 原始数量: 3
2025-12-12 10:50:00 [INFO] :   📤 过滤后数量: 3
2025-12-12 10:50:00 [INFO] :   🗑️ 移除数量: 0
2025-12-12 10:50:00 [INFO] :   📊 过滤率: 0.0%
2025-12-12 10:50:00 [INFO] : ✅ 创建批次记录: batch_20251212_105000_b1412047, 工单数: 1
2025-12-12 10:50:00 [INFO] : ✅ 更新批次统计: batch_20251212_105000_b1412047, 状态: COMPLETED
2025-12-12 10:50:00 [INFO] : ✅ 保存工单 1949316396861095937 去噪记录成功，批次: batch_20251212_105000_b1412047
2025-12-12 10:50:00 [INFO] : ✅ 工单 1949316396861095937 去噪完成: 3 -> 3 条评论
2025-12-12 10:50:00 [INFO] : ⏳ 工单 1949316396861095937 首响计算开始，评论总数=4
2025-12-12 10:50:00 [INFO] : 👀 工单 1949316396861095937 评论巡检: id=1949316397091782656, user_type=SELLER, oper_raw=True, is_service=False, is_customer=True, create_time=2025-07-27 11:50:20
2025-12-12 10:50:00 [INFO] : 🎯 工单 1949316396861095937 首条客户消息锁定: 2025-07-27 11:50:20
2025-12-12 10:50:00 [INFO] : 👀 工单 1949316396861095937 评论巡检: id=1949316466696257536, user_type=EMPLOYEE, oper_raw=True, is_service=True, is_customer=False, create_time=2025-07-27 11:50:36
2025-12-12 10:50:00 [INFO] : 🎯 工单 1949316396861095937 首条客服回复锁定: 2025-07-27 11:50:36
2025-12-12 10:50:00 [INFO] : ⏱️ 工单 1949316396861095937 首响计算: first_customer_message_time=2025-07-27 11:50:20, first_service_reply_time=2025-07-27 11:50:36, response_seconds=16, threshold_seconds=120, is_timeout=False
2025-12-12 10:50:00 [INFO] : 🧾 工单 1949316396861095937 首响开关: work_type=AFTER_SALE, work_table_name=t_work_2025, is_after_sale=True, raw_comments=4, valid_comments=3
2025-12-12 10:50:00 [INFO] : ✅ 工单 1949316396861095937 有 3 条有效评论，构建完成对话数据
2025-12-12 10:50:00 [INFO] : 工单 1949316396861095937 AI状态更新为: PENDING
2025-12-12 10:50:00 [INFO] : 📋 处理工单 1949317828519657473 (26/50) - 评论表: t_work_comment_2025
2025-12-12 10:50:00 [INFO] : 从表 t_work_comment_2025 获取工单 1949317828519657473 的 4 条完整对话记录（包含客户和客服）
2025-12-12 10:50:00 [INFO] : 💭 工单 1949317828519657473 获取到 4 条原始评论
2025-12-12 10:50:00 [INFO] : 🔍 工单 1949317828519657473 开始去噪处理 3 条有效评论...
2025-12-12 10:50:00 [INFO] : 🔍 开始过滤评论，原始数量: 3
2025-12-12 10:50:00 [INFO] : ✅ 评论过滤完成:
2025-12-12 10:50:00 [INFO] :   📥 原始数量: 3
2025-12-12 10:50:00 [INFO] :   📤 过滤后数量: 3
2025-12-12 10:50:00 [INFO] :   🗑️ 移除数量: 0
2025-12-12 10:50:00 [INFO] :   📊 过滤率: 0.0%
2025-12-12 10:50:00 [INFO] : ✅ 创建批次记录: batch_20251212_105000_3c188047, 工单数: 1
2025-12-12 10:50:00 [INFO] : ✅ 更新批次统计: batch_20251212_105000_3c188047, 状态: COMPLETED
2025-12-12 10:50:00 [INFO] : ✅ 保存工单 1949317828519657473 去噪记录成功，批次: batch_20251212_105000_3c188047
2025-12-12 10:50:00 [INFO] : ✅ 工单 1949317828519657473 去噪完成: 3 -> 3 条评论
2025-12-12 10:50:00 [INFO] : 🧾 工单 1949317828519657473 首响开关: work_type=EXCHANGE, work_table_name=t_work_2025, is_after_sale=False, raw_comments=4, valid_comments=3
2025-12-12 10:50:00 [INFO] : ✅ 工单 1949317828519657473 有 3 条有效评论，构建完成对话数据
2025-12-12 10:50:00 [INFO] : 工单 1949317828519657473 AI状态更新为: PENDING
2025-12-12 10:50:00 [INFO] : 📋 处理工单 1949319098680737793 (27/50) - 评论表: t_work_comment_2025
2025-12-12 10:50:00 [INFO] : 从表 t_work_comment_2025 获取工单 1949319098680737793 的 3 条完整对话记录（包含客户和客服）
2025-12-12 10:50:00 [INFO] : 💭 工单 1949319098680737793 获取到 3 条原始评论
2025-12-12 10:50:00 [INFO] : 🔍 工单 1949319098680737793 开始去噪处理 2 条有效评论...
2025-12-12 10:50:00 [INFO] : 🔍 开始过滤评论，原始数量: 2
2025-12-12 10:50:00 [INFO] : ✅ 评论过滤完成:
2025-12-12 10:50:00 [INFO] :   📥 原始数量: 2
2025-12-12 10:50:00 [INFO] :   📤 过滤后数量: 2
2025-12-12 10:50:00 [INFO] :   🗑️ 移除数量: 0
2025-12-12 10:50:00 [INFO] :   📊 过滤率: 0.0%
2025-12-12 10:50:00 [INFO] : ✅ 创建批次记录: batch_20251212_105000_d2d61196, 工单数: 1
2025-12-12 10:50:00 [INFO] : ✅ 更新批次统计: batch_20251212_105000_d2d61196, 状态: COMPLETED
2025-12-12 10:50:00 [INFO] : ✅ 保存工单 1949319098680737793 去噪记录成功，批次: batch_20251212_105000_d2d61196
2025-12-12 10:50:00 [INFO] : ✅ 工单 1949319098680737793 去噪完成: 2 -> 2 条评论
2025-12-12 10:50:00 [INFO] : 🧾 工单 1949319098680737793 首响开关: work_type=URGE_INSTALL, work_table_name=t_work_2025, is_after_sale=False, raw_comments=3, valid_comments=2
2025-12-12 10:50:00 [INFO] : ✅ 工单 1949319098680737793 有 2 条有效评论，构建完成对话数据
2025-12-12 10:50:00 [INFO] : 工单 1949319098680737793 AI状态更新为: PENDING
2025-12-12 10:50:00 [INFO] : 📋 处理工单 1949319027805388801 (28/50) - 评论表: t_work_comment_2025
2025-12-12 10:50:00 [INFO] : 从表 t_work_comment_2025 获取工单 1949319027805388801 的 16 条完整对话记录（包含客户和客服）
2025-12-12 10:50:00 [INFO] : 💭 工单 1949319027805388801 获取到 16 条原始评论
2025-12-12 10:50:00 [INFO] : 🔍 工单 1949319027805388801 开始去噪处理 12 条有效评论...
2025-12-12 10:50:00 [INFO] : 🔍 开始过滤评论，原始数量: 12
2025-12-12 10:50:00 [INFO] : ✅ 评论过滤完成:
2025-12-12 10:50:00 [INFO] :   📥 原始数量: 12
2025-12-12 10:50:00 [INFO] :   📤 过滤后数量: 12
2025-12-12 10:50:00 [INFO] :   🗑️ 移除数量: 0
2025-12-12 10:50:00 [INFO] :   📊 过滤率: 0.0%
2025-12-12 10:50:00 [INFO] : ✅ 创建批次记录: batch_20251212_105000_face6f00, 工单数: 1
2025-12-12 10:50:00 [INFO] : ✅ 更新批次统计: batch_20251212_105000_face6f00, 状态: COMPLETED
2025-12-12 10:50:00 [INFO] : ✅ 保存工单 1949319027805388801 去噪记录成功，批次: batch_20251212_105000_face6f00
2025-12-12 10:50:00 [INFO] : ✅ 工单 1949319027805388801 去噪完成: 12 -> 12 条评论
2025-12-12 10:50:00 [INFO] : ⏳ 工单 1949319027805388801 首响计算开始，评论总数=16
2025-12-12 10:50:00 [INFO] : 👀 工单 1949319027805388801 评论巡检: id=1949319028031881216, user_type=EMPLOYEE, oper_raw=True, is_service=True, is_customer=False, create_time=2025-07-27 12:00:47
2025-12-12 10:50:00 [INFO] : 👀 工单 1949319027805388801 评论巡检: id=1949319267505668096, user_type=EMPLOYEE, oper_raw=True, is_service=True, is_customer=False, create_time=2025-07-27 12:01:44
2025-12-12 10:50:00 [INFO] : 👀 工单 1949319027805388801 评论巡检: id=1949319459768369152, user_type=EMPLOYEE, oper_raw=True, is_service=True, is_customer=False, create_time=2025-07-27 12:02:30
2025-12-12 10:50:00 [INFO] : 👀 工单 1949319027805388801 评论巡检: id=1949319547412545536, user_type=EMPLOYEE, oper_raw=True, is_service=True, is_customer=False, create_time=2025-07-27 12:02:51
2025-12-12 10:50:00 [INFO] : 👀 工单 1949319027805388801 评论巡检: id=1949321296038854656, user_type=EMPLOYEE, oper_raw=True, is_service=True, is_customer=False, create_time=2025-07-27 12:09:48
2025-12-12 10:50:00 [INFO] : 👀 工单 1949319027805388801 评论巡检: id=1949321365572026368, user_type=EMPLOYEE, oper_raw=True, is_service=True, is_customer=False, create_time=2025-07-27 12:10:04
2025-12-12 10:50:00 [INFO] : 👀 工单 1949319027805388801 评论巡检: id=1949322086304448512, user_type=EMPLOYEE, oper_raw=True, is_service=True, is_customer=False, create_time=2025-07-27 12:12:56
2025-12-12 10:50:00 [INFO] : 👀 工单 1949319027805388801 评论巡检: id=1949339407416819712, user_type=EMPLOYEE, oper_raw=True, is_service=True, is_customer=False, create_time=2025-07-27 13:21:46
2025-12-12 10:50:00 [INFO] : 👀 工单 1949319027805388801 评论巡检: id=1949339535808659456, user_type=EMPLOYEE, oper_raw=True, is_service=True, is_customer=False, create_time=2025-07-27 13:22:16
2025-12-12 10:50:00 [INFO] : 👀 工单 1949319027805388801 评论巡检: id=1949340026106019840, user_type=EMPLOYEE, oper_raw=True, is_service=True, is_customer=False, create_time=2025-07-27 13:24:13
2025-12-12 10:50:00 [INFO] : 👀 工单 1949319027805388801 评论巡检: id=1949341132764741632, user_type=EMPLOYEE, oper_raw=True, is_service=True, is_customer=False, create_time=2025-07-27 13:28:37
2025-12-12 10:50:00 [INFO] : 👀 工单 1949319027805388801 评论巡检: id=1949341243917991936, user_type=EMPLOYEE, oper_raw=True, is_service=True, is_customer=False, create_time=2025-07-27 13:29:04
2025-12-12 10:50:00 [INFO] : 👀 工单 1949319027805388801 评论巡检: id=1949341817216434176, user_type=EMPLOYEE, oper_raw=True, is_service=True, is_customer=False, create_time=2025-07-27 13:31:20
2025-12-12 10:50:00 [INFO] : 👀 工单 1949319027805388801 评论巡检: id=1949342067092094976, user_type=EMPLOYEE, oper_raw=True, is_service=True, is_customer=False, create_time=2025-07-27 13:32:20
2025-12-12 10:50:00 [INFO] : 👀 工单 1949319027805388801 评论巡检: id=1949342156472713216, user_type=EMPLOYEE, oper_raw=True, is_service=True, is_customer=False, create_time=2025-07-27 13:32:41
2025-12-12 10:50:00 [INFO] : 👀 工单 1949319027805388801 评论巡检: id=1950412337672355840, user_type=EMPLOYEE, oper_raw=True, is_service=True, is_customer=False, create_time=2025-07-30 12:25:12
2025-12-12 10:50:00 [INFO] : ⏱️ 工单 1949319027805388801 首响计算: first_customer_message_time=None, first_service_reply_time=None, response_seconds=None, threshold_seconds=120, is_timeout=False
2025-12-12 10:50:00 [INFO] : 🧾 工单 1949319027805388801 首响开关: work_type=AFTER_SALE, work_table_name=t_work_2025, is_after_sale=True, raw_comments=16, valid_comments=12
2025-12-12 10:50:00 [INFO] : ✅ 工单 1949319027805388801 有 12 条有效评论，构建完成对话数据
2025-12-12 10:50:00 [INFO] : 工单 1949319027805388801 AI状态更新为: PENDING
2025-12-12 10:50:00 [INFO] : 📋 处理工单 1949318936021434369 (29/50) - 评论表: t_work_comment_2025
2025-12-12 10:50:00 [INFO] : 从表 t_work_comment_2025 获取工单 1949318936021434369 的 5 条完整对话记录（包含客户和客服）
2025-12-12 10:50:00 [INFO] : 💭 工单 1949318936021434369 获取到 5 条原始评论
2025-12-12 10:50:00 [INFO] : 🔍 工单 1949318936021434369 开始去噪处理 5 条有效评论...
2025-12-12 10:50:00 [INFO] : 🔍 开始过滤评论，原始数量: 5
2025-12-12 10:50:00 [INFO] : ✅ 评论过滤完成:
2025-12-12 10:50:00 [INFO] :   📥 原始数量: 5
2025-12-12 10:50:00 [INFO] :   📤 过滤后数量: 5
2025-12-12 10:50:00 [INFO] :   🗑️ 移除数量: 0
2025-12-12 10:50:00 [INFO] :   📊 过滤率: 0.0%
2025-12-12 10:50:00 [INFO] : ✅ 创建批次记录: batch_20251212_105000_9d388d01, 工单数: 1
2025-12-12 10:50:00 [INFO] : ✅ 更新批次统计: batch_20251212_105000_9d388d01, 状态: COMPLETED
2025-12-12 10:50:00 [INFO] : ✅ 保存工单 1949318936021434369 去噪记录成功，批次: batch_20251212_105000_9d388d01
2025-12-12 10:50:00 [INFO] : ✅ 工单 1949318936021434369 去噪完成: 5 -> 5 条评论
2025-12-12 10:50:00 [INFO] : 🧾 工单 1949318936021434369 首响开关: work_type=EXCHANGE, work_table_name=t_work_2025, is_after_sale=False, raw_comments=5, valid_comments=5
2025-12-12 10:50:00 [INFO] : ✅ 工单 1949318936021434369 有 5 条有效评论，构建完成对话数据
2025-12-12 10:50:00 [INFO] : 工单 1949318936021434369 AI状态更新为: PENDING
2025-12-12 10:50:00 [INFO] : 📋 处理工单 1949318885014503424 (30/50) - 评论表: t_work_comment_2025
2025-12-12 10:50:00 [INFO] : 从表 t_work_comment_2025 获取工单 1949318885014503424 的 9 条完整对话记录（包含客户和客服）
2025-12-12 10:50:00 [INFO] : 💭 工单 1949318885014503424 获取到 9 条原始评论
2025-12-12 10:50:00 [INFO] : 🔍 工单 1949318885014503424 开始去噪处理 9 条有效评论...
2025-12-12 10:50:00 [INFO] : 🔍 开始过滤评论，原始数量: 9
2025-12-12 10:50:00 [INFO] : ✅ 评论过滤完成:
2025-12-12 10:50:00 [INFO] :   📥 原始数量: 9
2025-12-12 10:50:00 [INFO] :   📤 过滤后数量: 9
2025-12-12 10:50:00 [INFO] :   🗑️ 移除数量: 0
2025-12-12 10:50:00 [INFO] :   📊 过滤率: 0.0%
2025-12-12 10:50:00 [INFO] : ✅ 创建批次记录: batch_20251212_105000_f1839ca2, 工单数: 1
2025-12-12 10:50:00 [INFO] : ✅ 更新批次统计: batch_20251212_105000_f1839ca2, 状态: COMPLETED
2025-12-12 10:50:00 [INFO] : ✅ 保存工单 1949318885014503424 去噪记录成功，批次: batch_20251212_105000_f1839ca2
2025-12-12 10:50:00 [INFO] : ✅ 工单 1949318885014503424 去噪完成: 9 -> 9 条评论
2025-12-12 10:50:00 [INFO] : 🧾 工单 1949318885014503424 首响开关: work_type=FIND_SHOP, work_table_name=t_work_2025, is_after_sale=False, raw_comments=9, valid_comments=9
2025-12-12 10:50:00 [INFO] : ✅ 工单 1949318885014503424 有 9 条有效评论，构建完成对话数据
2025-12-12 10:50:00 [INFO] : 工单 1949318885014503424 AI状态更新为: PENDING
2025-12-12 10:50:00 [INFO] : 📋 处理工单 1949318798095941633 (31/50) - 评论表: t_work_comment_2025
2025-12-12 10:50:00 [INFO] : 从表 t_work_comment_2025 获取工单 1949318798095941633 的 4 条完整对话记录（包含客户和客服）
2025-12-12 10:50:00 [INFO] : 💭 工单 1949318798095941633 获取到 4 条原始评论
2025-12-12 10:50:00 [INFO] : 🔍 工单 1949318798095941633 开始去噪处理 4 条有效评论...
2025-12-12 10:50:00 [INFO] : 🔍 开始过滤评论，原始数量: 4
2025-12-12 10:50:00 [INFO] : ✅ 评论过滤完成:
2025-12-12 10:50:00 [INFO] :   📥 原始数量: 4
2025-12-12 10:50:00 [INFO] :   📤 过滤后数量: 4
2025-12-12 10:50:00 [INFO] :   🗑️ 移除数量: 0
2025-12-12 10:50:00 [INFO] :   📊 过滤率: 0.0%
2025-12-12 10:50:00 [INFO] : ✅ 创建批次记录: batch_20251212_105000_a2471d09, 工单数: 1
2025-12-12 10:50:00 [INFO] : ✅ 更新批次统计: batch_20251212_105000_a2471d09, 状态: COMPLETED
2025-12-12 10:50:00 [INFO] : ✅ 保存工单 1949318798095941633 去噪记录成功，批次: batch_20251212_105000_a2471d09
2025-12-12 10:50:00 [INFO] : ✅ 工单 1949318798095941633 去噪完成: 4 -> 4 条评论
2025-12-12 10:50:00 [INFO] : 🧾 工单 1949318798095941633 首响开关: work_type=EXCHANGE, work_table_name=t_work_2025, is_after_sale=False, raw_comments=4, valid_comments=4
2025-12-12 10:50:00 [INFO] : ✅ 工单 1949318798095941633 有 4 条有效评论，构建完成对话数据
2025-12-12 10:50:00 [INFO] : 工单 1949318798095941633 AI状态更新为: PENDING
2025-12-12 10:50:00 [INFO] : 📋 处理工单 1949318740873052161 (32/50) - 评论表: t_work_comment_2025
2025-12-12 10:50:00 [INFO] : 从表 t_work_comment_2025 获取工单 1949318740873052161 的 4 条完整对话记录（包含客户和客服）
2025-12-12 10:50:00 [INFO] : 💭 工单 1949318740873052161 获取到 4 条原始评论
2025-12-12 10:50:00 [INFO] : 🔍 工单 1949318740873052161 开始去噪处理 4 条有效评论...
2025-12-12 10:50:00 [INFO] : 🔍 开始过滤评论，原始数量: 4
2025-12-12 10:50:00 [INFO] : ✅ 评论过滤完成:
2025-12-12 10:50:00 [INFO] :   📥 原始数量: 4
2025-12-12 10:50:00 [INFO] :   📤 过滤后数量: 4
2025-12-12 10:50:00 [INFO] :   🗑️ 移除数量: 0
2025-12-12 10:50:00 [INFO] :   📊 过滤率: 0.0%
2025-12-12 10:50:00 [INFO] : ✅ 创建批次记录: batch_20251212_105000_1824820c, 工单数: 1
2025-12-12 10:50:00 [INFO] : ✅ 更新批次统计: batch_20251212_105000_1824820c, 状态: COMPLETED
2025-12-12 10:50:00 [INFO] : ✅ 保存工单 1949318740873052161 去噪记录成功，批次: batch_20251212_105000_1824820c
2025-12-12 10:50:00 [INFO] : ✅ 工单 1949318740873052161 去噪完成: 4 -> 4 条评论
2025-12-12 10:50:00 [INFO] : 🧾 工单 1949318740873052161 首响开关: work_type=URGE_INSTALL, work_table_name=t_work_2025, is_after_sale=False, raw_comments=4, valid_comments=4
2025-12-12 10:50:00 [INFO] : ✅ 工单 1949318740873052161 有 4 条有效评论，构建完成对话数据
2025-12-12 10:50:00 [INFO] : 工单 1949318740873052161 AI状态更新为: PENDING
2025-12-12 10:50:00 [INFO] : 📋 处理工单 1949318730047553537 (33/50) - 评论表: t_work_comment_2025
2025-12-12 10:50:00 [INFO] : 从表 t_work_comment_2025 获取工单 1949318730047553537 的 5 条完整对话记录（包含客户和客服）
2025-12-12 10:50:00 [INFO] : 💭 工单 1949318730047553537 获取到 5 条原始评论
2025-12-12 10:50:00 [INFO] : 🔍 工单 1949318730047553537 开始去噪处理 5 条有效评论...
2025-12-12 10:50:00 [INFO] : 🔍 开始过滤评论，原始数量: 5
2025-12-12 10:50:00 [INFO] : ✅ 评论过滤完成:
2025-12-12 10:50:00 [INFO] :   📥 原始数量: 5
2025-12-12 10:50:00 [INFO] :   📤 过滤后数量: 5
2025-12-12 10:50:00 [INFO] :   🗑️ 移除数量: 0
2025-12-12 10:50:00 [INFO] :   📊 过滤率: 0.0%
2025-12-12 10:50:00 [INFO] : ✅ 创建批次记录: batch_20251212_105000_52fd1c06, 工单数: 1
2025-12-12 10:50:00 [INFO] : ✅ 更新批次统计: batch_20251212_105000_52fd1c06, 状态: COMPLETED
2025-12-12 10:50:00 [INFO] : ✅ 保存工单 1949318730047553537 去噪记录成功，批次: batch_20251212_105000_52fd1c06
2025-12-12 10:50:00 [INFO] : ✅ 工单 1949318730047553537 去噪完成: 5 -> 5 条评论
2025-12-12 10:50:00 [INFO] : ⏳ 工单 1949318730047553537 首响计算开始，评论总数=5
2025-12-12 10:50:00 [INFO] : 👀 工单 1949318730047553537 评论巡检: id=1949318730274045952, user_type=SELLER, oper_raw=True, is_service=False, is_customer=True, create_time=2025-07-27 11:59:36
2025-12-12 10:50:00 [INFO] : 🎯 工单 1949318730047553537 首条客户消息锁定: 2025-07-27 11:59:36
2025-12-12 10:50:00 [INFO] : 👀 工单 1949318730047553537 评论巡检: id=1949318760972156928, user_type=EMPLOYEE, oper_raw=True, is_service=True, is_customer=False, create_time=2025-07-27 11:59:43
2025-12-12 10:50:00 [INFO] : 🎯 工单 1949318730047553537 首条客服回复锁定: 2025-07-27 11:59:43
2025-12-12 10:50:00 [INFO] : ⏱️ 工单 1949318730047553537 首响计算: first_customer_message_time=2025-07-27 11:59:36, first_service_reply_time=2025-07-27 11:59:43, response_seconds=7, threshold_seconds=120, is_timeout=False
2025-12-12 10:50:00 [INFO] : 🧾 工单 1949318730047553537 首响开关: work_type=AFTER_SALE, work_table_name=t_work_2025, is_after_sale=True, raw_comments=5, valid_comments=5
2025-12-12 10:50:00 [INFO] : ✅ 工单 1949318730047553537 有 5 条有效评论，构建完成对话数据
2025-12-12 10:50:00 [INFO] : 工单 1949318730047553537 AI状态更新为: PENDING
2025-12-12 10:50:00 [INFO] : 📋 处理工单 1949318647717560321 (34/50) - 评论表: t_work_comment_2025
2025-12-12 10:50:00 [INFO] : 从表 t_work_comment_2025 获取工单 1949318647717560321 的 5 条完整对话记录（包含客户和客服）
2025-12-12 10:50:00 [INFO] : 💭 工单 1949318647717560321 获取到 5 条原始评论
2025-12-12 10:50:00 [INFO] : 🔍 工单 1949318647717560321 开始去噪处理 4 条有效评论...
2025-12-12 10:50:00 [INFO] : 🔍 开始过滤评论，原始数量: 4
2025-12-12 10:50:00 [INFO] : ✅ 评论过滤完成:
2025-12-12 10:50:00 [INFO] :   📥 原始数量: 4
2025-12-12 10:50:00 [INFO] :   📤 过滤后数量: 4
2025-12-12 10:50:00 [INFO] :   🗑️ 移除数量: 0
2025-12-12 10:50:00 [INFO] :   📊 过滤率: 0.0%
2025-12-12 10:50:00 [INFO] : ✅ 创建批次记录: batch_20251212_105000_be7384d6, 工单数: 1
2025-12-12 10:50:00 [INFO] : ✅ 更新批次统计: batch_20251212_105000_be7384d6, 状态: COMPLETED
2025-12-12 10:50:00 [INFO] : ✅ 保存工单 1949318647717560321 去噪记录成功，批次: batch_20251212_105000_be7384d6
2025-12-12 10:50:00 [INFO] : ✅ 工单 1949318647717560321 去噪完成: 4 -> 4 条评论
2025-12-12 10:50:00 [INFO] : 🧾 工单 1949318647717560321 首响开关: work_type=EXCHANGE, work_table_name=t_work_2025, is_after_sale=False, raw_comments=5, valid_comments=4
2025-12-12 10:50:00 [INFO] : ✅ 工单 1949318647717560321 有 4 条有效评论，构建完成对话数据
2025-12-12 10:50:00 [INFO] : 工单 1949318647717560321 AI状态更新为: PENDING
2025-12-12 10:50:00 [INFO] : 📋 处理工单 1949318634383867905 (35/50) - 评论表: t_work_comment_2025
2025-12-12 10:50:00 [INFO] : 从表 t_work_comment_2025 获取工单 1949318634383867905 的 7 条完整对话记录（包含客户和客服）
2025-12-12 10:50:00 [INFO] : 💭 工单 1949318634383867905 获取到 7 条原始评论
2025-12-12 10:50:00 [INFO] : 🔍 工单 1949318634383867905 开始去噪处理 7 条有效评论...
2025-12-12 10:50:00 [INFO] : 🔍 开始过滤评论，原始数量: 7
2025-12-12 10:50:00 [INFO] : ✅ 评论过滤完成:
2025-12-12 10:50:00 [INFO] :   📥 原始数量: 7
2025-12-12 10:50:00 [INFO] :   📤 过滤后数量: 7
2025-12-12 10:50:00 [INFO] :   🗑️ 移除数量: 0
2025-12-12 10:50:00 [INFO] :   📊 过滤率: 0.0%
2025-12-12 10:50:00 [INFO] : ✅ 创建批次记录: batch_20251212_105000_2ab27907, 工单数: 1
2025-12-12 10:50:00 [INFO] : ✅ 更新批次统计: batch_20251212_105000_2ab27907, 状态: COMPLETED
2025-12-12 10:50:00 [INFO] : ✅ 保存工单 1949318634383867905 去噪记录成功，批次: batch_20251212_105000_2ab27907
2025-12-12 10:50:00 [INFO] : ✅ 工单 1949318634383867905 去噪完成: 7 -> 7 条评论
2025-12-12 10:50:00 [INFO] : ⏳ 工单 1949318634383867905 首响计算开始，评论总数=7
2025-12-12 10:50:00 [INFO] : 👀 工单 1949318634383867905 评论巡检: id=1949318634765549568, user_type=EMPLOYEE, oper_raw=True, is_service=True, is_customer=False, create_time=2025-07-27 11:59:13
2025-12-12 10:50:00 [INFO] : 👀 工单 1949318634383867905 评论巡检: id=1949318665660792832, user_type=EMPLOYEE, oper_raw=True, is_service=True, is_customer=False, create_time=2025-07-27 11:59:21
2025-12-12 10:50:00 [INFO] : 👀 工单 1949318634383867905 评论巡检: id=1949320028553740288, user_type=EMPLOYEE, oper_raw=True, is_service=True, is_customer=False, create_time=2025-07-27 12:04:46
2025-12-12 10:50:00 [INFO] : 👀 工单 1949318634383867905 评论巡检: id=1949323482902822912, user_type=EMPLOYEE, oper_raw=True, is_service=True, is_customer=False, create_time=2025-07-27 12:18:29
2025-12-12 10:50:00 [INFO] : 👀 工单 1949318634383867905 评论巡检: id=1949323521104543744, user_type=EMPLOYEE, oper_raw=True, is_service=True, is_customer=False, create_time=2025-07-27 12:18:38
2025-12-12 10:50:00 [INFO] : 👀 工单 1949318634383867905 评论巡检: id=1949327397111201792, user_type=EMPLOYEE, oper_raw=True, is_service=True, is_customer=False, create_time=2025-07-27 12:34:02
2025-12-12 10:50:00 [INFO] : 👀 工单 1949318634383867905 评论巡检: id=1949327719078559744, user_type=EMPLOYEE, oper_raw=True, is_service=True, is_customer=False, create_time=2025-07-27 12:35:19
2025-12-12 10:50:00 [INFO] : ⏱️ 工单 1949318634383867905 首响计算: first_customer_message_time=None, first_service_reply_time=None, response_seconds=None, threshold_seconds=120, is_timeout=False
2025-12-12 10:50:00 [INFO] : 🧾 工单 1949318634383867905 首响开关: work_type=AFTER_SALE, work_table_name=t_work_2025, is_after_sale=True, raw_comments=7, valid_comments=7
2025-12-12 10:50:00 [INFO] : ✅ 工单 1949318634383867905 有 7 条有效评论，构建完成对话数据
2025-12-12 10:50:00 [INFO] : 工单 1949318634383867905 AI状态更新为: PENDING
2025-12-12 10:50:00 [INFO] : 📋 处理工单 1949318411838291969 (36/50) - 评论表: t_work_comment_2025
2025-12-12 10:50:00 [INFO] : 从表 t_work_comment_2025 获取工单 1949318411838291969 的 16 条完整对话记录（包含客户和客服）
2025-12-12 10:50:00 [INFO] : 💭 工单 1949318411838291969 获取到 16 条原始评论
2025-12-12 10:50:00 [INFO] : 🔍 工单 1949318411838291969 开始去噪处理 16 条有效评论...
2025-12-12 10:50:00 [INFO] : 🔍 开始过滤评论，原始数量: 16
2025-12-12 10:50:00 [INFO] : ✅ 评论过滤完成:
2025-12-12 10:50:00 [INFO] :   📥 原始数量: 16
2025-12-12 10:50:00 [INFO] :   📤 过滤后数量: 16
2025-12-12 10:50:00 [INFO] :   🗑️ 移除数量: 0
2025-12-12 10:50:00 [INFO] :   📊 过滤率: 0.0%
2025-12-12 10:50:00 [INFO] : ✅ 创建批次记录: batch_20251212_105000_1e666d7f, 工单数: 1
2025-12-12 10:50:00 [INFO] : ✅ 更新批次统计: batch_20251212_105000_1e666d7f, 状态: COMPLETED
2025-12-12 10:50:00 [INFO] : ✅ 保存工单 1949318411838291969 去噪记录成功，批次: batch_20251212_105000_1e666d7f
2025-12-12 10:50:00 [INFO] : ✅ 工单 1949318411838291969 去噪完成: 16 -> 16 条评论
2025-12-12 10:50:00 [INFO] : ⏳ 工单 1949318411838291969 首响计算开始，评论总数=16
2025-12-12 10:50:00 [INFO] : 👀 工单 1949318411838291969 评论巡检: id=1949318412056395776, user_type=SELLER, oper_raw=True, is_service=False, is_customer=True, create_time=2025-07-27 11:58:20
2025-12-12 10:50:00 [INFO] : 🎯 工单 1949318411838291969 首条客户消息锁定: 2025-07-27 11:58:20
2025-12-12 10:50:00 [INFO] : 👀 工单 1949318411838291969 评论巡检: id=1949318435926179840, user_type=EMPLOYEE, oper_raw=True, is_service=True, is_customer=False, create_time=2025-07-27 11:58:26
2025-12-12 10:50:00 [INFO] : 🎯 工单 1949318411838291969 首条客服回复锁定: 2025-07-27 11:58:26
2025-12-12 10:50:00 [INFO] : ⏱️ 工单 1949318411838291969 首响计算: first_customer_message_time=2025-07-27 11:58:20, first_service_reply_time=2025-07-27 11:58:26, response_seconds=6, threshold_seconds=120, is_timeout=False
2025-12-12 10:50:00 [INFO] : 🧾 工单 1949318411838291969 首响开关: work_type=AFTER_SALE, work_table_name=t_work_2025, is_after_sale=True, raw_comments=16, valid_comments=16
2025-12-12 10:50:00 [INFO] : ✅ 工单 1949318411838291969 有 16 条有效评论，构建完成对话数据
2025-12-12 10:50:00 [INFO] : 工单 1949318411838291969 AI状态更新为: PENDING
2025-12-12 10:50:00 [INFO] : 📋 处理工单 1949318381744160769 (37/50) - 评论表: t_work_comment_2025
2025-12-12 10:50:00 [INFO] : 从表 t_work_comment_2025 获取工单 1949318381744160769 的 3 条完整对话记录（包含客户和客服）
2025-12-12 10:50:00 [INFO] : 💭 工单 1949318381744160769 获取到 3 条原始评论
2025-12-12 10:50:00 [INFO] : 🔍 工单 1949318381744160769 开始去噪处理 3 条有效评论...
2025-12-12 10:50:00 [INFO] : 🔍 开始过滤评论，原始数量: 3
2025-12-12 10:50:00 [INFO] : ✅ 评论过滤完成:
2025-12-12 10:50:00 [INFO] :   📥 原始数量: 3
2025-12-12 10:50:00 [INFO] :   📤 过滤后数量: 3
2025-12-12 10:50:00 [INFO] :   🗑️ 移除数量: 0
2025-12-12 10:50:00 [INFO] :   📊 过滤率: 0.0%
2025-12-12 10:50:00 [INFO] : ✅ 创建批次记录: batch_20251212_105000_6146666f, 工单数: 1
2025-12-12 10:50:00 [INFO] : ✅ 更新批次统计: batch_20251212_105000_6146666f, 状态: COMPLETED
2025-12-12 10:50:00 [INFO] : ✅ 保存工单 1949318381744160769 去噪记录成功，批次: batch_20251212_105000_6146666f
2025-12-12 10:50:00 [INFO] : ✅ 工单 1949318381744160769 去噪完成: 3 -> 3 条评论
2025-12-12 10:50:00 [INFO] : 🧾 工单 1949318381744160769 首响开关: work_type=URGE_PAYMENT, work_table_name=t_work_2025, is_after_sale=False, raw_comments=3, valid_comments=3
2025-12-12 10:50:00 [INFO] : ✅ 工单 1949318381744160769 有 3 条有效评论，构建完成对话数据
2025-12-12 10:50:00 [INFO] : 工单 1949318381744160769 AI状态更新为: PENDING
2025-12-12 10:50:00 [INFO] : 📋 处理工单 1949318324206698497 (38/50) - 评论表: t_work_comment_2025
2025-12-12 10:50:00 [INFO] : 从表 t_work_comment_2025 获取工单 1949318324206698497 的 3 条完整对话记录（包含客户和客服）
2025-12-12 10:50:00 [INFO] : 💭 工单 1949318324206698497 获取到 3 条原始评论
2025-12-12 10:50:00 [INFO] : 🔍 工单 1949318324206698497 开始去噪处理 3 条有效评论...
2025-12-12 10:50:00 [INFO] : 🔍 开始过滤评论，原始数量: 3
2025-12-12 10:50:00 [INFO] : ✅ 评论过滤完成:
2025-12-12 10:50:00 [INFO] :   📥 原始数量: 3
2025-12-12 10:50:00 [INFO] :   📤 过滤后数量: 3
2025-12-12 10:50:00 [INFO] :   🗑️ 移除数量: 0
2025-12-12 10:50:00 [INFO] :   📊 过滤率: 0.0%
2025-12-12 10:50:00 [INFO] : ✅ 创建批次记录: batch_20251212_105000_7a615892, 工单数: 1
2025-12-12 10:50:00 [INFO] : ✅ 更新批次统计: batch_20251212_105000_7a615892, 状态: COMPLETED
2025-12-12 10:50:00 [INFO] : ✅ 保存工单 1949318324206698497 去噪记录成功，批次: batch_20251212_105000_7a615892
2025-12-12 10:50:00 [INFO] : ✅ 工单 1949318324206698497 去噪完成: 3 -> 3 条评论
2025-12-12 10:50:00 [INFO] : 🧾 工单 1949318324206698497 首响开关: work_type=URGE_PAYMENT, work_table_name=t_work_2025, is_after_sale=False, raw_comments=3, valid_comments=3
2025-12-12 10:50:00 [INFO] : ✅ 工单 1949318324206698497 有 3 条有效评论，构建完成对话数据
2025-12-12 10:50:00 [INFO] : 工单 1949318324206698497 AI状态更新为: PENDING
2025-12-12 10:50:00 [INFO] : 📋 处理工单 1949318243810279425 (39/50) - 评论表: t_work_comment_2025
2025-12-12 10:50:00 [INFO] : 从表 t_work_comment_2025 获取工单 1949318243810279425 的 4 条完整对话记录（包含客户和客服）
2025-12-12 10:50:00 [INFO] : 💭 工单 1949318243810279425 获取到 4 条原始评论
2025-12-12 10:50:00 [INFO] : 🔍 工单 1949318243810279425 开始去噪处理 3 条有效评论...
2025-12-12 10:50:00 [INFO] : 🔍 开始过滤评论，原始数量: 3
2025-12-12 10:50:00 [INFO] : ✅ 评论过滤完成:
2025-12-12 10:50:00 [INFO] :   📥 原始数量: 3
2025-12-12 10:50:00 [INFO] :   📤 过滤后数量: 3
2025-12-12 10:50:00 [INFO] :   🗑️ 移除数量: 0
2025-12-12 10:50:00 [INFO] :   📊 过滤率: 0.0%
2025-12-12 10:50:00 [INFO] : ✅ 创建批次记录: batch_20251212_105000_d2af55d4, 工单数: 1
2025-12-12 10:50:00 [INFO] : ✅ 更新批次统计: batch_20251212_105000_d2af55d4, 状态: COMPLETED
2025-12-12 10:50:00 [INFO] : ✅ 保存工单 1949318243810279425 去噪记录成功，批次: batch_20251212_105000_d2af55d4
2025-12-12 10:50:00 [INFO] : ✅ 工单 1949318243810279425 去噪完成: 3 -> 3 条评论
2025-12-12 10:50:00 [INFO] : 🧾 工单 1949318243810279425 首响开关: work_type=URGE_INSTALL, work_table_name=t_work_2025, is_after_sale=False, raw_comments=4, valid_comments=3
2025-12-12 10:50:00 [INFO] : ✅ 工单 1949318243810279425 有 3 条有效评论，构建完成对话数据
2025-12-12 10:50:00 [INFO] : 工单 1949318243810279425 AI状态更新为: PENDING
2025-12-12 10:50:00 [INFO] : 📋 处理工单 1949318237732732929 (40/50) - 评论表: t_work_comment_2025
2025-12-12 10:50:00 [INFO] : 从表 t_work_comment_2025 获取工单 1949318237732732929 的 4 条完整对话记录（包含客户和客服）
2025-12-12 10:50:00 [INFO] : 💭 工单 1949318237732732929 获取到 4 条原始评论
2025-12-12 10:50:00 [INFO] : 🔍 工单 1949318237732732929 开始去噪处理 3 条有效评论...
2025-12-12 10:50:00 [INFO] : 🔍 开始过滤评论，原始数量: 3
2025-12-12 10:50:00 [INFO] : ✅ 评论过滤完成:
2025-12-12 10:50:00 [INFO] :   📥 原始数量: 3
2025-12-12 10:50:00 [INFO] :   📤 过滤后数量: 3
2025-12-12 10:50:00 [INFO] :   🗑️ 移除数量: 0
2025-12-12 10:50:00 [INFO] :   📊 过滤率: 0.0%
2025-12-12 10:50:00 [INFO] : ✅ 创建批次记录: batch_20251212_105000_9818183d, 工单数: 1
2025-12-12 10:50:00 [INFO] : ✅ 更新批次统计: batch_20251212_105000_9818183d, 状态: COMPLETED
2025-12-12 10:50:00 [INFO] : ✅ 保存工单 1949318237732732929 去噪记录成功，批次: batch_20251212_105000_9818183d
2025-12-12 10:50:00 [INFO] : ✅ 工单 1949318237732732929 去噪完成: 3 -> 3 条评论
2025-12-12 10:50:00 [INFO] : 🧾 工单 1949318237732732929 首响开关: work_type=EXCHANGE, work_table_name=t_work_2025, is_after_sale=False, raw_comments=4, valid_comments=3
2025-12-12 10:50:00 [INFO] : ✅ 工单 1949318237732732929 有 3 条有效评论，构建完成对话数据
2025-12-12 10:50:00 [INFO] : 工单 1949318237732732929 AI状态更新为: PENDING
2025-12-12 10:50:00 [INFO] : 📋 处理工单 1949318181533253633 (41/50) - 评论表: t_work_comment_2025
2025-12-12 10:50:00 [INFO] : 从表 t_work_comment_2025 获取工单 1949318181533253633 的 3 条完整对话记录（包含客户和客服）
2025-12-12 10:50:00 [INFO] : 💭 工单 1949318181533253633 获取到 3 条原始评论
2025-12-12 10:50:00 [INFO] : 🔍 工单 1949318181533253633 开始去噪处理 2 条有效评论...
2025-12-12 10:50:00 [INFO] : 🔍 开始过滤评论，原始数量: 2
2025-12-12 10:50:00 [INFO] : ✅ 评论过滤完成:
2025-12-12 10:50:00 [INFO] :   📥 原始数量: 2
2025-12-12 10:50:00 [INFO] :   📤 过滤后数量: 2
2025-12-12 10:50:00 [INFO] :   🗑️ 移除数量: 0
2025-12-12 10:50:00 [INFO] :   📊 过滤率: 0.0%
2025-12-12 10:50:00 [INFO] : ✅ 创建批次记录: batch_20251212_105000_52c5fd1c, 工单数: 1
2025-12-12 10:50:00 [INFO] : ✅ 更新批次统计: batch_20251212_105000_52c5fd1c, 状态: COMPLETED
2025-12-12 10:50:00 [INFO] : ✅ 保存工单 1949318181533253633 去噪记录成功，批次: batch_20251212_105000_52c5fd1c
2025-12-12 10:50:00 [INFO] : ✅ 工单 1949318181533253633 去噪完成: 2 -> 2 条评论
2025-12-12 10:50:00 [INFO] : 🧾 工单 1949318181533253633 首响开关: work_type=URGE_INSTALL, work_table_name=t_work_2025, is_after_sale=False, raw_comments=3, valid_comments=2
2025-12-12 10:50:00 [INFO] : ✅ 工单 1949318181533253633 有 2 条有效评论，构建完成对话数据
2025-12-12 10:50:00 [INFO] : 工单 1949318181533253633 AI状态更新为: PENDING
2025-12-12 10:50:00 [INFO] : 📋 处理工单 1949318135504961537 (42/50) - 评论表: t_work_comment_2025
2025-12-12 10:50:00 [INFO] : 从表 t_work_comment_2025 获取工单 1949318135504961537 的 6 条完整对话记录（包含客户和客服）
2025-12-12 10:50:00 [INFO] : 💭 工单 1949318135504961537 获取到 6 条原始评论
2025-12-12 10:50:00 [INFO] : 🔍 工单 1949318135504961537 开始去噪处理 5 条有效评论...
2025-12-12 10:50:00 [INFO] : 🔍 开始过滤评论，原始数量: 5
2025-12-12 10:50:00 [INFO] : ✅ 评论过滤完成:
2025-12-12 10:50:00 [INFO] :   📥 原始数量: 5
2025-12-12 10:50:00 [INFO] :   📤 过滤后数量: 5
2025-12-12 10:50:00 [INFO] :   🗑️ 移除数量: 0
2025-12-12 10:50:00 [INFO] :   📊 过滤率: 0.0%
2025-12-12 10:50:00 [INFO] : ✅ 创建批次记录: batch_20251212_105000_b41c66b7, 工单数: 1
2025-12-12 10:50:00 [INFO] : ✅ 更新批次统计: batch_20251212_105000_b41c66b7, 状态: COMPLETED
2025-12-12 10:50:00 [INFO] : ✅ 保存工单 1949318135504961537 去噪记录成功，批次: batch_20251212_105000_b41c66b7
2025-12-12 10:50:00 [INFO] : ✅ 工单 1949318135504961537 去噪完成: 5 -> 5 条评论
2025-12-12 10:50:00 [INFO] : 🧾 工单 1949318135504961537 首响开关: work_type=EXCHANGE, work_table_name=t_work_2025, is_after_sale=False, raw_comments=6, valid_comments=5
2025-12-12 10:50:00 [INFO] : ✅ 工单 1949318135504961537 有 5 条有效评论，构建完成对话数据
2025-12-12 10:50:00 [INFO] : 工单 1949318135504961537 AI状态更新为: PENDING
2025-12-12 10:50:00 [INFO] : 📋 处理工单 1949318131759448065 (43/50) - 评论表: t_work_comment_2025
2025-12-12 10:50:00 [INFO] : 从表 t_work_comment_2025 获取工单 1949318131759448065 的 3 条完整对话记录（包含客户和客服）
2025-12-12 10:50:00 [INFO] : 💭 工单 1949318131759448065 获取到 3 条原始评论
2025-12-12 10:50:00 [INFO] : 🔍 工单 1949318131759448065 开始去噪处理 3 条有效评论...
2025-12-12 10:50:00 [INFO] : 🔍 开始过滤评论，原始数量: 3
2025-12-12 10:50:00 [INFO] : ✅ 评论过滤完成:
2025-12-12 10:50:00 [INFO] :   📥 原始数量: 3
2025-12-12 10:50:00 [INFO] :   📤 过滤后数量: 3
2025-12-12 10:50:00 [INFO] :   🗑️ 移除数量: 0
2025-12-12 10:50:00 [INFO] :   📊 过滤率: 0.0%
2025-12-12 10:50:00 [INFO] : ✅ 创建批次记录: batch_20251212_105000_352ce1be, 工单数: 1
2025-12-12 10:50:00 [INFO] : ✅ 更新批次统计: batch_20251212_105000_352ce1be, 状态: COMPLETED
2025-12-12 10:50:00 [INFO] : ✅ 保存工单 1949318131759448065 去噪记录成功，批次: batch_20251212_105000_352ce1be
2025-12-12 10:50:00 [INFO] : ✅ 工单 1949318131759448065 去噪完成: 3 -> 3 条评论
2025-12-12 10:50:00 [INFO] : 🧾 工单 1949318131759448065 首响开关: work_type=URGE_INSTALL, work_table_name=t_work_2025, is_after_sale=False, raw_comments=3, valid_comments=3
2025-12-12 10:50:00 [INFO] : ✅ 工单 1949318131759448065 有 3 条有效评论，构建完成对话数据
2025-12-12 10:50:00 [INFO] : 工单 1949318131759448065 AI状态更新为: PENDING
2025-12-12 10:50:00 [INFO] : 📋 处理工单 1949318041498025985 (44/50) - 评论表: t_work_comment_2025
2025-12-12 10:50:00 [INFO] : 从表 t_work_comment_2025 获取工单 1949318041498025985 的 1 条完整对话记录（包含客户和客服）
2025-12-12 10:50:00 [INFO] : 💭 工单 1949318041498025985 获取到 1 条原始评论
2025-12-12 10:50:00 [INFO] : 🔍 工单 1949318041498025985 开始去噪处理 1 条有效评论...
2025-12-12 10:50:00 [INFO] : 🔍 开始过滤评论，原始数量: 1
2025-12-12 10:50:00 [INFO] : ✅ 评论过滤完成:
2025-12-12 10:50:00 [INFO] :   📥 原始数量: 1
2025-12-12 10:50:00 [INFO] :   📤 过滤后数量: 1
2025-12-12 10:50:00 [INFO] :   🗑️ 移除数量: 0
2025-12-12 10:50:00 [INFO] :   📊 过滤率: 0.0%
2025-12-12 10:50:00 [INFO] : ✅ 创建批次记录: batch_20251212_105000_50770905, 工单数: 1
2025-12-12 10:50:00 [INFO] : ✅ 更新批次统计: batch_20251212_105000_50770905, 状态: COMPLETED
2025-12-12 10:50:00 [INFO] : ✅ 保存工单 1949318041498025985 去噪记录成功，批次: batch_20251212_105000_50770905
2025-12-12 10:50:00 [INFO] : ✅ 工单 1949318041498025985 去噪完成: 1 -> 1 条评论
2025-12-12 10:50:00 [INFO] : 🧾 工单 1949318041498025985 首响开关: work_type=EDIT_SHOP, work_table_name=t_work_2025, is_after_sale=False, raw_comments=1, valid_comments=1
2025-12-12 10:50:00 [INFO] : ✅ 工单 1949318041498025985 有 1 条有效评论，构建完成对话数据
2025-12-12 10:50:00 [INFO] : 工单 1949318041498025985 AI状态更新为: PENDING
2025-12-12 10:50:00 [INFO] : 📋 处理工单 1949318017611464705 (45/50) - 评论表: t_work_comment_2025
2025-12-12 10:50:00 [INFO] : 从表 t_work_comment_2025 获取工单 1949318017611464705 的 7 条完整对话记录（包含客户和客服）
2025-12-12 10:50:00 [INFO] : 💭 工单 1949318017611464705 获取到 7 条原始评论
2025-12-12 10:50:00 [INFO] : 🔍 工单 1949318017611464705 开始去噪处理 6 条有效评论...
2025-12-12 10:50:00 [INFO] : 🔍 开始过滤评论，原始数量: 6
2025-12-12 10:50:00 [INFO] : ✅ 评论过滤完成:
2025-12-12 10:50:00 [INFO] :   📥 原始数量: 6
2025-12-12 10:50:00 [INFO] :   📤 过滤后数量: 6
2025-12-12 10:50:00 [INFO] :   🗑️ 移除数量: 0
2025-12-12 10:50:00 [INFO] :   📊 过滤率: 0.0%
2025-12-12 10:50:00 [INFO] : ✅ 创建批次记录: batch_20251212_105000_3dbc2548, 工单数: 1
2025-12-12 10:50:00 [INFO] : ✅ 更新批次统计: batch_20251212_105000_3dbc2548, 状态: COMPLETED
2025-12-12 10:50:00 [INFO] : ✅ 保存工单 1949318017611464705 去噪记录成功，批次: batch_20251212_105000_3dbc2548
2025-12-12 10:50:00 [INFO] : ✅ 工单 1949318017611464705 去噪完成: 6 -> 6 条评论
2025-12-12 10:50:00 [INFO] : 🧾 工单 1949318017611464705 首响开关: work_type=EXCHANGE, work_table_name=t_work_2025, is_after_sale=False, raw_comments=7, valid_comments=6
2025-12-12 10:50:00 [INFO] : ✅ 工单 1949318017611464705 有 6 条有效评论，构建完成对话数据
2025-12-12 10:50:00 [INFO] : 工单 1949318017611464705 AI状态更新为: PENDING
2025-12-12 10:50:00 [INFO] : 📋 处理工单 1949317988326834176 (46/50) - 评论表: t_work_comment_2025
2025-12-12 10:50:00 [INFO] : 从表 t_work_comment_2025 获取工单 1949317988326834176 的 6 条完整对话记录（包含客户和客服）
2025-12-12 10:50:00 [INFO] : 💭 工单 1949317988326834176 获取到 6 条原始评论
2025-12-12 10:50:00 [INFO] : 🔍 工单 1949317988326834176 开始去噪处理 5 条有效评论...
2025-12-12 10:50:00 [INFO] : 🔍 开始过滤评论，原始数量: 5
2025-12-12 10:50:00 [INFO] : ✅ 评论过滤完成:
2025-12-12 10:50:00 [INFO] :   📥 原始数量: 5
2025-12-12 10:50:00 [INFO] :   📤 过滤后数量: 5
2025-12-12 10:50:00 [INFO] :   🗑️ 移除数量: 0
2025-12-12 10:50:00 [INFO] :   📊 过滤率: 0.0%
2025-12-12 10:50:00 [INFO] : ✅ 创建批次记录: batch_20251212_105000_62f87a48, 工单数: 1
2025-12-12 10:50:00 [INFO] : ✅ 更新批次统计: batch_20251212_105000_62f87a48, 状态: COMPLETED
2025-12-12 10:50:00 [INFO] : ✅ 保存工单 1949317988326834176 去噪记录成功，批次: batch_20251212_105000_62f87a48
2025-12-12 10:50:00 [INFO] : ✅ 工单 1949317988326834176 去噪完成: 5 -> 5 条评论
2025-12-12 10:50:00 [INFO] : 🧾 工单 1949317988326834176 首响开关: work_type=URGE_INSTALL, work_table_name=t_work_2025, is_after_sale=False, raw_comments=6, valid_comments=5
2025-12-12 10:50:00 [INFO] : ✅ 工单 1949317988326834176 有 5 条有效评论，构建完成对话数据
2025-12-12 10:50:00 [INFO] : 工单 1949317988326834176 AI状态更新为: PENDING
2025-12-12 10:50:00 [INFO] : 📋 处理工单 1949317938217484289 (47/50) - 评论表: t_work_comment_2025
2025-12-12 10:50:00 [INFO] : 从表 t_work_comment_2025 获取工单 1949317938217484289 的 4 条完整对话记录（包含客户和客服）
2025-12-12 10:50:00 [INFO] : 💭 工单 1949317938217484289 获取到 4 条原始评论
2025-12-12 10:50:00 [INFO] : 🔍 工单 1949317938217484289 开始去噪处理 4 条有效评论...
2025-12-12 10:50:00 [INFO] : 🔍 开始过滤评论，原始数量: 4
2025-12-12 10:50:00 [INFO] : ✅ 评论过滤完成:
2025-12-12 10:50:00 [INFO] :   📥 原始数量: 4
2025-12-12 10:50:00 [INFO] :   📤 过滤后数量: 4
2025-12-12 10:50:00 [INFO] :   🗑️ 移除数量: 0
2025-12-12 10:50:00 [INFO] :   📊 过滤率: 0.0%
2025-12-12 10:50:00 [INFO] : ✅ 创建批次记录: batch_20251212_105000_620afd24, 工单数: 1
2025-12-12 10:50:00 [INFO] : ✅ 更新批次统计: batch_20251212_105000_620afd24, 状态: COMPLETED
2025-12-12 10:50:00 [INFO] : ✅ 保存工单 1949317938217484289 去噪记录成功，批次: batch_20251212_105000_620afd24
2025-12-12 10:50:00 [INFO] : ✅ 工单 1949317938217484289 去噪完成: 4 -> 4 条评论
2025-12-12 10:50:00 [INFO] : 🧾 工单 1949317938217484289 首响开关: work_type=EXCHANGE, work_table_name=t_work_2025, is_after_sale=False, raw_comments=4, valid_comments=4
2025-12-12 10:50:00 [INFO] : ✅ 工单 1949317938217484289 有 4 条有效评论，构建完成对话数据
2025-12-12 10:50:00 [INFO] : 工单 1949317938217484289 AI状态更新为: PENDING
2025-12-12 10:50:00 [INFO] : 📋 处理工单 1949317935839313921 (48/50) - 评论表: t_work_comment_2025
2025-12-12 10:50:00 [INFO] : 从表 t_work_comment_2025 获取工单 1949317935839313921 的 6 条完整对话记录（包含客户和客服）
2025-12-12 10:50:00 [INFO] : 💭 工单 1949317935839313921 获取到 6 条原始评论
2025-12-12 10:50:00 [INFO] : 🔍 工单 1949317935839313921 开始去噪处理 5 条有效评论...
2025-12-12 10:50:00 [INFO] : 🔍 开始过滤评论，原始数量: 5
2025-12-12 10:50:00 [INFO] : ✅ 评论过滤完成:
2025-12-12 10:50:00 [INFO] :   📥 原始数量: 5
2025-12-12 10:50:00 [INFO] :   📤 过滤后数量: 5
2025-12-12 10:50:00 [INFO] :   🗑️ 移除数量: 0
2025-12-12 10:50:00 [INFO] :   📊 过滤率: 0.0%
2025-12-12 10:50:00 [INFO] : ✅ 创建批次记录: batch_20251212_105000_0efc1dba, 工单数: 1
2025-12-12 10:50:00 [INFO] : ✅ 更新批次统计: batch_20251212_105000_0efc1dba, 状态: COMPLETED
2025-12-12 10:50:00 [INFO] : ✅ 保存工单 1949317935839313921 去噪记录成功，批次: batch_20251212_105000_0efc1dba
2025-12-12 10:50:00 [INFO] : ✅ 工单 1949317935839313921 去噪完成: 5 -> 5 条评论
2025-12-12 10:50:00 [INFO] : 🧾 工单 1949317935839313921 首响开关: work_type=EXCHANGE, work_table_name=t_work_2025, is_after_sale=False, raw_comments=6, valid_comments=5
2025-12-12 10:50:00 [INFO] : ✅ 工单 1949317935839313921 有 5 条有效评论，构建完成对话数据
2025-12-12 10:50:00 [INFO] : 工单 1949317935839313921 AI状态更新为: PENDING
2025-12-12 10:50:00 [INFO] : 📋 处理工单 1949317918340677633 (49/50) - 评论表: t_work_comment_2025
2025-12-12 10:50:00 [INFO] : 从表 t_work_comment_2025 获取工单 1949317918340677633 的 4 条完整对话记录（包含客户和客服）
2025-12-12 10:50:00 [INFO] : 💭 工单 1949317918340677633 获取到 4 条原始评论
2025-12-12 10:50:00 [INFO] : 🔍 工单 1949317918340677633 开始去噪处理 3 条有效评论...
2025-12-12 10:50:00 [INFO] : 🔍 开始过滤评论，原始数量: 3
2025-12-12 10:50:00 [INFO] : ✅ 评论过滤完成:
2025-12-12 10:50:00 [INFO] :   📥 原始数量: 3
2025-12-12 10:50:00 [INFO] :   📤 过滤后数量: 3
2025-12-12 10:50:00 [INFO] :   🗑️ 移除数量: 0
2025-12-12 10:50:00 [INFO] :   📊 过滤率: 0.0%
2025-12-12 10:50:00 [INFO] : ✅ 创建批次记录: batch_20251212_105000_c8aeaa63, 工单数: 1
2025-12-12 10:50:00 [INFO] : ✅ 更新批次统计: batch_20251212_105000_c8aeaa63, 状态: COMPLETED
2025-12-12 10:50:00 [INFO] : ✅ 保存工单 1949317918340677633 去噪记录成功，批次: batch_20251212_105000_c8aeaa63
2025-12-12 10:50:00 [INFO] : ✅ 工单 1949317918340677633 去噪完成: 3 -> 3 条评论
2025-12-12 10:50:00 [INFO] : 🧾 工单 1949317918340677633 首响开关: work_type=URGE_INSTALL, work_table_name=t_work_2025, is_after_sale=False, raw_comments=4, valid_comments=3
2025-12-12 10:50:00 [INFO] : ✅ 工单 1949317918340677633 有 3 条有效评论，构建完成对话数据
2025-12-12 10:50:00 [INFO] : 工单 1949317918340677633 AI状态更新为: PENDING
2025-12-12 10:50:00 [INFO] : 📋 处理工单 1949317723238432769 (50/50) - 评论表: t_work_comment_2025
2025-12-12 10:50:00 [INFO] : 从表 t_work_comment_2025 获取工单 1949317723238432769 的 4 条完整对话记录（包含客户和客服）
2025-12-12 10:50:00 [INFO] : 💭 工单 1949317723238432769 获取到 4 条原始评论
2025-12-12 10:50:00 [INFO] : 🔍 工单 1949317723238432769 开始去噪处理 4 条有效评论...
2025-12-12 10:50:00 [INFO] : 🔍 开始过滤评论，原始数量: 4
2025-12-12 10:50:00 [INFO] : ✅ 评论过滤完成:
2025-12-12 10:50:00 [INFO] :   📥 原始数量: 4
2025-12-12 10:50:00 [INFO] :   📤 过滤后数量: 4
2025-12-12 10:50:00 [INFO] :   🗑️ 移除数量: 0
2025-12-12 10:50:00 [INFO] :   📊 过滤率: 0.0%
2025-12-12 10:50:00 [INFO] : ✅ 创建批次记录: batch_20251212_105000_580beba3, 工单数: 1
2025-12-12 10:50:00 [INFO] : ✅ 更新批次统计: batch_20251212_105000_580beba3, 状态: COMPLETED
2025-12-12 10:50:00 [INFO] : ✅ 保存工单 1949317723238432769 去噪记录成功，批次: batch_20251212_105000_580beba3
2025-12-12 10:50:00 [INFO] : ✅ 工单 1949317723238432769 去噪完成: 4 -> 4 条评论
2025-12-12 10:50:00 [INFO] : 🧾 工单 1949317723238432769 首响开关: work_type=URGE_INSTALL, work_table_name=t_work_2025, is_after_sale=False, raw_comments=4, valid_comments=4
2025-12-12 10:50:00 [INFO] : ✅ 工单 1949317723238432769 有 4 条有效评论，构建完成对话数据
2025-12-12 10:50:00 [INFO] : 工单 1949317723238432769 AI状态更新为: PENDING
2025-12-12 10:50:00 [INFO] : ============================================================
2025-12-12 10:50:00 [INFO] : 📋 pending工单数据拉取完成总结:
2025-12-12 10:50:00 [INFO] :   📥 查询到工单总数: 50
2025-12-12 10:50:00 [INFO] :   💬 有评论可分析: 50
2025-12-12 10:50:00 [INFO] :   💭 无评论已完成: 0
2025-12-12 10:50:00 [INFO] :   🔍 执行去噪处理: 1
2025-12-12 10:50:00 [INFO] : ============================================================
2025-12-12 10:50:00 [INFO] : 📊 步骤1: pending数据拉取结果 - success: True
2025-12-12 10:50:00 [INFO] : ✅ 步骤1完成: 拉取pending数据成功，获取到 50 个工单
2025-12-12 10:50:00 [INFO] : 📊 pending工单统计详情:
2025-12-12 10:50:00 [INFO] :   📥 拉取工单总数: 50
2025-12-12 10:50:00 [INFO] :   💬 有评论待分析: 50
2025-12-12 10:50:00 [INFO] :   💭 无评论已处理: 0
2025-12-12 10:50:00 [INFO] :   🔍 去噪处理数量: 1
2025-12-12 10:50:00 [INFO] : 🔄 步骤2: 开始批量AI分析处理...
2025-12-12 10:50:00 [INFO] : ================================================================================
2025-12-12 10:50:00 [INFO] : 🧠 开始批量分析处理 50 个工单
2025-12-12 10:50:00 [INFO] : 📊 批量分析前预处理统计:
2025-12-12 10:50:00 [INFO] :   📥 输入工单总数: 50
2025-12-12 10:50:00 [INFO] :   🔄 去重后工单数: 50
2025-12-12 10:50:00 [INFO] :   💬 有评论可分析: 50
2025-12-12 10:50:00 [INFO] :   💭 无评论跳过: 0
2025-12-12 10:50:00 [INFO] : 🔒 开始原子性标记 50 个工单为处理中状态...
2025-12-12 10:50:00 [INFO] : ✅ 工单 1949317156453744641 成功标记为处理中 (1/50)
2025-12-12 10:50:00 [INFO] : ✅ 工单 1949317718536617985 成功标记为处理中 (2/50)
2025-12-12 10:50:00 [INFO] : ✅ 工单 1949317706842898433 成功标记为处理中 (3/50)
2025-12-12 10:50:00 [INFO] : ✅ 工单 1949317677763788801 成功标记为处理中 (4/50)
2025-12-12 10:50:00 [INFO] : ✅ 工单 1949317646113570817 成功标记为处理中 (5/50)
2025-12-12 10:50:00 [INFO] : ✅ 工单 1949317559568302081 成功标记为处理中 (6/50)
2025-12-12 10:50:00 [INFO] : ✅ 工单 1949317537682423809 成功标记为处理中 (7/50)
2025-12-12 10:50:00 [INFO] : ✅ 工单 1949317431327457281 成功标记为处理中 (8/50)
2025-12-12 10:50:00 [INFO] : ✅ 工单 1949317401627590657 成功标记为处理中 (9/50)
2025-12-12 10:50:00 [INFO] : ✅ 工单 1949317245469458433 成功标记为处理中 (10/50)
2025-12-12 10:50:00 [INFO] : ✅ 工单 1949317219087286273 成功标记为处理中 (11/50)
2025-12-12 10:50:00 [INFO] : ✅ 工单 1949317187650977793 成功标记为处理中 (12/50)
2025-12-12 10:50:00 [INFO] : ✅ 工单 1949317185591574529 成功标记为处理中 (13/50)
2025-12-12 10:50:00 [INFO] : ✅ 工单 1949319080720728065 成功标记为处理中 (14/50)
2025-12-12 10:50:00 [INFO] : ✅ 工单 1949316947254444033 成功标记为处理中 (15/50)
2025-12-12 10:50:00 [INFO] : ✅ 工单 1949316941122371585 成功标记为处理中 (16/50)
2025-12-12 10:50:00 [INFO] : ✅ 工单 1949316842006773761 成功标记为处理中 (17/50)
2025-12-12 10:50:00 [INFO] : ✅ 工单 1949316755616694273 成功标记为处理中 (18/50)
2025-12-12 10:50:00 [INFO] : ✅ 工单 1949316673567719425 成功标记为处理中 (19/50)
2025-12-12 10:50:00 [INFO] : ✅ 工单 1949316548795564033 成功标记为处理中 (20/50)
2025-12-12 10:50:00 [INFO] : ✅ 工单 1949316530760056833 成功标记为处理中 (21/50)
2025-12-12 10:50:00 [INFO] : ✅ 工单 1949316517191483393 成功标记为处理中 (22/50)
2025-12-12 10:50:00 [INFO] : ✅ 工单 1949316507863351297 成功标记为处理中 (23/50)
2025-12-12 10:50:00 [INFO] : ✅ 工单 1949316437189328897 成功标记为处理中 (24/50)
2025-12-12 10:50:00 [INFO] : ✅ 工单 1949316396861095937 成功标记为处理中 (25/50)
2025-12-12 10:50:00 [INFO] : ✅ 工单 1949317828519657473 成功标记为处理中 (26/50)
2025-12-12 10:50:00 [INFO] : ✅ 工单 1949319098680737793 成功标记为处理中 (27/50)
2025-12-12 10:50:00 [INFO] : ✅ 工单 1949319027805388801 成功标记为处理中 (28/50)
2025-12-12 10:50:00 [INFO] : ✅ 工单 1949318936021434369 成功标记为处理中 (29/50)
2025-12-12 10:50:00 [INFO] : ✅ 工单 1949318885014503424 成功标记为处理中 (30/50)
2025-12-12 10:50:00 [INFO] : ✅ 工单 1949318798095941633 成功标记为处理中 (31/50)
2025-12-12 10:50:00 [INFO] : ✅ 工单 1949318740873052161 成功标记为处理中 (32/50)
2025-12-12 10:50:00 [INFO] : ✅ 工单 1949318730047553537 成功标记为处理中 (33/50)
2025-12-12 10:50:00 [INFO] : ✅ 工单 1949318647717560321 成功标记为处理中 (34/50)
2025-12-12 10:50:00 [INFO] : ✅ 工单 1949318634383867905 成功标记为处理中 (35/50)
2025-12-12 10:50:00 [INFO] : ✅ 工单 1949318411838291969 成功标记为处理中 (36/50)
2025-12-12 10:50:00 [INFO] : ✅ 工单 1949318381744160769 成功标记为处理中 (37/50)
2025-12-12 10:50:00 [INFO] : ✅ 工单 1949318324206698497 成功标记为处理中 (38/50)
2025-12-12 10:50:00 [INFO] : ✅ 工单 1949318243810279425 成功标记为处理中 (39/50)
2025-12-12 10:50:00 [INFO] : ✅ 工单 1949318237732732929 成功标记为处理中 (40/50)
2025-12-12 10:50:00 [INFO] : ✅ 工单 1949318181533253633 成功标记为处理中 (41/50)
2025-12-12 10:50:00 [INFO] : ✅ 工单 1949318135504961537 成功标记为处理中 (42/50)
2025-12-12 10:50:00 [INFO] : ✅ 工单 1949318131759448065 成功标记为处理中 (43/50)
2025-12-12 10:50:00 [INFO] : ✅ 工单 1949318041498025985 成功标记为处理中 (44/50)
2025-12-12 10:50:00 [INFO] : ✅ 工单 1949318017611464705 成功标记为处理中 (45/50)
2025-12-12 10:50:00 [INFO] : ✅ 工单 1949317988326834176 成功标记为处理中 (46/50)
2025-12-12 10:50:00 [INFO] : ✅ 工单 1949317938217484289 成功标记为处理中 (47/50)
2025-12-12 10:50:00 [INFO] : ✅ 工单 1949317935839313921 成功标记为处理中 (48/50)
2025-12-12 10:50:00 [INFO] : ✅ 工单 1949317918340677633 成功标记为处理中 (49/50)
2025-12-12 10:50:00 [INFO] : ✅ 工单 1949317723238432769 成功标记为处理中 (50/50)
2025-12-12 10:50:00 [INFO] : 🔒 批量状态标记完成: 50/50 个工单成功标记为处理中状态
2025-12-12 10:50:00 [INFO] : 📋 工单 #1: ID=1949317156453744641, 评论数=4
2025-12-12 10:50:00 [INFO] : 📋 工单 #2: ID=1949317718536617985, 评论数=3
2025-12-12 10:50:00 [INFO] : 📋 工单 #3: ID=1949317706842898433, 评论数=8
2025-12-12 10:50:00 [INFO] : 🔄 准备创建 50 个分析任务，并发数: 5
2025-12-12 10:50:00 [INFO] : ⚡ 开始执行批量分析任务 - 目标工单数: 50, 并发数: 5
2025-12-12 10:50:00 [INFO] : 🔍 开始分析工单 1949317156453744641 的对话
2025-12-12 10:50:00 [INFO] : 成功从数据库加载 1 个关键词配置分类
2025-12-12 10:50:00 [INFO] : 📊 工单 1949317156453744641 关键词筛选结果: 可疑=False, 置信度=0.000
2025-12-12 10:50:00 [INFO] : ⏭️ 工单 1949317156453744641 未命中关键词阈值（置信度: 0.000），判定为低风险，不保存
2025-12-12 10:50:00 [INFO] : 🔍 开始分析工单 1949317718536617985 的对话
2025-12-12 10:50:00 [INFO] : 成功从数据库加载 1 个关键词配置分类
2025-12-12 10:50:00 [INFO] : 📊 工单 1949317718536617985 关键词筛选结果: 可疑=False, 置信度=0.000
2025-12-12 10:50:00 [INFO] : ⏭️ 工单 1949317718536617985 未命中关键词阈值（置信度: 0.000），判定为低风险，不保存
2025-12-12 10:50:00 [INFO] : 🔍 开始分析工单 1949317706842898433 的对话
2025-12-12 10:50:00 [INFO] : 成功从数据库加载 1 个关键词配置分类
2025-12-12 10:50:00 [INFO] : 📊 工单 1949317706842898433 关键词筛选结果: 可疑=False, 置信度=0.000
2025-12-12 10:50:00 [INFO] : ⏭️ 工单 1949317706842898433 未命中关键词阈值（置信度: 0.000），判定为低风险，不保存
2025-12-12 10:50:00 [INFO] : 🔍 开始分析工单 1949317677763788801 的对话
2025-12-12 10:50:00 [INFO] : 成功从数据库加载 1 个关键词配置分类
2025-12-12 10:50:00 [INFO] : 📊 工单 1949317677763788801 关键词筛选结果: 可疑=False, 置信度=0.000
2025-12-12 10:50:00 [INFO] : ⏭️ 工单 1949317677763788801 未命中关键词阈值（置信度: 0.000），判定为低风险，不保存
2025-12-12 10:50:00 [INFO] : 🔍 开始分析工单 1949317646113570817 的对话
2025-12-12 10:50:00 [INFO] : 成功从数据库加载 1 个关键词配置分类
2025-12-12 10:50:00 [INFO] : 📊 工单 1949317646113570817 关键词筛选结果: 可疑=False, 置信度=0.000
2025-12-12 10:50:00 [INFO] : ⏭️ 工单 1949317646113570817 未命中关键词阈值（置信度: 0.000），判定为低风险，不保存
2025-12-12 10:50:00 [INFO] : 🔍 开始分析工单 1949317559568302081 的对话
2025-12-12 10:50:00 [INFO] : 成功从数据库加载 1 个关键词配置分类
2025-12-12 10:50:00 [INFO] : 📊 工单 1949317559568302081 关键词筛选结果: 可疑=False, 置信度=0.000
2025-12-12 10:50:00 [INFO] : ⏭️ 工单 1949317559568302081 未命中关键词阈值（置信度: 0.000），判定为低风险，不保存
2025-12-12 10:50:00 [INFO] : 🔍 开始分析工单 1949317537682423809 的对话
2025-12-12 10:50:00 [INFO] : 成功从数据库加载 1 个关键词配置分类
2025-12-12 10:50:00 [INFO] : 📊 工单 1949317537682423809 关键词筛选结果: 可疑=False, 置信度=0.000
2025-12-12 10:50:00 [INFO] : ⏭️ 工单 1949317537682423809 未命中关键词阈值（置信度: 0.000），判定为低风险，不保存
2025-12-12 10:50:00 [INFO] : 🔍 开始分析工单 1949317431327457281 的对话
2025-12-12 10:50:00 [INFO] : 成功从数据库加载 1 个关键词配置分类
2025-12-12 10:50:00 [INFO] : 📊 工单 1949317431327457281 关键词筛选结果: 可疑=False, 置信度=0.000
2025-12-12 10:50:00 [INFO] : ⏭️ 工单 1949317431327457281 未命中关键词阈值（置信度: 0.000），判定为低风险，不保存
2025-12-12 10:50:00 [INFO] : 🔍 开始分析工单 1949317401627590657 的对话
2025-12-12 10:50:00 [INFO] : 成功从数据库加载 1 个关键词配置分类
2025-12-12 10:50:00 [INFO] : 📊 工单 1949317401627590657 关键词筛选结果: 可疑=False, 置信度=0.000
2025-12-12 10:50:00 [INFO] : ⏭️ 工单 1949317401627590657 未命中关键词阈值（置信度: 0.000），判定为低风险，不保存
2025-12-12 10:50:00 [INFO] : 🔍 开始分析工单 1949317245469458433 的对话
2025-12-12 10:50:00 [INFO] : 成功从数据库加载 1 个关键词配置分类
2025-12-12 10:50:00 [INFO] : 📊 工单 1949317245469458433 关键词筛选结果: 可疑=False, 置信度=0.000
2025-12-12 10:50:00 [INFO] : ⏭️ 工单 1949317245469458433 未命中关键词阈值（置信度: 0.000），判定为低风险，不保存
2025-12-12 10:50:00 [INFO] : 🔍 开始分析工单 1949317219087286273 的对话
2025-12-12 10:50:00 [INFO] : 成功从数据库加载 1 个关键词配置分类
2025-12-12 10:50:00 [INFO] : 📊 工单 1949317219087286273 关键词筛选结果: 可疑=False, 置信度=0.000
2025-12-12 10:50:00 [INFO] : ⏭️ 工单 1949317219087286273 未命中关键词阈值（置信度: 0.000），判定为低风险，不保存
2025-12-12 10:50:00 [INFO] : 🔍 开始分析工单 1949317187650977793 的对话
2025-12-12 10:50:00 [INFO] : 成功从数据库加载 1 个关键词配置分类
2025-12-12 10:50:00 [INFO] : 📊 工单 1949317187650977793 关键词筛选结果: 可疑=True, 置信度=0.300
2025-12-12 10:50:00 [INFO] : 🎯 工单 1949317187650977793 命中关键词类别: ['推卸责任']，置信度: 0.300
2025-12-12 10:50:00 [INFO] : 📊 工单 1949317187650977793 正则匹配结果: 收集到 2 条证据
2025-12-12 10:50:00 [INFO] : 工单 1949317187650977793 匹配分类: ['推卸责任'] -> category_keys: ['responsibility_evasion']
2025-12-12 10:50:00 [WARNING] : 目标分类 ['responsibility_evasion'] 中没有启用的分类
2025-12-12 10:50:00 [INFO] : 🔍 开始分析工单 1949317185591574529 的对话
2025-12-12 10:50:00 [INFO] : 成功从数据库加载 1 个关键词配置分类
2025-12-12 10:50:00 [INFO] : 📊 工单 1949317185591574529 关键词筛选结果: 可疑=False, 置信度=0.000
2025-12-12 10:50:00 [INFO] : ⏭️ 工单 1949317185591574529 未命中关键词阈值（置信度: 0.000），判定为低风险，不保存
2025-12-12 10:50:00 [INFO] : 🔍 开始分析工单 1949319080720728065 的对话
2025-12-12 10:50:00 [INFO] : 成功从数据库加载 1 个关键词配置分类
2025-12-12 10:50:00 [INFO] : 📊 工单 1949319080720728065 关键词筛选结果: 可疑=False, 置信度=0.000
2025-12-12 10:50:00 [INFO] : ⏭️ 工单 1949319080720728065 未命中关键词阈值（置信度: 0.000），判定为低风险，不保存
2025-12-12 10:50:00 [INFO] : 🔍 开始分析工单 1949316947254444033 的对话
2025-12-12 10:50:00 [INFO] : 成功从数据库加载 1 个关键词配置分类
2025-12-12 10:50:00 [INFO] : 📊 工单 1949316947254444033 关键词筛选结果: 可疑=False, 置信度=0.200
2025-12-12 10:50:00 [INFO] : ⏭️ 工单 1949316947254444033 未命中关键词阈值（置信度: 0.200），判定为低风险，不保存
2025-12-12 10:50:00 [INFO] : 🔍 开始分析工单 1949316941122371585 的对话
2025-12-12 10:50:00 [INFO] : 成功从数据库加载 1 个关键词配置分类
2025-12-12 10:50:00 [INFO] : 📊 工单 1949316941122371585 关键词筛选结果: 可疑=False, 置信度=0.000
2025-12-12 10:50:00 [INFO] : ⏭️ 工单 1949316941122371585 未命中关键词阈值（置信度: 0.000），判定为低风险，不保存
2025-12-12 10:50:00 [INFO] : 🔍 开始分析工单 1949316842006773761 的对话
2025-12-12 10:50:00 [INFO] : 成功从数据库加载 1 个关键词配置分类
2025-12-12 10:50:00 [INFO] : 📊 工单 1949316842006773761 关键词筛选结果: 可疑=False, 置信度=0.000
2025-12-12 10:50:00 [INFO] : ⏭️ 工单 1949316842006773761 未命中关键词阈值（置信度: 0.000），判定为低风险，不保存
2025-12-12 10:50:00 [INFO] : 🔍 开始分析工单 1949316755616694273 的对话
2025-12-12 10:50:00 [INFO] : 成功从数据库加载 1 个关键词配置分类
2025-12-12 10:50:00 [INFO] : 📊 工单 1949316755616694273 关键词筛选结果: 可疑=False, 置信度=0.000
2025-12-12 10:50:00 [INFO] : ⏭️ 工单 1949316755616694273 未命中关键词阈值（置信度: 0.000），判定为低风险，不保存
2025-12-12 10:50:00 [INFO] : 🔍 开始分析工单 1949316673567719425 的对话
2025-12-12 10:50:00 [INFO] : 成功从数据库加载 1 个关键词配置分类
2025-12-12 10:50:00 [INFO] : 📊 工单 1949316673567719425 关键词筛选结果: 可疑=False, 置信度=0.000
2025-12-12 10:50:00 [INFO] : ⏭️ 工单 1949316673567719425 未命中关键词阈值（置信度: 0.000），判定为低风险，不保存
2025-12-12 10:50:00 [INFO] : 🔍 开始分析工单 1949316548795564033 的对话
2025-12-12 10:50:00 [INFO] : 成功从数据库加载 1 个关键词配置分类
2025-12-12 10:50:00 [INFO] : 📊 工单 1949316548795564033 关键词筛选结果: 可疑=False, 置信度=0.000
2025-12-12 10:50:00 [INFO] : ⏭️ 工单 1949316548795564033 未命中关键词阈值（置信度: 0.000），判定为低风险，不保存
2025-12-12 10:50:00 [INFO] : 🔍 开始分析工单 1949316530760056833 的对话
2025-12-12 10:50:00 [INFO] : 成功从数据库加载 1 个关键词配置分类
2025-12-12 10:50:00 [INFO] : 📊 工单 1949316530760056833 关键词筛选结果: 可疑=False, 置信度=0.000
2025-12-12 10:50:00 [INFO] : ⏭️ 工单 1949316530760056833 未命中关键词阈值（置信度: 0.000），判定为低风险，不保存
2025-12-12 10:50:00 [INFO] : 🔍 开始分析工单 1949316517191483393 的对话
2025-12-12 10:50:00 [INFO] : 成功从数据库加载 1 个关键词配置分类
2025-12-12 10:50:00 [INFO] : 📊 工单 1949316517191483393 关键词筛选结果: 可疑=False, 置信度=0.000
2025-12-12 10:50:00 [INFO] : ⏭️ 工单 1949316517191483393 未命中关键词阈值（置信度: 0.000），判定为低风险，不保存
2025-12-12 10:50:00 [INFO] : 🔍 开始分析工单 1949316507863351297 的对话
2025-12-12 10:50:00 [INFO] : 成功从数据库加载 1 个关键词配置分类
2025-12-12 10:50:00 [INFO] : 📊 工单 1949316507863351297 关键词筛选结果: 可疑=False, 置信度=0.000
2025-12-12 10:50:00 [INFO] : ⏭️ 工单 1949316507863351297 未命中关键词阈值（置信度: 0.000），判定为低风险，不保存
2025-12-12 10:50:00 [INFO] : 🔍 开始分析工单 1949316437189328897 的对话
2025-12-12 10:50:00 [INFO] : 成功从数据库加载 1 个关键词配置分类
2025-12-12 10:50:00 [INFO] : 📊 工单 1949316437189328897 关键词筛选结果: 可疑=False, 置信度=0.000
2025-12-12 10:50:00 [INFO] : ⏭️ 工单 1949316437189328897 未命中关键词阈值（置信度: 0.000），判定为低风险，不保存
2025-12-12 10:50:00 [INFO] : 🔍 开始分析工单 1949316396861095937 的对话
2025-12-12 10:50:00 [INFO] : 成功从数据库加载 1 个关键词配置分类
2025-12-12 10:50:00 [INFO] : 📊 工单 1949316396861095937 关键词筛选结果: 可疑=False, 置信度=0.000
2025-12-12 10:50:00 [INFO] : ⏭️ 工单 1949316396861095937 未命中关键词阈值（置信度: 0.000），判定为低风险，不保存
2025-12-12 10:50:00 [INFO] : 🔍 开始分析工单 1949317828519657473 的对话
2025-12-12 10:50:00 [INFO] : 成功从数据库加载 1 个关键词配置分类
2025-12-12 10:50:00 [INFO] : 📊 工单 1949317828519657473 关键词筛选结果: 可疑=False, 置信度=0.000
2025-12-12 10:50:00 [INFO] : ⏭️ 工单 1949317828519657473 未命中关键词阈值（置信度: 0.000），判定为低风险，不保存
2025-12-12 10:50:00 [INFO] : 🔍 开始分析工单 1949319098680737793 的对话
2025-12-12 10:50:00 [INFO] : 成功从数据库加载 1 个关键词配置分类
2025-12-12 10:50:00 [INFO] : 📊 工单 1949319098680737793 关键词筛选结果: 可疑=False, 置信度=0.000
2025-12-12 10:50:00 [INFO] : ⏭️ 工单 1949319098680737793 未命中关键词阈值（置信度: 0.000），判定为低风险，不保存
2025-12-12 10:50:00 [INFO] : 🔍 开始分析工单 1949319027805388801 的对话
2025-12-12 10:50:00 [INFO] : 成功从数据库加载 1 个关键词配置分类
2025-12-12 10:50:00 [INFO] : 📊 工单 1949319027805388801 关键词筛选结果: 可疑=False, 置信度=0.200
2025-12-12 10:50:00 [INFO] : ⏭️ 工单 1949319027805388801 未命中关键词阈值（置信度: 0.200），判定为低风险，不保存
2025-12-12 10:50:00 [INFO] : 🔍 开始分析工单 1949318936021434369 的对话
2025-12-12 10:50:00 [INFO] : 成功从数据库加载 1 个关键词配置分类
2025-12-12 10:50:00 [INFO] : 📊 工单 1949318936021434369 关键词筛选结果: 可疑=False, 置信度=0.000
2025-12-12 10:50:00 [INFO] : ⏭️ 工单 1949318936021434369 未命中关键词阈值（置信度: 0.000），判定为低风险，不保存
2025-12-12 10:50:00 [INFO] : 🔍 开始分析工单 1949318885014503424 的对话
2025-12-12 10:50:00 [INFO] : 成功从数据库加载 1 个关键词配置分类
2025-12-12 10:50:00 [INFO] : 📊 工单 1949318885014503424 关键词筛选结果: 可疑=False, 置信度=0.000
2025-12-12 10:50:00 [INFO] : ⏭️ 工单 1949318885014503424 未命中关键词阈值（置信度: 0.000），判定为低风险，不保存
2025-12-12 10:50:00 [INFO] : 🔍 开始分析工单 1949318798095941633 的对话
2025-12-12 10:50:00 [INFO] : 成功从数据库加载 1 个关键词配置分类
2025-12-12 10:50:00 [INFO] : 📊 工单 1949318798095941633 关键词筛选结果: 可疑=False, 置信度=0.000
2025-12-12 10:50:00 [INFO] : ⏭️ 工单 1949318798095941633 未命中关键词阈值（置信度: 0.000），判定为低风险，不保存
2025-12-12 10:50:00 [INFO] : 🔍 开始分析工单 1949318740873052161 的对话
2025-12-12 10:50:00 [INFO] : 成功从数据库加载 1 个关键词配置分类
2025-12-12 10:50:00 [INFO] : 📊 工单 1949318740873052161 关键词筛选结果: 可疑=False, 置信度=0.000
2025-12-12 10:50:00 [INFO] : ⏭️ 工单 1949318740873052161 未命中关键词阈值（置信度: 0.000），判定为低风险，不保存
2025-12-12 10:50:00 [INFO] : 🔍 开始分析工单 1949318730047553537 的对话
2025-12-12 10:50:00 [INFO] : 成功从数据库加载 1 个关键词配置分类
2025-12-12 10:50:00 [INFO] : 📊 工单 1949318730047553537 关键词筛选结果: 可疑=False, 置信度=0.000
2025-12-12 10:50:00 [INFO] : ⏭️ 工单 1949318730047553537 未命中关键词阈值（置信度: 0.000），判定为低风险，不保存
2025-12-12 10:50:00 [INFO] : 🔍 开始分析工单 1949318647717560321 的对话
2025-12-12 10:50:00 [INFO] : 成功从数据库加载 1 个关键词配置分类
2025-12-12 10:50:00 [INFO] : 📊 工单 1949318647717560321 关键词筛选结果: 可疑=False, 置信度=0.000
2025-12-12 10:50:00 [INFO] : ⏭️ 工单 1949318647717560321 未命中关键词阈值（置信度: 0.000），判定为低风险，不保存
2025-12-12 10:50:00 [INFO] : 🔍 开始分析工单 1949318634383867905 的对话
2025-12-12 10:50:00 [INFO] : 成功从数据库加载 1 个关键词配置分类
2025-12-12 10:50:00 [INFO] : 📊 工单 1949318634383867905 关键词筛选结果: 可疑=False, 置信度=0.000
2025-12-12 10:50:00 [INFO] : ⏭️ 工单 1949318634383867905 未命中关键词阈值（置信度: 0.000），判定为低风险，不保存
2025-12-12 10:50:00 [INFO] : 🔍 开始分析工单 1949318411838291969 的对话
2025-12-12 10:50:00 [INFO] : 成功从数据库加载 1 个关键词配置分类
2025-12-12 10:50:00 [INFO] : 📊 工单 1949318411838291969 关键词筛选结果: 可疑=False, 置信度=0.200
2025-12-12 10:50:00 [INFO] : ⏭️ 工单 1949318411838291969 未命中关键词阈值（置信度: 0.200），判定为低风险，不保存
2025-12-12 10:50:00 [INFO] : 🔍 开始分析工单 1949318381744160769 的对话
2025-12-12 10:50:00 [INFO] : 成功从数据库加载 1 个关键词配置分类
2025-12-12 10:50:00 [INFO] : 📊 工单 1949318381744160769 关键词筛选结果: 可疑=False, 置信度=0.000
2025-12-12 10:50:00 [INFO] : ⏭️ 工单 1949318381744160769 未命中关键词阈值（置信度: 0.000），判定为低风险，不保存
2025-12-12 10:50:00 [INFO] : 🔍 开始分析工单 1949318324206698497 的对话
2025-12-12 10:50:00 [INFO] : 成功从数据库加载 1 个关键词配置分类
2025-12-12 10:50:00 [INFO] : 📊 工单 1949318324206698497 关键词筛选结果: 可疑=False, 置信度=0.000
2025-12-12 10:50:00 [INFO] : ⏭️ 工单 1949318324206698497 未命中关键词阈值（置信度: 0.000），判定为低风险，不保存
2025-12-12 10:50:00 [INFO] : 🔍 开始分析工单 1949318243810279425 的对话
2025-12-12 10:50:00 [INFO] : 成功从数据库加载 1 个关键词配置分类
2025-12-12 10:50:00 [INFO] : 📊 工单 1949318243810279425 关键词筛选结果: 可疑=False, 置信度=0.000
2025-12-12 10:50:00 [INFO] : ⏭️ 工单 1949318243810279425 未命中关键词阈值（置信度: 0.000），判定为低风险，不保存
2025-12-12 10:50:00 [INFO] : 🔍 开始分析工单 1949318237732732929 的对话
2025-12-12 10:50:00 [INFO] : 成功从数据库加载 1 个关键词配置分类
2025-12-12 10:50:00 [INFO] : 📊 工单 1949318237732732929 关键词筛选结果: 可疑=False, 置信度=0.000
2025-12-12 10:50:00 [INFO] : ⏭️ 工单 1949318237732732929 未命中关键词阈值（置信度: 0.000），判定为低风险，不保存
2025-12-12 10:50:00 [INFO] : 🔍 开始分析工单 1949318181533253633 的对话
2025-12-12 10:50:00 [INFO] : 成功从数据库加载 1 个关键词配置分类
2025-12-12 10:50:00 [INFO] : 📊 工单 1949318181533253633 关键词筛选结果: 可疑=False, 置信度=0.000
2025-12-12 10:50:00 [INFO] : ⏭️ 工单 1949318181533253633 未命中关键词阈值（置信度: 0.000），判定为低风险，不保存
2025-12-12 10:50:00 [INFO] : 🔍 开始分析工单 1949318135504961537 的对话
2025-12-12 10:50:00 [INFO] : 成功从数据库加载 1 个关键词配置分类
2025-12-12 10:50:00 [INFO] : 📊 工单 1949318135504961537 关键词筛选结果: 可疑=False, 置信度=0.000
2025-12-12 10:50:00 [INFO] : ⏭️ 工单 1949318135504961537 未命中关键词阈值（置信度: 0.000），判定为低风险，不保存
2025-12-12 10:50:00 [INFO] : 🔍 开始分析工单 1949318131759448065 的对话
2025-12-12 10:50:00 [INFO] : 成功从数据库加载 1 个关键词配置分类
2025-12-12 10:50:00 [INFO] : 📊 工单 1949318131759448065 关键词筛选结果: 可疑=False, 置信度=0.000
2025-12-12 10:50:00 [INFO] : ⏭️ 工单 1949318131759448065 未命中关键词阈值（置信度: 0.000），判定为低风险，不保存
2025-12-12 10:50:00 [INFO] : 🔍 开始分析工单 1949318041498025985 的对话
2025-12-12 10:50:00 [INFO] : 成功从数据库加载 1 个关键词配置分类
2025-12-12 10:50:00 [INFO] : 📊 工单 1949318041498025985 关键词筛选结果: 可疑=False, 置信度=0.000
2025-12-12 10:50:00 [INFO] : ⏭️ 工单 1949318041498025985 未命中关键词阈值（置信度: 0.000），判定为低风险，不保存
2025-12-12 10:50:00 [INFO] : 🔍 开始分析工单 1949318017611464705 的对话
2025-12-12 10:50:00 [INFO] : 成功从数据库加载 1 个关键词配置分类
2025-12-12 10:50:00 [INFO] : 📊 工单 1949318017611464705 关键词筛选结果: 可疑=False, 置信度=0.000
2025-12-12 10:50:00 [INFO] : ⏭️ 工单 1949318017611464705 未命中关键词阈值（置信度: 0.000），判定为低风险，不保存
2025-12-12 10:50:00 [INFO] : 🔍 开始分析工单 1949317988326834176 的对话
2025-12-12 10:50:00 [INFO] : 成功从数据库加载 1 个关键词配置分类
2025-12-12 10:50:00 [INFO] : 📊 工单 1949317988326834176 关键词筛选结果: 可疑=False, 置信度=0.000
2025-12-12 10:50:00 [INFO] : ⏭️ 工单 1949317988326834176 未命中关键词阈值（置信度: 0.000），判定为低风险，不保存
2025-12-12 10:50:00 [INFO] : 🔍 开始分析工单 1949317938217484289 的对话
2025-12-12 10:50:00 [INFO] : 成功从数据库加载 1 个关键词配置分类
2025-12-12 10:50:00 [INFO] : 📊 工单 1949317938217484289 关键词筛选结果: 可疑=False, 置信度=0.000
2025-12-12 10:50:00 [INFO] : ⏭️ 工单 1949317938217484289 未命中关键词阈值（置信度: 0.000），判定为低风险，不保存
2025-12-12 10:50:00 [INFO] : 🔍 开始分析工单 1949317935839313921 的对话
2025-12-12 10:50:00 [INFO] : 成功从数据库加载 1 个关键词配置分类
2025-12-12 10:50:00 [INFO] : 📊 工单 1949317935839313921 关键词筛选结果: 可疑=False, 置信度=0.000
2025-12-12 10:50:00 [INFO] : ⏭️ 工单 1949317935839313921 未命中关键词阈值（置信度: 0.000），判定为低风险，不保存
2025-12-12 10:50:00 [INFO] : 🔍 开始分析工单 1949317918340677633 的对话
2025-12-12 10:50:00 [INFO] : 成功从数据库加载 1 个关键词配置分类
2025-12-12 10:50:00 [INFO] : 📊 工单 1949317918340677633 关键词筛选结果: 可疑=False, 置信度=0.000
2025-12-12 10:50:00 [INFO] : ⏭️ 工单 1949317918340677633 未命中关键词阈值（置信度: 0.000），判定为低风险，不保存
2025-12-12 10:50:00 [INFO] : 🔍 开始分析工单 1949317723238432769 的对话
2025-12-12 10:50:00 [INFO] : 成功从数据库加载 1 个关键词配置分类
2025-12-12 10:50:00 [INFO] : 📊 工单 1949317723238432769 关键词筛选结果: 可疑=False, 置信度=0.000
2025-12-12 10:50:00 [INFO] : ⏭️ 工单 1949317723238432769 未命中关键词阈值（置信度: 0.000），判定为低风险，不保存
2025-12-12 10:50:00 [WARNING] : ⚠️ 工单 1949317187650977793 LLM分析失败: HTTP 404: {"error":{"code":"InvalidEndpointOrModel.NotFound","message":"The model or endpoint kimi-k2-250711 does not exist or you do not have access to it. Request id: 021765507800859f819a70ccfcb34f701bfee049253c600df4530","param":"","type":"Not Found"}}，降级到正则判定
2025-12-12 10:50:00 [INFO] : ⚡ 批量分析任务执行完成，开始处理和保存结果...
2025-12-12 10:50:00 [INFO] : 📊 开始处理 50 个分析结果...
2025-12-12 10:50:00 [INFO] : 工单 1949317156453744641 AI状态更新为: COMPLETED
2025-12-12 10:50:00 [INFO] : 工单 1949317718536617985 AI状态更新为: COMPLETED
2025-12-12 10:50:00 [INFO] : 工单 1949317706842898433 AI状态更新为: COMPLETED
2025-12-12 10:50:00 [INFO] : 工单 1949317677763788801 AI状态更新为: COMPLETED
2025-12-12 10:50:00 [INFO] : 工单 1949317646113570817 AI状态更新为: COMPLETED
2025-12-12 10:50:00 [INFO] : 工单 1949317559568302081 AI状态更新为: COMPLETED
2025-12-12 10:50:00 [INFO] : 工单 1949317537682423809 AI状态更新为: COMPLETED
2025-12-12 10:50:00 [INFO] : 工单 1949317431327457281 AI状态更新为: COMPLETED
2025-12-12 10:50:00 [INFO] : 工单 1949317401627590657 AI状态更新为: COMPLETED
2025-12-12 10:50:00 [INFO] : 工单 1949317245469458433 AI状态更新为: COMPLETED
2025-12-12 10:50:00 [INFO] : 工单 1949317219087286273 AI状态更新为: COMPLETED
2025-12-12 10:50:00 [INFO] : 💾 保存工单 1949317187650977793 分析结果: 风险级别=high, 规避责任=True
2025-12-12 10:50:00 [INFO] : === 开始发现工单分表 ===
2025-12-12 10:50:00 [INFO] : 执行SQL查询发现工单表，匹配模式: t_work_order_%
2025-12-12 10:50:00 [INFO] : ✓ 查询到 6 个候选工单表: ['t_work_order_problem', 't_work_order_2025', 't_work_order_2024', 't_work_order_2023', 't_work_order_2022', 't_work_order_2010']
2025-12-12 10:50:00 [WARNING] : ⚠️ 表 t_work_order_problem 格式不匹配年份模式，跳过
2025-12-12 10:50:00 [WARNING] : ⚠️ 表 t_work_order_2010 年份 2010 超出有效范围 (2020-2030)
2025-12-12 10:50:00 [INFO] : ✓ 发现 4 个有效工单表: ['t_work_order_2025', 't_work_order_2024', 't_work_order_2023', 't_work_order_2022']
2025-12-12 10:50:00 [INFO] : 📊 保存时统计工单 1949317187650977793: 总8条，客户4条，客服4条
2025-12-12 10:50:00 [ERROR] : ❌ SQL执行失败，工单 1949317187650977793，错误: (pymysql.err.OperationalError) (1054, "Unknown column 'work_create_time' in 'field list'")
[SQL: 
            INSERT INTO ai_work_comment_analysis_results (
                work_id, order_id, order_no, session_id, session_start_time, session_end_time,
                total_comments, customer_comments, service_comments,
                has_evasion, risk_level, confidence_score,
                evasion_types, evidence_sentences, improvement_suggestions,
                keyword_screening_score, matched_categories, matched_keywords, is_suspicious,
                sentiment, sentiment_intensity, conversation_text,
                work_create_time, first_service_reply_name,
                first_response_seconds, first_response_timeout, first_response_rule_seconds,
                first_customer_message_time, first_service_reply_time,
                llm_raw_response, analysis_details, analysis_note,
                llm_provider, llm_model, llm_tokens_used,
                analysis_time, created_at, updated_at
            ) VALUES (
                %(work_id)s, %(order_id)s, %(order_no)s, %(session_id)s, %(session_start_time)s, %(session_end_time)s,
                %(total_comments)s, %(customer_comments)s, %(service_comments)s,
                %(has_evasion)s, %(risk_level)s, %(confidence_score)s,
                %(evasion_types)s, %(evidence_sentences)s, %(improvement_suggestions)s,
                %(keyword_screening_score)s, %(matched_categories)s, %(matched_keywords)s, %(is_suspicious)s,
                %(sentiment)s, %(sentiment_intensity)s, %(conversation_text)s,
                %(work_create_time)s, %(first_service_reply_name)s,
                %(first_response_seconds)s, %(first_response_timeout)s, %(first_response_rule_seconds)s,
                %(first_customer_message_time)s, %(first_service_reply_time)s,
                %(llm_raw_response)s, %(analysis_details)s, %(analysis_note)s,
                %(llm_provider)s, %(llm_model)s, %(llm_tokens_used)s,
                %(analysis_time)s, %(created_at)s, %(updated_at)s
            ) ON DUPLICATE KEY UPDATE
                order_id = VALUES(order_id),
                order_no = VALUES(order_no),
                session_id = VALUES(session_id),
                session_start_time = VALUES(session_start_time),
                session_end_time = VALUES(session_end_time),
                total_comments = VALUES(total_comments),
                customer_comments = VALUES(customer_comments),
                service_comments = VALUES(service_comments),
                has_evasion = VALUES(has_evasion),
                risk_level = VALUES(risk_level),
                confidence_score = VALUES(confidence_score),
                evasion_types = VALUES(evasion_types),
                evidence_sentences = VALUES(evidence_sentences),
                improvement_suggestions = VALUES(improvement_suggestions),
                keyword_screening_score = VALUES(keyword_screening_score),
                matched_categories = VALUES(matched_categories),
                matched_keywords = VALUES(matched_keywords),
                is_suspicious = VALUES(is_suspicious),
                sentiment = VALUES(sentiment),
                sentiment_intensity = VALUES(sentiment_intensity),
                conversation_text = VALUES(conversation_text),
                work_create_time = VALUES(work_create_time),
                first_service_reply_name = VALUES(first_service_reply_name),
                first_response_seconds = VALUES(first_response_seconds),
                first_response_timeout = VALUES(first_response_timeout),
                first_response_rule_seconds = VALUES(first_response_rule_seconds),
                first_customer_message_time = VALUES(first_customer_message_time),
                first_service_reply_time = VALUES(first_service_reply_time),
                llm_raw_response = VALUES(llm_raw_response),
                analysis_details = VALUES(analysis_details),
                analysis_note = VALUES(analysis_note),
                llm_provider = VALUES(llm_provider),
                llm_model = VALUES(llm_model),
                llm_tokens_used = VALUES(llm_tokens_used),
                analysis_time = VALUES(analysis_time),
                updated_at = VALUES(updated_at)
            ]
[parameters: {'work_id': 1949317187650977793, 'order_id': 1948611696943693824, 'order_no': '18466806622', 'session_id': '1949317187650977793', 'session_start_time': datetime.datetime(2025, 7, 27, 11, 53, 28), 'session_end_time': datetime.datetime(2025, 7, 27, 12, 0, 3), 'total_comments': 8, 'customer_comments': 4, 'service_comments': 4, 'has_evasion': 1, 'risk_level': 'high', 'confidence_score': 0.30000000000000004, 'evasion_types': '"推卸责任"', 'evidence_sentences': '[{"rule_type": "keyword", "rule_name": "推卸责任", "category": "推卸责任", "matched_keyword": "找师傅", "matched_pattern": null, "matched_text": "找师傅", "message ... (1687 characters truncated) ... 模式 \'(找|联系|去问).*(师傅|厂家|供应商|4S店|原厂)\' 在类别 \'推卸责任\' 中匹配成功"}, "analysis_timestamp": "2025-12-12T10:50:00.554616", "evidence_status": "pattern_matched"}]', 'improvement_suggestions': '["检测到 推卸责任 相关行为，建议加强服务质量管控和人员培训"]', 'keyword_screening_score': 0.30000000000000004, 'matched_categories': '推卸责任', 'matched_keywords': '{"推卸责任": {"keywords": ["找师傅"], "patterns": ["(找|联系|去问).*(师傅|厂家|供应商|4S店|原厂)"], "score": 0.30000000000000004, "risk_level": "high", "excluded": false}}', 'is_suspicious': 1, 'sentiment': 'negative', 'sentiment_intensity': 0.7, 'conversation_text': '[2025-07-27 11:53:28] 客服(财务-周芷婼): 多打了一笔  找师傅要回来吧\n[2025-07-27 11:53:32] 客服(地址库大区经理 2 易菲菲): 已接单, 马上联系处理\n[2025-07-27 11:54:14] 客服(财务-周芷婼): 你一个单子发了两次   ... (20 characters truncated) ... 7-27 11:55:22] 客服(地址库大区经理 2 易菲菲): 我来问问师傅\n[2025-07-27 11:57:56] 客服(地址库大区经理 2 易菲菲): 转回来了，你看下\n[2025-07-27 12:00:03] 客服(地址库大区经理 2 易菲菲): 【完结】完结了哈没有问题在联系', 'work_create_time': None, 'first_service_reply_name': None, 'first_response_seconds': None, 'first_response_timeout': 0, 'first_response_rule_seconds': 120, 'first_customer_message_time': None, 'first_service_reply_time': None, 'llm_raw_response': None, 'analysis_details': '{"has_evasion": true, "risk_level": "high", "confidence_score": 0.30000000000000004, "evasion_types": "推卸责任", "evidence_sentences": [{"rule_type": "k ... (5153 characters truncated) ... irst_customer_message_time": null, "first_service_reply_time": null, "first_service_reply_name": null, "customer_messages": 4, "service_messages": 4}', 'analysis_note': '风险级别: high, 置信度: 0.300 | 问题类型: 推卸责任 | 证据条数: 2 | 主要证据: 1. [推卸责任-关键词] 找师傅 | 2. [推卸责任-正则] 找师傅 | 匹配关键词: 找师傅 | 对话统计: 总8条(客户0条,服务6条) | 基于关键词规则直接判定', 'llm_provider': 'volcengine', 'llm_model': 'kimi-k2-250711', 'llm_tokens_used': 0, 'analysis_time': datetime.datetime(2025, 12, 12, 10, 50, 0, 845109), 'created_at': datetime.datetime(2025, 12, 12, 10, 50, 0, 845110), 'updated_at': datetime.datetime(2025, 12, 12, 10, 50, 0, 845111)}]
(Background on this error at: https://sqlalche.me/e/20/e3q8)
2025-12-12 10:50:00 [ERROR] : 📊 参数类型统计: evidence_sentences=<class 'str'>, matched_keywords=<class 'str'>, analysis_details=<class 'str'>
2025-12-12 10:50:00 [ERROR] : 🔍 SQL语句片段: 
            INSERT INTO ai_work_comment_analysis_results (
                work_id, order_id, order_no, session_id, session_start_time, session_end_time,
                total_comments, customer_comm...
2025-12-12 10:50:00 [INFO] : 🔄 修复参数类型后重试保存工单 1949317187650977793
2025-12-12 10:50:00 [ERROR] : 保存工单 1949317187650977793 分析结果失败: (pymysql.err.OperationalError) (1054, "Unknown column 'work_create_time' in 'field list'")
[SQL: 
            INSERT INTO ai_work_comment_analysis_results (
                work_id, order_id, order_no, session_id, session_start_time, session_end_time,
                total_comments, customer_comments, service_comments,
                has_evasion, risk_level, confidence_score,
                evasion_types, evidence_sentences, improvement_suggestions,
                keyword_screening_score, matched_categories, matched_keywords, is_suspicious,
                sentiment, sentiment_intensity, conversation_text,
                work_create_time, first_service_reply_name,
                first_response_seconds, first_response_timeout, first_response_rule_seconds,
                first_customer_message_time, first_service_reply_time,
                llm_raw_response, analysis_details, analysis_note,
                llm_provider, llm_model, llm_tokens_used,
                analysis_time, created_at, updated_at
            ) VALUES (
                %(work_id)s, %(order_id)s, %(order_no)s, %(session_id)s, %(session_start_time)s, %(session_end_time)s,
                %(total_comments)s, %(customer_comments)s, %(service_comments)s,
                %(has_evasion)s, %(risk_level)s, %(confidence_score)s,
                %(evasion_types)s, %(evidence_sentences)s, %(improvement_suggestions)s,
                %(keyword_screening_score)s, %(matched_categories)s, %(matched_keywords)s, %(is_suspicious)s,
                %(sentiment)s, %(sentiment_intensity)s, %(conversation_text)s,
                %(work_create_time)s, %(first_service_reply_name)s,
                %(first_response_seconds)s, %(first_response_timeout)s, %(first_response_rule_seconds)s,
                %(first_customer_message_time)s, %(first_service_reply_time)s,
                %(llm_raw_response)s, %(analysis_details)s, %(analysis_note)s,
                %(llm_provider)s, %(llm_model)s, %(llm_tokens_used)s,
                %(analysis_time)s, %(created_at)s, %(updated_at)s
            ) ON DUPLICATE KEY UPDATE
                order_id = VALUES(order_id),
                order_no = VALUES(order_no),
                session_id = VALUES(session_id),
                session_start_time = VALUES(session_start_time),
                session_end_time = VALUES(session_end_time),
                total_comments = VALUES(total_comments),
                customer_comments = VALUES(customer_comments),
                service_comments = VALUES(service_comments),
                has_evasion = VALUES(has_evasion),
                risk_level = VALUES(risk_level),
                confidence_score = VALUES(confidence_score),
                evasion_types = VALUES(evasion_types),
                evidence_sentences = VALUES(evidence_sentences),
                improvement_suggestions = VALUES(improvement_suggestions),
                keyword_screening_score = VALUES(keyword_screening_score),
                matched_categories = VALUES(matched_categories),
                matched_keywords = VALUES(matched_keywords),
                is_suspicious = VALUES(is_suspicious),
                sentiment = VALUES(sentiment),
                sentiment_intensity = VALUES(sentiment_intensity),
                conversation_text = VALUES(conversation_text),
                work_create_time = VALUES(work_create_time),
                first_service_reply_name = VALUES(first_service_reply_name),
                first_response_seconds = VALUES(first_response_seconds),
                first_response_timeout = VALUES(first_response_timeout),
                first_response_rule_seconds = VALUES(first_response_rule_seconds),
                first_customer_message_time = VALUES(first_customer_message_time),
                first_service_reply_time = VALUES(first_service_reply_time),
                llm_raw_response = VALUES(llm_raw_response),
                analysis_details = VALUES(analysis_details),
                analysis_note = VALUES(analysis_note),
                llm_provider = VALUES(llm_provider),
                llm_model = VALUES(llm_model),
                llm_tokens_used = VALUES(llm_tokens_used),
                analysis_time = VALUES(analysis_time),
                updated_at = VALUES(updated_at)
            ]
[parameters: {'work_id': 1949317187650977793, 'order_id': 1948611696943693824, 'order_no': '18466806622', 'session_id': '1949317187650977793', 'session_start_time': datetime.datetime(2025, 7, 27, 11, 53, 28), 'session_end_time': datetime.datetime(2025, 7, 27, 12, 0, 3), 'total_comments': 8, 'customer_comments': 4, 'service_comments': 4, 'has_evasion': 1, 'risk_level': 'high', 'confidence_score': 0.30000000000000004, 'evasion_types': '"推卸责任"', 'evidence_sentences': '[{"rule_type": "keyword", "rule_name": "推卸责任", "category": "推卸责任", "matched_keyword": "找师傅", "matched_pattern": null, "matched_text": "找师傅", "message ... (1687 characters truncated) ... 模式 \'(找|联系|去问).*(师傅|厂家|供应商|4S店|原厂)\' 在类别 \'推卸责任\' 中匹配成功"}, "analysis_timestamp": "2025-12-12T10:50:00.554616", "evidence_status": "pattern_matched"}]', 'improvement_suggestions': '["检测到 推卸责任 相关行为，建议加强服务质量管控和人员培训"]', 'keyword_screening_score': 0.30000000000000004, 'matched_categories': '推卸责任', 'matched_keywords': '{"推卸责任": {"keywords": ["找师傅"], "patterns": ["(找|联系|去问).*(师傅|厂家|供应商|4S店|原厂)"], "score": 0.30000000000000004, "risk_level": "high", "excluded": false}}', 'is_suspicious': 1, 'sentiment': 'negative', 'sentiment_intensity': 0.7, 'conversation_text': '[2025-07-27 11:53:28] 客服(财务-周芷婼): 多打了一笔  找师傅要回来吧\n[2025-07-27 11:53:32] 客服(地址库大区经理 2 易菲菲): 已接单, 马上联系处理\n[2025-07-27 11:54:14] 客服(财务-周芷婼): 你一个单子发了两次   ... (20 characters truncated) ... 7-27 11:55:22] 客服(地址库大区经理 2 易菲菲): 我来问问师傅\n[2025-07-27 11:57:56] 客服(地址库大区经理 2 易菲菲): 转回来了，你看下\n[2025-07-27 12:00:03] 客服(地址库大区经理 2 易菲菲): 【完结】完结了哈没有问题在联系', 'work_create_time': None, 'first_service_reply_name': None, 'first_response_seconds': None, 'first_response_timeout': 0, 'first_response_rule_seconds': 120, 'first_customer_message_time': None, 'first_service_reply_time': None, 'llm_raw_response': None, 'analysis_details': '{"has_evasion": true, "risk_level": "high", "confidence_score": 0.30000000000000004, "evasion_types": "推卸责任", "evidence_sentences": [{"rule_type": "k ... (5153 characters truncated) ... irst_customer_message_time": null, "first_service_reply_time": null, "first_service_reply_name": null, "customer_messages": 4, "service_messages": 4}', 'analysis_note': '风险级别: high, 置信度: 0.300 | 问题类型: 推卸责任 | 证据条数: 2 | 主要证据: 1. [推卸责任-关键词] 找师傅 | 2. [推卸责任-正则] 找师傅 | 匹配关键词: 找师傅 | 对话统计: 总8条(客户0条,服务6条) | 基于关键词规则直接判定', 'llm_provider': 'volcengine', 'llm_model': 'kimi-k2-250711', 'llm_tokens_used': 0, 'analysis_time': datetime.datetime(2025, 12, 12, 10, 50, 0, 845109), 'created_at': datetime.datetime(2025, 12, 12, 10, 50, 0, 845110), 'updated_at': datetime.datetime(2025, 12, 12, 10, 50, 0, 845111)}]
(Background on this error at: https://sqlalche.me/e/20/e3q8)
2025-12-12 10:50:00 [INFO] : 工单 1949317187650977793 AI状态更新为: FAILED
2025-12-12 10:50:00 [INFO] : 工单 1949317187650977793 标记为处理失败: 保存分析结果失败
2025-12-12 10:50:00 [INFO] : 工单 1949317185591574529 AI状态更新为: COMPLETED
2025-12-12 10:50:00 [INFO] : 工单 1949319080720728065 AI状态更新为: COMPLETED
2025-12-12 10:50:00 [INFO] : 工单 1949316947254444033 AI状态更新为: COMPLETED
2025-12-12 10:50:00 [INFO] : 工单 1949316941122371585 AI状态更新为: COMPLETED
2025-12-12 10:50:00 [INFO] : 工单 1949316842006773761 AI状态更新为: COMPLETED
2025-12-12 10:50:00 [INFO] : 工单 1949316755616694273 AI状态更新为: COMPLETED
2025-12-12 10:50:00 [INFO] : 工单 1949316673567719425 AI状态更新为: COMPLETED
2025-12-12 10:50:00 [INFO] : 工单 1949316548795564033 AI状态更新为: COMPLETED
2025-12-12 10:50:00 [INFO] : 工单 1949316530760056833 AI状态更新为: COMPLETED
2025-12-12 10:50:00 [INFO] : 工单 1949316517191483393 AI状态更新为: COMPLETED
2025-12-12 10:50:00 [INFO] : 工单 1949316507863351297 AI状态更新为: COMPLETED
2025-12-12 10:50:00 [INFO] : 工单 1949316437189328897 AI状态更新为: COMPLETED
2025-12-12 10:50:00 [INFO] : 工单 1949316396861095937 AI状态更新为: COMPLETED
2025-12-12 10:50:00 [INFO] : 工单 1949317828519657473 AI状态更新为: COMPLETED
2025-12-12 10:50:00 [INFO] : 工单 1949319098680737793 AI状态更新为: COMPLETED
2025-12-12 10:50:00 [INFO] : 工单 1949319027805388801 AI状态更新为: COMPLETED
2025-12-12 10:50:00 [INFO] : 工单 1949318936021434369 AI状态更新为: COMPLETED
2025-12-12 10:50:00 [INFO] : 工单 1949318885014503424 AI状态更新为: COMPLETED
2025-12-12 10:50:00 [INFO] : 工单 1949318798095941633 AI状态更新为: COMPLETED
2025-12-12 10:50:00 [INFO] : 工单 1949318740873052161 AI状态更新为: COMPLETED
2025-12-12 10:50:00 [INFO] : 工单 1949318730047553537 AI状态更新为: COMPLETED
2025-12-12 10:50:00 [INFO] : 工单 1949318647717560321 AI状态更新为: COMPLETED
2025-12-12 10:50:00 [INFO] : 工单 1949318634383867905 AI状态更新为: COMPLETED
2025-12-12 10:50:00 [INFO] : 工单 1949318411838291969 AI状态更新为: COMPLETED
2025-12-12 10:50:00 [INFO] : 工单 1949318381744160769 AI状态更新为: COMPLETED
2025-12-12 10:50:00 [INFO] : 工单 1949318324206698497 AI状态更新为: COMPLETED
2025-12-12 10:50:00 [INFO] : 工单 1949318243810279425 AI状态更新为: COMPLETED
2025-12-12 10:50:00 [INFO] : 工单 1949318237732732929 AI状态更新为: COMPLETED
2025-12-12 10:50:00 [INFO] : 工单 1949318181533253633 AI状态更新为: COMPLETED
2025-12-12 10:50:00 [INFO] : 工单 1949318135504961537 AI状态更新为: COMPLETED
2025-12-12 10:50:00 [INFO] : 工单 1949318131759448065 AI状态更新为: COMPLETED
2025-12-12 10:50:00 [INFO] : 工单 1949318041498025985 AI状态更新为: COMPLETED
2025-12-12 10:50:00 [INFO] : 工单 1949318017611464705 AI状态更新为: COMPLETED
2025-12-12 10:50:00 [INFO] : 工单 1949317988326834176 AI状态更新为: COMPLETED
2025-12-12 10:50:00 [INFO] : 工单 1949317938217484289 AI状态更新为: COMPLETED
2025-12-12 10:50:00 [INFO] : 工单 1949317935839313921 AI状态更新为: COMPLETED
2025-12-12 10:50:00 [INFO] : 工单 1949317918340677633 AI状态更新为: COMPLETED
2025-12-12 10:50:00 [INFO] : 工单 1949317723238432769 AI状态更新为: COMPLETED
2025-12-12 10:50:00 [INFO] : ========================================
2025-12-12 10:50:00 [INFO] : 🎉 批量分析完成统计:
2025-12-12 10:50:00 [INFO] :   ✅ 成功: 49
2025-12-12 10:50:00 [INFO] :   ❌ 失败: 1
2025-12-12 10:50:00 [INFO] :   📊 成功率: 98.0%
2025-12-12 10:50:00 [INFO] : ========================================
2025-12-12 10:50:00 [INFO] : 📊 步骤2: 批量分析结果 - success: True, 成功: 49, 失败: 1
2025-12-12 10:50:00 [INFO] : ================================================================================
2025-12-12 10:50:00 [INFO] : 🎉 pending分析队列处理完成 - 最终统计:
2025-12-12 10:50:00 [INFO] :   📥 拉取pending工单总数: 50
2025-12-12 10:50:00 [INFO] :   💬 有评论需分析数量: 50
2025-12-12 10:50:00 [INFO] :   🔍 实际分析处理数量: 50
2025-12-12 10:50:00 [INFO] :   ✅ 成功分析完成数量: 49
2025-12-12 10:50:00 [INFO] :   ❌ 分析失败数量: 1
2025-12-12 10:50:00 [INFO] :   ⏭️ 跳过处理数量: 0
2025-12-12 10:50:00 [INFO] :   📊 分析成功率: 98.0%
2025-12-12 10:50:00 [INFO] : ================================================================================
2025-12-12 10:50:00 [INFO] : ✅ 任务完成: SCHED_BATCH_ANALYSIS_20251212_105000_faea2184, 状态: completed, 耗时: 0秒
2025-12-12 10:50:00 [INFO] : ✅ 批量分析工作流完成: task_id=SCHED_BATCH_ANALYSIS_20251212_105000_faea2184
2025-12-12 10:50:00 [INFO] : ✅ 任务完成: SCHED_BATCH_ANALYSIS_20251212_105000_faea2184, 状态: completed, 耗时: 0秒
2025-12-12 10:50:00 [INFO] : ✅ APScheduler任务完成: SCHED_BATCH_ANALYSIS_20251212_105000_faea2184
2025-12-12 10:50:00 [INFO] : Job "客服记录分析任务 (trigger: cron[month='*', day='*', day_of_week='*', hour='*', minute='*/5'], next run at: 2025-12-12 10:55:00 CST)" executed successfully
2025-12-12 10:50:00 [INFO] : ✅ 任务执行完成: customer_service_analysis
2025-12-12 10:55:00 [INFO] : Running job "客服记录分析任务 (trigger: cron[month='*', day='*', day_of_week='*', hour='*', minute='*/5'], next run at: 2025-12-12 11:00:00 CST)" (scheduled at 2025-12-12 10:55:00+08:00)
2025-12-12 10:55:00 [INFO] : 🎯 APScheduler调用任务执行: customer_service_analysis
2025-12-12 10:55:00 [INFO] : ✅ 创建任务记录成功: SCHED_BATCH_ANALYSIS_20251212_105500_b05bd21e (客服记录分析任务)
2025-12-12 10:55:00 [INFO] : 🚀 APScheduler任务开始: SCHED_BATCH_ANALYSIS_20251212_105500_b05bd21e
2025-12-12 10:55:00 [INFO] : 🚀 开始执行批量分析工作流: task_id=SCHED_BATCH_ANALYSIS_20251212_105500_b05bd21e
2025-12-12 10:55:00 [INFO] : ================================================================================
2025-12-12 10:55:00 [INFO] : 🚀 开始处理pending分析队列
2025-12-12 10:55:00 [INFO] : ⚙️ 配置参数: batch_size=50, max_concurrent=5
2025-12-12 10:55:00 [INFO] : 🔄 步骤1: 拉取pending工单数据开始...
2025-12-12 10:55:00 [INFO] : 📋 开始拉取pending工单数据，限制 50 条
2025-12-12 10:55:00 [INFO] : 📥 正在查询数据库中的PENDING状态工单...
2025-12-12 10:55:00 [INFO] : 获取到 50 个状态为 PENDING 的工单
2025-12-12 10:55:00 [INFO] : 📊 从数据库查询到 50 个PENDING工单
2025-12-12 10:55:00 [INFO] : 💬 开始处理 50 个工单的评论数据...
2025-12-12 10:55:00 [INFO] : 📋 处理工单 1949314837473394689 (1/50) - 评论表: t_work_comment_2025
2025-12-12 10:55:00 [INFO] : 从表 t_work_comment_2025 获取工单 1949314837473394689 的 10 条完整对话记录（包含客户和客服）
2025-12-12 10:55:00 [INFO] : 💭 工单 1949314837473394689 获取到 10 条原始评论
2025-12-12 10:55:00 [INFO] : 🔍 工单 1949314837473394689 开始去噪处理 8 条有效评论...
2025-12-12 10:55:00 [INFO] : 🔍 开始过滤评论，原始数量: 8
2025-12-12 10:55:00 [INFO] : ✅ 评论过滤完成:
2025-12-12 10:55:00 [INFO] :   📥 原始数量: 8
2025-12-12 10:55:00 [INFO] :   📤 过滤后数量: 8
2025-12-12 10:55:00 [INFO] :   🗑️ 移除数量: 0
2025-12-12 10:55:00 [INFO] :   📊 过滤率: 0.0%
2025-12-12 10:55:00 [INFO] : ✅ 创建批次记录: batch_20251212_105500_25e0a519, 工单数: 1
2025-12-12 10:55:00 [INFO] : ✅ 更新批次统计: batch_20251212_105500_25e0a519, 状态: COMPLETED
2025-12-12 10:55:00 [INFO] : ✅ 保存工单 1949314837473394689 去噪记录成功，批次: batch_20251212_105500_25e0a519
2025-12-12 10:55:00 [INFO] : ✅ 工单 1949314837473394689 去噪完成: 8 -> 8 条评论
2025-12-12 10:55:00 [INFO] : 🧾 工单 1949314837473394689 首响开关: work_type=URGE_PAYMENT, work_table_name=t_work_2025, is_after_sale=False, raw_comments=10, valid_comments=8
2025-12-12 10:55:00 [INFO] : ✅ 工单 1949314837473394689 有 8 条有效评论，构建完成对话数据
2025-12-12 10:55:00 [INFO] : 工单 1949314837473394689 AI状态更新为: PENDING
2025-12-12 10:55:00 [INFO] : 📋 处理工单 1949315483647868929 (2/50) - 评论表: t_work_comment_2025
2025-12-12 10:55:00 [INFO] : 从表 t_work_comment_2025 获取工单 1949315483647868929 的 4 条完整对话记录（包含客户和客服）
2025-12-12 10:55:00 [INFO] : 💭 工单 1949315483647868929 获取到 4 条原始评论
2025-12-12 10:55:00 [INFO] : 🔍 工单 1949315483647868929 开始去噪处理 4 条有效评论...
2025-12-12 10:55:00 [INFO] : 🔍 开始过滤评论，原始数量: 4
2025-12-12 10:55:00 [INFO] : ✅ 评论过滤完成:
2025-12-12 10:55:00 [INFO] :   📥 原始数量: 4
2025-12-12 10:55:00 [INFO] :   📤 过滤后数量: 4
2025-12-12 10:55:00 [INFO] :   🗑️ 移除数量: 0
2025-12-12 10:55:00 [INFO] :   📊 过滤率: 0.0%
2025-12-12 10:55:00 [INFO] : ✅ 创建批次记录: batch_20251212_105500_02562686, 工单数: 1
2025-12-12 10:55:00 [INFO] : ✅ 更新批次统计: batch_20251212_105500_02562686, 状态: COMPLETED
2025-12-12 10:55:00 [INFO] : ✅ 保存工单 1949315483647868929 去噪记录成功，批次: batch_20251212_105500_02562686
2025-12-12 10:55:00 [INFO] : ✅ 工单 1949315483647868929 去噪完成: 4 -> 4 条评论
2025-12-12 10:55:00 [INFO] : 🧾 工单 1949315483647868929 首响开关: work_type=SETTLEMENT_OF_VERIFY, work_table_name=t_work_2025, is_after_sale=False, raw_comments=4, valid_comments=4
2025-12-12 10:55:00 [INFO] : ✅ 工单 1949315483647868929 有 4 条有效评论，构建完成对话数据
2025-12-12 10:55:00 [INFO] : 工单 1949315483647868929 AI状态更新为: PENDING
2025-12-12 10:55:00 [INFO] : 📋 处理工单 1949315368258371585 (3/50) - 评论表: t_work_comment_2025
2025-12-12 10:55:00 [INFO] : 从表 t_work_comment_2025 获取工单 1949315368258371585 的 4 条完整对话记录（包含客户和客服）
2025-12-12 10:55:00 [INFO] : 💭 工单 1949315368258371585 获取到 4 条原始评论
2025-12-12 10:55:00 [INFO] : 🔍 工单 1949315368258371585 开始去噪处理 3 条有效评论...
2025-12-12 10:55:00 [INFO] : 🔍 开始过滤评论，原始数量: 3
2025-12-12 10:55:00 [INFO] : ✅ 评论过滤完成:
2025-12-12 10:55:00 [INFO] :   📥 原始数量: 3
2025-12-12 10:55:00 [INFO] :   📤 过滤后数量: 3
2025-12-12 10:55:00 [INFO] :   🗑️ 移除数量: 0
2025-12-12 10:55:00 [INFO] :   📊 过滤率: 0.0%
2025-12-12 10:55:00 [INFO] : ✅ 创建批次记录: batch_20251212_105500_5da39139, 工单数: 1
2025-12-12 10:55:00 [INFO] : ✅ 更新批次统计: batch_20251212_105500_5da39139, 状态: COMPLETED
2025-12-12 10:55:00 [INFO] : ✅ 保存工单 1949315368258371585 去噪记录成功，批次: batch_20251212_105500_5da39139
2025-12-12 10:55:00 [INFO] : ✅ 工单 1949315368258371585 去噪完成: 3 -> 3 条评论
2025-12-12 10:55:00 [INFO] : 🧾 工单 1949315368258371585 首响开关: work_type=URGE_INSTALL, work_table_name=t_work_2025, is_after_sale=False, raw_comments=4, valid_comments=3
2025-12-12 10:55:00 [INFO] : ✅ 工单 1949315368258371585 有 3 条有效评论，构建完成对话数据
2025-12-12 10:55:00 [INFO] : 工单 1949315368258371585 AI状态更新为: PENDING
2025-12-12 10:55:00 [INFO] : 📋 处理工单 1949315256979292161 (4/50) - 评论表: t_work_comment_2025
2025-12-12 10:55:00 [INFO] : 从表 t_work_comment_2025 获取工单 1949315256979292161 的 6 条完整对话记录（包含客户和客服）
2025-12-12 10:55:00 [INFO] : 💭 工单 1949315256979292161 获取到 6 条原始评论
2025-12-12 10:55:00 [INFO] : 🔍 工单 1949315256979292161 开始去噪处理 5 条有效评论...
2025-12-12 10:55:00 [INFO] : 🔍 开始过滤评论，原始数量: 5
2025-12-12 10:55:00 [INFO] : ✅ 评论过滤完成:
2025-12-12 10:55:00 [INFO] :   📥 原始数量: 5
2025-12-12 10:55:00 [INFO] :   📤 过滤后数量: 5
2025-12-12 10:55:00 [INFO] :   🗑️ 移除数量: 0
2025-12-12 10:55:00 [INFO] :   📊 过滤率: 0.0%
2025-12-12 10:55:00 [INFO] : ✅ 创建批次记录: batch_20251212_105500_35503eb5, 工单数: 1
2025-12-12 10:55:00 [INFO] : ✅ 更新批次统计: batch_20251212_105500_35503eb5, 状态: COMPLETED
2025-12-12 10:55:00 [INFO] : ✅ 保存工单 1949315256979292161 去噪记录成功，批次: batch_20251212_105500_35503eb5
2025-12-12 10:55:00 [INFO] : ✅ 工单 1949315256979292161 去噪完成: 5 -> 5 条评论
2025-12-12 10:55:00 [INFO] : ⏳ 工单 1949315256979292161 首响计算开始，评论总数=6
2025-12-12 10:55:00 [INFO] : 👀 工单 1949315256979292161 评论巡检: id=1949315257197395968, user_type=EMPLOYEE, oper_raw=True, is_service=True, is_customer=False, create_time=2025-07-27 11:45:48
2025-12-12 10:55:00 [INFO] : 👀 工单 1949315256979292161 评论巡检: id=1949315358733107200, user_type=EMPLOYEE, oper_raw=True, is_service=True, is_customer=False, create_time=2025-07-27 11:46:12
2025-12-12 10:55:00 [INFO] : 👀 工单 1949315256979292161 评论巡检: id=1949317844894220288, user_type=EMPLOYEE, oper_raw=True, is_service=True, is_customer=False, create_time=2025-07-27 11:56:05
2025-12-12 10:55:00 [INFO] : 👀 工单 1949315256979292161 评论巡检: id=1951129819840249856, user_type=EMPLOYEE, oper_raw=True, is_service=True, is_customer=False, create_time=2025-08-01 11:56:13
2025-12-12 10:55:00 [INFO] : 👀 工单 1949315256979292161 评论巡检: id=1951129973385330688, user_type=EMPLOYEE, oper_raw=True, is_service=True, is_customer=False, create_time=2025-08-01 11:56:50
2025-12-12 10:55:00 [INFO] : 👀 工单 1949315256979292161 评论巡检: id=1951130175940853760, user_type=EMPLOYEE, oper_raw=True, is_service=True, is_customer=False, create_time=2025-08-01 11:57:38
2025-12-12 10:55:00 [INFO] : ⏱️ 工单 1949315256979292161 首响计算: first_customer_message_time=None, first_service_reply_time=None, response_seconds=None, threshold_seconds=120, is_timeout=False
2025-12-12 10:55:00 [INFO] : 🧾 工单 1949315256979292161 首响开关: work_type=AFTER_SALE, work_table_name=t_work_2025, is_after_sale=True, raw_comments=6, valid_comments=5
2025-12-12 10:55:00 [INFO] : ✅ 工单 1949315256979292161 有 5 条有效评论，构建完成对话数据
2025-12-12 10:55:00 [INFO] : 工单 1949315256979292161 AI状态更新为: PENDING
2025-12-12 10:55:00 [INFO] : 📋 处理工单 1949315189383888896 (5/50) - 评论表: t_work_comment_2025
2025-12-12 10:55:00 [INFO] : 从表 t_work_comment_2025 获取工单 1949315189383888896 的 3 条完整对话记录（包含客户和客服）
2025-12-12 10:55:00 [INFO] : 💭 工单 1949315189383888896 获取到 3 条原始评论
2025-12-12 10:55:00 [INFO] : 🔍 工单 1949315189383888896 开始去噪处理 3 条有效评论...
2025-12-12 10:55:00 [INFO] : 🔍 开始过滤评论，原始数量: 3
2025-12-12 10:55:00 [INFO] : ✅ 评论过滤完成:
2025-12-12 10:55:00 [INFO] :   📥 原始数量: 3
2025-12-12 10:55:00 [INFO] :   📤 过滤后数量: 3
2025-12-12 10:55:00 [INFO] :   🗑️ 移除数量: 0
2025-12-12 10:55:00 [INFO] :   📊 过滤率: 0.0%
2025-12-12 10:55:00 [INFO] : ✅ 创建批次记录: batch_20251212_105500_7324dbfb, 工单数: 1
2025-12-12 10:55:00 [INFO] : ✅ 更新批次统计: batch_20251212_105500_7324dbfb, 状态: COMPLETED
2025-12-12 10:55:00 [INFO] : ✅ 保存工单 1949315189383888896 去噪记录成功，批次: batch_20251212_105500_7324dbfb
2025-12-12 10:55:00 [INFO] : ✅ 工单 1949315189383888896 去噪完成: 3 -> 3 条评论
2025-12-12 10:55:00 [INFO] : 🧾 工单 1949315189383888896 首响开关: work_type=URGE_INSTALL, work_table_name=t_work_2025, is_after_sale=False, raw_comments=3, valid_comments=3
2025-12-12 10:55:00 [INFO] : ✅ 工单 1949315189383888896 有 3 条有效评论，构建完成对话数据
2025-12-12 10:55:00 [INFO] : 工单 1949315189383888896 AI状态更新为: PENDING
2025-12-12 10:55:00 [INFO] : 📋 处理工单 1949315179728601089 (6/50) - 评论表: t_work_comment_2025
2025-12-12 10:55:00 [INFO] : 从表 t_work_comment_2025 获取工单 1949315179728601089 的 3 条完整对话记录（包含客户和客服）
2025-12-12 10:55:00 [INFO] : 💭 工单 1949315179728601089 获取到 3 条原始评论
2025-12-12 10:55:00 [INFO] : 🔍 工单 1949315179728601089 开始去噪处理 3 条有效评论...
2025-12-12 10:55:00 [INFO] : 🔍 开始过滤评论，原始数量: 3
2025-12-12 10:55:00 [INFO] : ✅ 评论过滤完成:
2025-12-12 10:55:00 [INFO] :   📥 原始数量: 3
2025-12-12 10:55:00 [INFO] :   📤 过滤后数量: 3
2025-12-12 10:55:00 [INFO] :   🗑️ 移除数量: 0
2025-12-12 10:55:00 [INFO] :   📊 过滤率: 0.0%
2025-12-12 10:55:00 [INFO] : ✅ 创建批次记录: batch_20251212_105500_1ab83a8e, 工单数: 1
2025-12-12 10:55:00 [INFO] : ✅ 更新批次统计: batch_20251212_105500_1ab83a8e, 状态: COMPLETED
2025-12-12 10:55:00 [INFO] : ✅ 保存工单 1949315179728601089 去噪记录成功，批次: batch_20251212_105500_1ab83a8e
2025-12-12 10:55:00 [INFO] : ✅ 工单 1949315179728601089 去噪完成: 3 -> 3 条评论
2025-12-12 10:55:00 [INFO] : 🧾 工单 1949315179728601089 首响开关: work_type=URGE_INSTALL, work_table_name=t_work_2025, is_after_sale=False, raw_comments=3, valid_comments=3
2025-12-12 10:55:00 [INFO] : ✅ 工单 1949315179728601089 有 3 条有效评论，构建完成对话数据
2025-12-12 10:55:00 [INFO] : 工单 1949315179728601089 AI状态更新为: PENDING
2025-12-12 10:55:00 [INFO] : 📋 处理工单 1949315146849452033 (7/50) - 评论表: t_work_comment_2025
2025-12-12 10:55:00 [INFO] : 从表 t_work_comment_2025 获取工单 1949315146849452033 的 5 条完整对话记录（包含客户和客服）
2025-12-12 10:55:00 [INFO] : 💭 工单 1949315146849452033 获取到 5 条原始评论
2025-12-12 10:55:00 [INFO] : 🔍 工单 1949315146849452033 开始去噪处理 5 条有效评论...
2025-12-12 10:55:00 [INFO] : 🔍 开始过滤评论，原始数量: 5
2025-12-12 10:55:00 [INFO] : ✅ 评论过滤完成:
2025-12-12 10:55:00 [INFO] :   📥 原始数量: 5
2025-12-12 10:55:00 [INFO] :   📤 过滤后数量: 5
2025-12-12 10:55:00 [INFO] :   🗑️ 移除数量: 0
2025-12-12 10:55:00 [INFO] :   📊 过滤率: 0.0%
2025-12-12 10:55:00 [INFO] : ✅ 创建批次记录: batch_20251212_105500_6f29c543, 工单数: 1
2025-12-12 10:55:00 [INFO] : ✅ 更新批次统计: batch_20251212_105500_6f29c543, 状态: COMPLETED
2025-12-12 10:55:00 [INFO] : ✅ 保存工单 1949315146849452033 去噪记录成功，批次: batch_20251212_105500_6f29c543
2025-12-12 10:55:00 [INFO] : ✅ 工单 1949315146849452033 去噪完成: 5 -> 5 条评论
2025-12-12 10:55:00 [INFO] : 🧾 工单 1949315146849452033 首响开关: work_type=EXCHANGE, work_table_name=t_work_2025, is_after_sale=False, raw_comments=5, valid_comments=5
2025-12-12 10:55:00 [INFO] : ✅ 工单 1949315146849452033 有 5 条有效评论，构建完成对话数据
2025-12-12 10:55:00 [INFO] : 工单 1949315146849452033 AI状态更新为: PENDING
2025-12-12 10:55:00 [INFO] : 📋 处理工单 1949315031103438849 (8/50) - 评论表: t_work_comment_2025
2025-12-12 10:55:00 [INFO] : 从表 t_work_comment_2025 获取工单 1949315031103438849 的 4 条完整对话记录（包含客户和客服）
2025-12-12 10:55:00 [INFO] : 💭 工单 1949315031103438849 获取到 4 条原始评论
2025-12-12 10:55:00 [INFO] : 🔍 工单 1949315031103438849 开始去噪处理 3 条有效评论...
2025-12-12 10:55:00 [INFO] : 🔍 开始过滤评论，原始数量: 3
2025-12-12 10:55:00 [INFO] : ✅ 评论过滤完成:
2025-12-12 10:55:00 [INFO] :   📥 原始数量: 3
2025-12-12 10:55:00 [INFO] :   📤 过滤后数量: 3
2025-12-12 10:55:00 [INFO] :   🗑️ 移除数量: 0
2025-12-12 10:55:00 [INFO] :   📊 过滤率: 0.0%
2025-12-12 10:55:00 [INFO] : ✅ 创建批次记录: batch_20251212_105500_2524a686, 工单数: 1
2025-12-12 10:55:00 [INFO] : ✅ 更新批次统计: batch_20251212_105500_2524a686, 状态: COMPLETED
2025-12-12 10:55:00 [INFO] : ✅ 保存工单 1949315031103438849 去噪记录成功，批次: batch_20251212_105500_2524a686
2025-12-12 10:55:00 [INFO] : ✅ 工单 1949315031103438849 去噪完成: 3 -> 3 条评论
2025-12-12 10:55:00 [INFO] : ⏳ 工单 1949315031103438849 首响计算开始，评论总数=4
2025-12-12 10:55:00 [INFO] : 👀 工单 1949315031103438849 评论巡检: id=1949315031334125568, user_type=SELLER, oper_raw=True, is_service=False, is_customer=True, create_time=2025-07-27 11:44:54
2025-12-12 10:55:00 [INFO] : 🎯 工单 1949315031103438849 首条客户消息锁定: 2025-07-27 11:44:54
2025-12-12 10:55:00 [INFO] : 👀 工单 1949315031103438849 评论巡检: id=1949315119754248192, user_type=EMPLOYEE, oper_raw=True, is_service=True, is_customer=False, create_time=2025-07-27 11:45:15
2025-12-12 10:55:00 [INFO] : 🎯 工单 1949315031103438849 首条客服回复锁定: 2025-07-27 11:45:15
2025-12-12 10:55:00 [INFO] : ⏱️ 工单 1949315031103438849 首响计算: first_customer_message_time=2025-07-27 11:44:54, first_service_reply_time=2025-07-27 11:45:15, response_seconds=21, threshold_seconds=120, is_timeout=False
2025-12-12 10:55:00 [INFO] : 🧾 工单 1949315031103438849 首响开关: work_type=AFTER_SALE, work_table_name=t_work_2025, is_after_sale=True, raw_comments=4, valid_comments=3
2025-12-12 10:55:00 [INFO] : ✅ 工单 1949315031103438849 有 3 条有效评论，构建完成对话数据
2025-12-12 10:55:00 [INFO] : 工单 1949315031103438849 AI状态更新为: PENDING
2025-12-12 10:55:00 [INFO] : 📋 处理工单 1949315016473706497 (9/50) - 评论表: t_work_comment_2025
2025-12-12 10:55:00 [INFO] : 从表 t_work_comment_2025 获取工单 1949315016473706497 的 4 条完整对话记录（包含客户和客服）
2025-12-12 10:55:00 [INFO] : 💭 工单 1949315016473706497 获取到 4 条原始评论
2025-12-12 10:55:00 [INFO] : 🔍 工单 1949315016473706497 开始去噪处理 4 条有效评论...
2025-12-12 10:55:00 [INFO] : 🔍 开始过滤评论，原始数量: 4
2025-12-12 10:55:00 [INFO] : ✅ 评论过滤完成:
2025-12-12 10:55:00 [INFO] :   📥 原始数量: 4
2025-12-12 10:55:00 [INFO] :   📤 过滤后数量: 4
2025-12-12 10:55:00 [INFO] :   🗑️ 移除数量: 0
2025-12-12 10:55:00 [INFO] :   📊 过滤率: 0.0%
2025-12-12 10:55:00 [INFO] : ✅ 创建批次记录: batch_20251212_105500_775dd7c9, 工单数: 1
2025-12-12 10:55:00 [INFO] : ✅ 更新批次统计: batch_20251212_105500_775dd7c9, 状态: COMPLETED
2025-12-12 10:55:00 [INFO] : ✅ 保存工单 1949315016473706497 去噪记录成功，批次: batch_20251212_105500_775dd7c9
2025-12-12 10:55:00 [INFO] : ✅ 工单 1949315016473706497 去噪完成: 4 -> 4 条评论
2025-12-12 10:55:00 [INFO] : 🧾 工单 1949315016473706497 首响开关: work_type=EXCHANGE, work_table_name=t_work_2025, is_after_sale=False, raw_comments=4, valid_comments=4
2025-12-12 10:55:00 [INFO] : ✅ 工单 1949315016473706497 有 4 条有效评论，构建完成对话数据
2025-12-12 10:55:00 [INFO] : 工单 1949315016473706497 AI状态更新为: PENDING
2025-12-12 10:55:00 [INFO] : 📋 处理工单 1949315009532133377 (10/50) - 评论表: t_work_comment_2025
2025-12-12 10:55:00 [INFO] : 从表 t_work_comment_2025 获取工单 1949315009532133377 的 4 条完整对话记录（包含客户和客服）
2025-12-12 10:55:00 [INFO] : 💭 工单 1949315009532133377 获取到 4 条原始评论
2025-12-12 10:55:00 [INFO] : 🔍 工单 1949315009532133377 开始去噪处理 4 条有效评论...
2025-12-12 10:55:00 [INFO] : 🔍 开始过滤评论，原始数量: 4
2025-12-12 10:55:00 [INFO] : ✅ 评论过滤完成:
2025-12-12 10:55:00 [INFO] :   📥 原始数量: 4
2025-12-12 10:55:00 [INFO] :   📤 过滤后数量: 4
2025-12-12 10:55:00 [INFO] :   🗑️ 移除数量: 0
2025-12-12 10:55:00 [INFO] :   📊 过滤率: 0.0%
2025-12-12 10:55:00 [INFO] : ✅ 创建批次记录: batch_20251212_105500_1de179d6, 工单数: 1
2025-12-12 10:55:00 [INFO] : ✅ 更新批次统计: batch_20251212_105500_1de179d6, 状态: COMPLETED
2025-12-12 10:55:00 [INFO] : ✅ 保存工单 1949315009532133377 去噪记录成功，批次: batch_20251212_105500_1de179d6
2025-12-12 10:55:00 [INFO] : ✅ 工单 1949315009532133377 去噪完成: 4 -> 4 条评论
2025-12-12 10:55:00 [INFO] : 🧾 工单 1949315009532133377 首响开关: work_type=URGE_INSTALL, work_table_name=t_work_2025, is_after_sale=False, raw_comments=4, valid_comments=4
2025-12-12 10:55:00 [INFO] : ✅ 工单 1949315009532133377 有 4 条有效评论，构建完成对话数据
2025-12-12 10:55:00 [INFO] : 工单 1949315009532133377 AI状态更新为: PENDING
2025-12-12 10:55:00 [INFO] : 📋 处理工单 1949314963914883073 (11/50) - 评论表: t_work_comment_2025
2025-12-12 10:55:00 [INFO] : 从表 t_work_comment_2025 获取工单 1949314963914883073 的 4 条完整对话记录（包含客户和客服）
2025-12-12 10:55:00 [INFO] : 💭 工单 1949314963914883073 获取到 4 条原始评论
2025-12-12 10:55:00 [INFO] : 🔍 工单 1949314963914883073 开始去噪处理 4 条有效评论...
2025-12-12 10:55:00 [INFO] : 🔍 开始过滤评论，原始数量: 4
2025-12-12 10:55:00 [INFO] : ✅ 评论过滤完成:
2025-12-12 10:55:00 [INFO] :   📥 原始数量: 4
2025-12-12 10:55:00 [INFO] :   📤 过滤后数量: 4
2025-12-12 10:55:00 [INFO] :   🗑️ 移除数量: 0
2025-12-12 10:55:00 [INFO] :   📊 过滤率: 0.0%
2025-12-12 10:55:00 [INFO] : ✅ 创建批次记录: batch_20251212_105500_3617a2ca, 工单数: 1
2025-12-12 10:55:00 [INFO] : ✅ 更新批次统计: batch_20251212_105500_3617a2ca, 状态: COMPLETED
2025-12-12 10:55:00 [INFO] : ✅ 保存工单 1949314963914883073 去噪记录成功，批次: batch_20251212_105500_3617a2ca
2025-12-12 10:55:00 [INFO] : ✅ 工单 1949314963914883073 去噪完成: 4 -> 4 条评论
2025-12-12 10:55:00 [INFO] : 🧾 工单 1949314963914883073 首响开关: work_type=ADD_WECHAT, work_table_name=t_work_2025, is_after_sale=False, raw_comments=4, valid_comments=4
2025-12-12 10:55:00 [INFO] : ✅ 工单 1949314963914883073 有 4 条有效评论，构建完成对话数据
2025-12-12 10:55:00 [INFO] : 工单 1949314963914883073 AI状态更新为: PENDING
2025-12-12 10:55:00 [INFO] : 📋 处理工单 1949314957984137217 (12/50) - 评论表: t_work_comment_2025
2025-12-12 10:55:00 [INFO] : 从表 t_work_comment_2025 获取工单 1949314957984137217 的 4 条完整对话记录（包含客户和客服）
2025-12-12 10:55:00 [INFO] : 💭 工单 1949314957984137217 获取到 4 条原始评论
2025-12-12 10:55:00 [INFO] : 🔍 工单 1949314957984137217 开始去噪处理 3 条有效评论...
2025-12-12 10:55:00 [INFO] : 🔍 开始过滤评论，原始数量: 3
2025-12-12 10:55:00 [INFO] : ✅ 评论过滤完成:
2025-12-12 10:55:00 [INFO] :   📥 原始数量: 3
2025-12-12 10:55:00 [INFO] :   📤 过滤后数量: 3
2025-12-12 10:55:00 [INFO] :   🗑️ 移除数量: 0
2025-12-12 10:55:00 [INFO] :   📊 过滤率: 0.0%
2025-12-12 10:55:00 [INFO] : ✅ 创建批次记录: batch_20251212_105500_839acafb, 工单数: 1
2025-12-12 10:55:00 [INFO] : ✅ 更新批次统计: batch_20251212_105500_839acafb, 状态: COMPLETED
2025-12-12 10:55:00 [INFO] : ✅ 保存工单 1949314957984137217 去噪记录成功，批次: batch_20251212_105500_839acafb
2025-12-12 10:55:00 [INFO] : ✅ 工单 1949314957984137217 去噪完成: 3 -> 3 条评论
2025-12-12 10:55:00 [INFO] : 🧾 工单 1949314957984137217 首响开关: work_type=URGE_INSTALL, work_table_name=t_work_2025, is_after_sale=False, raw_comments=4, valid_comments=3
2025-12-12 10:55:00 [INFO] : ✅ 工单 1949314957984137217 有 3 条有效评论，构建完成对话数据
2025-12-12 10:55:00 [INFO] : 工单 1949314957984137217 AI状态更新为: PENDING
2025-12-12 10:55:00 [INFO] : 📋 处理工单 1949314927260860416 (13/50) - 评论表: t_work_comment_2025
2025-12-12 10:55:00 [INFO] : 从表 t_work_comment_2025 获取工单 1949314927260860416 的 13 条完整对话记录（包含客户和客服）
2025-12-12 10:55:00 [INFO] : 💭 工单 1949314927260860416 获取到 13 条原始评论
2025-12-12 10:55:00 [INFO] : 🔍 工单 1949314927260860416 开始去噪处理 11 条有效评论...
2025-12-12 10:55:00 [INFO] : 🔍 开始过滤评论，原始数量: 11
2025-12-12 10:55:00 [INFO] : ✅ 评论过滤完成:
2025-12-12 10:55:00 [INFO] :   📥 原始数量: 11
2025-12-12 10:55:00 [INFO] :   📤 过滤后数量: 11
2025-12-12 10:55:00 [INFO] :   🗑️ 移除数量: 0
2025-12-12 10:55:00 [INFO] :   📊 过滤率: 0.0%
2025-12-12 10:55:00 [INFO] : ✅ 创建批次记录: batch_20251212_105500_fa63e730, 工单数: 1
2025-12-12 10:55:00 [INFO] : ✅ 更新批次统计: batch_20251212_105500_fa63e730, 状态: COMPLETED
2025-12-12 10:55:00 [INFO] : ✅ 保存工单 1949314927260860416 去噪记录成功，批次: batch_20251212_105500_fa63e730
2025-12-12 10:55:00 [INFO] : ✅ 工单 1949314927260860416 去噪完成: 11 -> 11 条评论
2025-12-12 10:55:00 [INFO] : 🧾 工单 1949314927260860416 首响开关: work_type=URGE_INSTALL, work_table_name=t_work_2025, is_after_sale=False, raw_comments=13, valid_comments=11
2025-12-12 10:55:00 [INFO] : ✅ 工单 1949314927260860416 有 11 条有效评论，构建完成对话数据
2025-12-12 10:55:00 [INFO] : 工单 1949314927260860416 AI状态更新为: PENDING
2025-12-12 10:55:00 [INFO] : 📋 处理工单 1949316352791543809 (14/50) - 评论表: t_work_comment_2025
2025-12-12 10:55:00 [INFO] : 从表 t_work_comment_2025 获取工单 1949316352791543809 的 4 条完整对话记录（包含客户和客服）
2025-12-12 10:55:00 [INFO] : 💭 工单 1949316352791543809 获取到 4 条原始评论
2025-12-12 10:55:00 [INFO] : 🔍 工单 1949316352791543809 开始去噪处理 4 条有效评论...
2025-12-12 10:55:00 [INFO] : 🔍 开始过滤评论，原始数量: 4
2025-12-12 10:55:00 [INFO] : ✅ 评论过滤完成:
2025-12-12 10:55:00 [INFO] :   📥 原始数量: 4
2025-12-12 10:55:00 [INFO] :   📤 过滤后数量: 4
2025-12-12 10:55:00 [INFO] :   🗑️ 移除数量: 0
2025-12-12 10:55:00 [INFO] :   📊 过滤率: 0.0%
2025-12-12 10:55:00 [INFO] : ✅ 创建批次记录: batch_20251212_105500_b353e6d1, 工单数: 1
2025-12-12 10:55:00 [INFO] : ✅ 更新批次统计: batch_20251212_105500_b353e6d1, 状态: COMPLETED
2025-12-12 10:55:00 [INFO] : ✅ 保存工单 1949316352791543809 去噪记录成功，批次: batch_20251212_105500_b353e6d1
2025-12-12 10:55:00 [INFO] : ✅ 工单 1949316352791543809 去噪完成: 4 -> 4 条评论
2025-12-12 10:55:00 [INFO] : 🧾 工单 1949316352791543809 首响开关: work_type=URGE_INSTALL, work_table_name=t_work_2025, is_after_sale=False, raw_comments=4, valid_comments=4
2025-12-12 10:55:00 [INFO] : ✅ 工单 1949316352791543809 有 4 条有效评论，构建完成对话数据
2025-12-12 10:55:00 [INFO] : 工单 1949316352791543809 AI状态更新为: PENDING
2025-12-12 10:55:00 [INFO] : 📋 处理工单 1949314829277724673 (15/50) - 评论表: t_work_comment_2025
2025-12-12 10:55:00 [INFO] : 从表 t_work_comment_2025 获取工单 1949314829277724673 的 3 条完整对话记录（包含客户和客服）
2025-12-12 10:55:00 [INFO] : 💭 工单 1949314829277724673 获取到 3 条原始评论
2025-12-12 10:55:00 [INFO] : 🔍 工单 1949314829277724673 开始去噪处理 3 条有效评论...
2025-12-12 10:55:00 [INFO] : 🔍 开始过滤评论，原始数量: 3
2025-12-12 10:55:00 [INFO] : ✅ 评论过滤完成:
2025-12-12 10:55:00 [INFO] :   📥 原始数量: 3
2025-12-12 10:55:00 [INFO] :   📤 过滤后数量: 3
2025-12-12 10:55:00 [INFO] :   🗑️ 移除数量: 0
2025-12-12 10:55:00 [INFO] :   📊 过滤率: 0.0%
2025-12-12 10:55:00 [INFO] : ✅ 创建批次记录: batch_20251212_105500_b38c88f7, 工单数: 1
2025-12-12 10:55:00 [INFO] : ✅ 更新批次统计: batch_20251212_105500_b38c88f7, 状态: COMPLETED
2025-12-12 10:55:00 [INFO] : ✅ 保存工单 1949314829277724673 去噪记录成功，批次: batch_20251212_105500_b38c88f7
2025-12-12 10:55:00 [INFO] : ✅ 工单 1949314829277724673 去噪完成: 3 -> 3 条评论
2025-12-12 10:55:00 [INFO] : 🧾 工单 1949314829277724673 首响开关: work_type=URGE_INSTALL, work_table_name=t_work_2025, is_after_sale=False, raw_comments=3, valid_comments=3
2025-12-12 10:55:00 [INFO] : ✅ 工单 1949314829277724673 有 3 条有效评论，构建完成对话数据
2025-12-12 10:55:00 [INFO] : 工单 1949314829277724673 AI状态更新为: PENDING
2025-12-12 10:55:00 [INFO] : 📋 处理工单 1949314684943335425 (16/50) - 评论表: t_work_comment_2025
2025-12-12 10:55:00 [INFO] : 从表 t_work_comment_2025 获取工单 1949314684943335425 的 5 条完整对话记录（包含客户和客服）
2025-12-12 10:55:00 [INFO] : 💭 工单 1949314684943335425 获取到 5 条原始评论
2025-12-12 10:55:00 [INFO] : 🔍 工单 1949314684943335425 开始去噪处理 5 条有效评论...
2025-12-12 10:55:00 [INFO] : 🔍 开始过滤评论，原始数量: 5
2025-12-12 10:55:00 [INFO] : ✅ 评论过滤完成:
2025-12-12 10:55:00 [INFO] :   📥 原始数量: 5
2025-12-12 10:55:00 [INFO] :   📤 过滤后数量: 5
2025-12-12 10:55:00 [INFO] :   🗑️ 移除数量: 0
2025-12-12 10:55:00 [INFO] :   📊 过滤率: 0.0%
2025-12-12 10:55:00 [INFO] : ✅ 创建批次记录: batch_20251212_105500_bd8a4739, 工单数: 1
2025-12-12 10:55:00 [INFO] : ✅ 更新批次统计: batch_20251212_105500_bd8a4739, 状态: COMPLETED
2025-12-12 10:55:00 [INFO] : ✅ 保存工单 1949314684943335425 去噪记录成功，批次: batch_20251212_105500_bd8a4739
2025-12-12 10:55:00 [INFO] : ✅ 工单 1949314684943335425 去噪完成: 5 -> 5 条评论
2025-12-12 10:55:00 [INFO] : ⏳ 工单 1949314684943335425 首响计算开始，评论总数=5
2025-12-12 10:55:00 [INFO] : 👀 工单 1949314684943335425 评论巡检: id=1949314685161439232, user_type=SELLER, oper_raw=True, is_service=False, is_customer=True, create_time=2025-07-27 11:43:32
2025-12-12 10:55:00 [INFO] : 🎯 工单 1949314684943335425 首条客户消息锁定: 2025-07-27 11:43:32
2025-12-12 10:55:00 [INFO] : 👀 工单 1949314684943335425 评论巡检: id=1949314789285036032, user_type=EMPLOYEE, oper_raw=True, is_service=True, is_customer=False, create_time=2025-07-27 11:43:56
2025-12-12 10:55:00 [INFO] : 🎯 工单 1949314684943335425 首条客服回复锁定: 2025-07-27 11:43:56
2025-12-12 10:55:00 [INFO] : ⏱️ 工单 1949314684943335425 首响计算: first_customer_message_time=2025-07-27 11:43:32, first_service_reply_time=2025-07-27 11:43:56, response_seconds=24, threshold_seconds=120, is_timeout=False
2025-12-12 10:55:00 [INFO] : 🧾 工单 1949314684943335425 首响开关: work_type=AFTER_SALE, work_table_name=t_work_2025, is_after_sale=True, raw_comments=5, valid_comments=5
2025-12-12 10:55:00 [INFO] : ✅ 工单 1949314684943335425 有 5 条有效评论，构建完成对话数据
2025-12-12 10:55:00 [INFO] : 工单 1949314684943335425 AI状态更新为: PENDING
2025-12-12 10:55:00 [INFO] : 📋 处理工单 1949314561689518081 (17/50) - 评论表: t_work_comment_2025
2025-12-12 10:55:00 [INFO] : 从表 t_work_comment_2025 获取工单 1949314561689518081 的 9 条完整对话记录（包含客户和客服）
2025-12-12 10:55:00 [INFO] : 💭 工单 1949314561689518081 获取到 9 条原始评论
2025-12-12 10:55:00 [INFO] : 🔍 工单 1949314561689518081 开始去噪处理 7 条有效评论...
2025-12-12 10:55:00 [INFO] : 🔍 开始过滤评论，原始数量: 7
2025-12-12 10:55:00 [INFO] : ✅ 评论过滤完成:
2025-12-12 10:55:00 [INFO] :   📥 原始数量: 7
2025-12-12 10:55:00 [INFO] :   📤 过滤后数量: 7
2025-12-12 10:55:00 [INFO] :   🗑️ 移除数量: 0
2025-12-12 10:55:00 [INFO] :   📊 过滤率: 0.0%
2025-12-12 10:55:00 [INFO] : ✅ 创建批次记录: batch_20251212_105500_64812f1f, 工单数: 1
2025-12-12 10:55:00 [INFO] : ✅ 更新批次统计: batch_20251212_105500_64812f1f, 状态: COMPLETED
2025-12-12 10:55:00 [INFO] : ✅ 保存工单 1949314561689518081 去噪记录成功，批次: batch_20251212_105500_64812f1f
2025-12-12 10:55:00 [INFO] : ✅ 工单 1949314561689518081 去噪完成: 7 -> 7 条评论
2025-12-12 10:55:00 [INFO] : ⏳ 工单 1949314561689518081 首响计算开始，评论总数=9
2025-12-12 10:55:00 [INFO] : 👀 工单 1949314561689518081 评论巡检: id=1949314561907621888, user_type=EMPLOYEE, oper_raw=True, is_service=True, is_customer=False, create_time=2025-07-27 11:43:02
2025-12-12 10:55:00 [INFO] : 👀 工单 1949314561689518081 评论巡检: id=1949314587706785792, user_type=EMPLOYEE, oper_raw=True, is_service=True, is_customer=False, create_time=2025-07-27 11:43:08
2025-12-12 10:55:00 [INFO] : 👀 工单 1949314561689518081 评论巡检: id=1949315216936271872, user_type=EMPLOYEE, oper_raw=True, is_service=True, is_customer=False, create_time=2025-07-27 11:45:38
2025-12-12 10:55:00 [INFO] : 👀 工单 1949314561689518081 评论巡检: id=1949315661847068672, user_type=EMPLOYEE, oper_raw=True, is_service=True, is_customer=False, create_time=2025-07-27 11:47:24
2025-12-12 10:55:00 [INFO] : 👀 工单 1949314561689518081 评论巡检: id=1949320655610576896, user_type=EMPLOYEE, oper_raw=True, is_service=True, is_customer=False, create_time=2025-07-27 12:07:15
2025-12-12 10:55:00 [INFO] : 👀 工单 1949314561689518081 评论巡检: id=1949320693606776832, user_type=EMPLOYEE, oper_raw=True, is_service=True, is_customer=False, create_time=2025-07-27 12:07:24
2025-12-12 10:55:00 [INFO] : 👀 工单 1949314561689518081 评论巡检: id=1949322123575033856, user_type=EMPLOYEE, oper_raw=True, is_service=True, is_customer=False, create_time=2025-07-27 12:13:05
2025-12-12 10:55:00 [INFO] : 👀 工单 1949314561689518081 评论巡检: id=1949330993089347584, user_type=EMPLOYEE, oper_raw=True, is_service=True, is_customer=False, create_time=2025-07-27 12:48:20
2025-12-12 10:55:00 [INFO] : 👀 工单 1949314561689518081 评论巡检: id=1949331055693529088, user_type=EMPLOYEE, oper_raw=True, is_service=True, is_customer=False, create_time=2025-07-27 12:48:35
2025-12-12 10:55:00 [INFO] : ⏱️ 工单 1949314561689518081 首响计算: first_customer_message_time=None, first_service_reply_time=None, response_seconds=None, threshold_seconds=120, is_timeout=False
2025-12-12 10:55:00 [INFO] : 🧾 工单 1949314561689518081 首响开关: work_type=AFTER_SALE, work_table_name=t_work_2025, is_after_sale=True, raw_comments=9, valid_comments=7
2025-12-12 10:55:00 [INFO] : ✅ 工单 1949314561689518081 有 7 条有效评论，构建完成对话数据
2025-12-12 10:55:00 [INFO] : 工单 1949314561689518081 AI状态更新为: PENDING
2025-12-12 10:55:00 [INFO] : 📋 处理工单 1949314493553049601 (18/50) - 评论表: t_work_comment_2025
2025-12-12 10:55:00 [INFO] : 从表 t_work_comment_2025 获取工单 1949314493553049601 的 4 条完整对话记录（包含客户和客服）
2025-12-12 10:55:00 [INFO] : 💭 工单 1949314493553049601 获取到 4 条原始评论
2025-12-12 10:55:00 [INFO] : 🔍 工单 1949314493553049601 开始去噪处理 3 条有效评论...
2025-12-12 10:55:00 [INFO] : 🔍 开始过滤评论，原始数量: 3
2025-12-12 10:55:00 [INFO] : ✅ 评论过滤完成:
2025-12-12 10:55:00 [INFO] :   📥 原始数量: 3
2025-12-12 10:55:00 [INFO] :   📤 过滤后数量: 3
2025-12-12 10:55:00 [INFO] :   🗑️ 移除数量: 0
2025-12-12 10:55:00 [INFO] :   📊 过滤率: 0.0%
2025-12-12 10:55:00 [INFO] : ✅ 创建批次记录: batch_20251212_105500_d4f4f04e, 工单数: 1
2025-12-12 10:55:00 [INFO] : ✅ 更新批次统计: batch_20251212_105500_d4f4f04e, 状态: COMPLETED
2025-12-12 10:55:00 [INFO] : ✅ 保存工单 1949314493553049601 去噪记录成功，批次: batch_20251212_105500_d4f4f04e
2025-12-12 10:55:00 [INFO] : ✅ 工单 1949314493553049601 去噪完成: 3 -> 3 条评论
2025-12-12 10:55:00 [INFO] : 🧾 工单 1949314493553049601 首响开关: work_type=REVOKE, work_table_name=t_work_2025, is_after_sale=False, raw_comments=4, valid_comments=3
2025-12-12 10:55:00 [INFO] : ✅ 工单 1949314493553049601 有 3 条有效评论，构建完成对话数据
2025-12-12 10:55:00 [INFO] : 工单 1949314493553049601 AI状态更新为: PENDING
2025-12-12 10:55:00 [INFO] : 📋 处理工单 1949314442378346497 (19/50) - 评论表: t_work_comment_2025
2025-12-12 10:55:00 [INFO] : 从表 t_work_comment_2025 获取工单 1949314442378346497 的 15 条完整对话记录（包含客户和客服）
2025-12-12 10:55:00 [INFO] : 💭 工单 1949314442378346497 获取到 15 条原始评论
2025-12-12 10:55:00 [INFO] : 🔍 工单 1949314442378346497 开始去噪处理 14 条有效评论...
2025-12-12 10:55:00 [INFO] : 🔍 开始过滤评论，原始数量: 14
2025-12-12 10:55:00 [INFO] : ✅ 评论过滤完成:
2025-12-12 10:55:00 [INFO] :   📥 原始数量: 14
2025-12-12 10:55:00 [INFO] :   📤 过滤后数量: 14
2025-12-12 10:55:00 [INFO] :   🗑️ 移除数量: 0
2025-12-12 10:55:00 [INFO] :   📊 过滤率: 0.0%
2025-12-12 10:55:00 [INFO] : ✅ 创建批次记录: batch_20251212_105500_ca108a49, 工单数: 1
2025-12-12 10:55:00 [INFO] : ✅ 更新批次统计: batch_20251212_105500_ca108a49, 状态: COMPLETED
2025-12-12 10:55:00 [INFO] : ✅ 保存工单 1949314442378346497 去噪记录成功，批次: batch_20251212_105500_ca108a49
2025-12-12 10:55:00 [INFO] : ✅ 工单 1949314442378346497 去噪完成: 14 -> 14 条评论
2025-12-12 10:55:00 [INFO] : 🧾 工单 1949314442378346497 首响开关: work_type=URGE_INSTALL, work_table_name=t_work_2025, is_after_sale=False, raw_comments=15, valid_comments=14
2025-12-12 10:55:00 [INFO] : ✅ 工单 1949314442378346497 有 14 条有效评论，构建完成对话数据
2025-12-12 10:55:00 [INFO] : 工单 1949314442378346497 AI状态更新为: PENDING
2025-12-12 10:55:00 [INFO] : 📋 处理工单 1949314410396778497 (20/50) - 评论表: t_work_comment_2025
2025-12-12 10:55:00 [INFO] : 从表 t_work_comment_2025 获取工单 1949314410396778497 的 4 条完整对话记录（包含客户和客服）
2025-12-12 10:55:00 [INFO] : 💭 工单 1949314410396778497 获取到 4 条原始评论
2025-12-12 10:55:00 [INFO] : 🔍 工单 1949314410396778497 开始去噪处理 4 条有效评论...
2025-12-12 10:55:00 [INFO] : 🔍 开始过滤评论，原始数量: 4
2025-12-12 10:55:00 [INFO] : ✅ 评论过滤完成:
2025-12-12 10:55:00 [INFO] :   📥 原始数量: 4
2025-12-12 10:55:00 [INFO] :   📤 过滤后数量: 4
2025-12-12 10:55:00 [INFO] :   🗑️ 移除数量: 0
2025-12-12 10:55:00 [INFO] :   📊 过滤率: 0.0%
2025-12-12 10:55:00 [INFO] : ✅ 创建批次记录: batch_20251212_105500_9e838a91, 工单数: 1
2025-12-12 10:55:00 [INFO] : ✅ 更新批次统计: batch_20251212_105500_9e838a91, 状态: COMPLETED
2025-12-12 10:55:00 [INFO] : ✅ 保存工单 1949314410396778497 去噪记录成功，批次: batch_20251212_105500_9e838a91
2025-12-12 10:55:00 [INFO] : ✅ 工单 1949314410396778497 去噪完成: 4 -> 4 条评论
2025-12-12 10:55:00 [INFO] : ⏳ 工单 1949314410396778497 首响计算开始，评论总数=4
2025-12-12 10:55:00 [INFO] : 👀 工单 1949314410396778497 评论巡检: id=1949314410614882304, user_type=SELLER, oper_raw=True, is_service=False, is_customer=True, create_time=2025-07-27 11:42:26
2025-12-12 10:55:00 [INFO] : 🎯 工单 1949314410396778497 首条客户消息锁定: 2025-07-27 11:42:26
2025-12-12 10:55:00 [INFO] : 👀 工单 1949314410396778497 评论巡检: id=1949314670825308160, user_type=EMPLOYEE, oper_raw=True, is_service=True, is_customer=False, create_time=2025-07-27 11:43:28
2025-12-12 10:55:00 [INFO] : 🎯 工单 1949314410396778497 首条客服回复锁定: 2025-07-27 11:43:28
2025-12-12 10:55:00 [INFO] : ⏱️ 工单 1949314410396778497 首响计算: first_customer_message_time=2025-07-27 11:42:26, first_service_reply_time=2025-07-27 11:43:28, response_seconds=62, threshold_seconds=120, is_timeout=False
2025-12-12 10:55:00 [INFO] : 🧾 工单 1949314410396778497 首响开关: work_type=AFTER_SALE, work_table_name=t_work_2025, is_after_sale=True, raw_comments=4, valid_comments=4
2025-12-12 10:55:00 [INFO] : ✅ 工单 1949314410396778497 有 4 条有效评论，构建完成对话数据
2025-12-12 10:55:00 [INFO] : 工单 1949314410396778497 AI状态更新为: PENDING
2025-12-12 10:55:00 [INFO] : 📋 处理工单 1949314323021037569 (21/50) - 评论表: t_work_comment_2025
2025-12-12 10:55:00 [INFO] : 从表 t_work_comment_2025 获取工单 1949314323021037569 的 11 条完整对话记录（包含客户和客服）
2025-12-12 10:55:00 [INFO] : 💭 工单 1949314323021037569 获取到 11 条原始评论
2025-12-12 10:55:00 [INFO] : 🔍 工单 1949314323021037569 开始去噪处理 10 条有效评论...
2025-12-12 10:55:00 [INFO] : 🔍 开始过滤评论，原始数量: 10
2025-12-12 10:55:00 [INFO] : ✅ 评论过滤完成:
2025-12-12 10:55:00 [INFO] :   📥 原始数量: 10
2025-12-12 10:55:00 [INFO] :   📤 过滤后数量: 10
2025-12-12 10:55:00 [INFO] :   🗑️ 移除数量: 0
2025-12-12 10:55:00 [INFO] :   📊 过滤率: 0.0%
2025-12-12 10:55:00 [INFO] : ✅ 创建批次记录: batch_20251212_105500_e5c663d4, 工单数: 1
2025-12-12 10:55:00 [INFO] : ✅ 更新批次统计: batch_20251212_105500_e5c663d4, 状态: COMPLETED
2025-12-12 10:55:00 [INFO] : ✅ 保存工单 1949314323021037569 去噪记录成功，批次: batch_20251212_105500_e5c663d4
2025-12-12 10:55:00 [INFO] : ✅ 工单 1949314323021037569 去噪完成: 10 -> 10 条评论
2025-12-12 10:55:00 [INFO] : 🧾 工单 1949314323021037569 首响开关: work_type=REPAIR_CHU_JIU, work_table_name=t_work_2025, is_after_sale=False, raw_comments=11, valid_comments=10
2025-12-12 10:55:00 [INFO] : ✅ 工单 1949314323021037569 有 10 条有效评论，构建完成对话数据
2025-12-12 10:55:00 [INFO] : 工单 1949314323021037569 AI状态更新为: PENDING
2025-12-12 10:55:00 [INFO] : 📋 处理工单 1949314142816960512 (22/50) - 评论表: t_work_comment_2025
2025-12-12 10:55:00 [INFO] : 从表 t_work_comment_2025 获取工单 1949314142816960512 的 8 条完整对话记录（包含客户和客服）
2025-12-12 10:55:00 [INFO] : 💭 工单 1949314142816960512 获取到 8 条原始评论
2025-12-12 10:55:00 [INFO] : 🔍 工单 1949314142816960512 开始去噪处理 8 条有效评论...
2025-12-12 10:55:00 [INFO] : 🔍 开始过滤评论，原始数量: 8
2025-12-12 10:55:00 [INFO] : ✅ 评论过滤完成:
2025-12-12 10:55:00 [INFO] :   📥 原始数量: 8
2025-12-12 10:55:00 [INFO] :   📤 过滤后数量: 8
2025-12-12 10:55:00 [INFO] :   🗑️ 移除数量: 0
2025-12-12 10:55:00 [INFO] :   📊 过滤率: 0.0%
2025-12-12 10:55:00 [INFO] : ✅ 创建批次记录: batch_20251212_105500_ad728cb3, 工单数: 1
2025-12-12 10:55:00 [INFO] : ✅ 更新批次统计: batch_20251212_105500_ad728cb3, 状态: COMPLETED
2025-12-12 10:55:00 [INFO] : ✅ 保存工单 1949314142816960512 去噪记录成功，批次: batch_20251212_105500_ad728cb3
2025-12-12 10:55:00 [INFO] : ✅ 工单 1949314142816960512 去噪完成: 8 -> 8 条评论
2025-12-12 10:55:00 [INFO] : ⏳ 工单 1949314142816960512 首响计算开始，评论总数=8
2025-12-12 10:55:00 [INFO] : 👀 工单 1949314142816960512 评论巡检: id=1949314143047647232, user_type=EMPLOYEE, oper_raw=True, is_service=True, is_customer=False, create_time=2025-07-27 11:41:22
2025-12-12 10:55:00 [INFO] : 👀 工单 1949314142816960512 评论巡检: id=1949314179596812288, user_type=EMPLOYEE, oper_raw=True, is_service=True, is_customer=False, create_time=2025-07-27 11:41:31
2025-12-12 10:55:00 [INFO] : 👀 工单 1949314142816960512 评论巡检: id=1949315042310619136, user_type=EMPLOYEE, oper_raw=True, is_service=True, is_customer=False, create_time=2025-07-27 11:44:57
2025-12-12 10:55:00 [INFO] : 👀 工单 1949314142816960512 评论巡检: id=1949317193854353408, user_type=EMPLOYEE, oper_raw=True, is_service=True, is_customer=False, create_time=2025-07-27 11:53:30
2025-12-12 10:55:00 [INFO] : 👀 工单 1949314142816960512 评论巡检: id=1949317230839726080, user_type=EMPLOYEE, oper_raw=True, is_service=True, is_customer=False, create_time=2025-07-27 11:53:39
2025-12-12 10:55:00 [INFO] : 👀 工单 1949314142816960512 评论巡检: id=1949318869017427968, user_type=EMPLOYEE, oper_raw=True, is_service=True, is_customer=False, create_time=2025-07-27 12:00:09
2025-12-12 10:55:00 [INFO] : 👀 工单 1949314142816960512 评论巡检: id=1949320467445710848, user_type=EMPLOYEE, oper_raw=True, is_service=True, is_customer=False, create_time=2025-07-27 12:06:30
2025-12-12 10:55:00 [INFO] : 👀 工单 1949314142816960512 评论巡检: id=1949339045515493376, user_type=EMPLOYEE, oper_raw=True, is_service=True, is_customer=False, create_time=2025-07-27 13:20:20
2025-12-12 10:55:00 [INFO] : ⏱️ 工单 1949314142816960512 首响计算: first_customer_message_time=None, first_service_reply_time=None, response_seconds=None, threshold_seconds=120, is_timeout=False
2025-12-12 10:55:00 [INFO] : 🧾 工单 1949314142816960512 首响开关: work_type=AFTER_SALE, work_table_name=t_work_2025, is_after_sale=True, raw_comments=8, valid_comments=8
2025-12-12 10:55:00 [INFO] : ✅ 工单 1949314142816960512 有 8 条有效评论，构建完成对话数据
2025-12-12 10:55:00 [INFO] : 工单 1949314142816960512 AI状态更新为: PENDING
2025-12-12 10:55:00 [INFO] : 📋 处理工单 1949314075682930689 (23/50) - 评论表: t_work_comment_2025
2025-12-12 10:55:00 [INFO] : 从表 t_work_comment_2025 获取工单 1949314075682930689 的 5 条完整对话记录（包含客户和客服）
2025-12-12 10:55:00 [INFO] : 💭 工单 1949314075682930689 获取到 5 条原始评论
2025-12-12 10:55:00 [INFO] : 🔍 工单 1949314075682930689 开始去噪处理 4 条有效评论...
2025-12-12 10:55:00 [INFO] : 🔍 开始过滤评论，原始数量: 4
2025-12-12 10:55:00 [INFO] : ✅ 评论过滤完成:
2025-12-12 10:55:00 [INFO] :   📥 原始数量: 4
2025-12-12 10:55:00 [INFO] :   📤 过滤后数量: 4
2025-12-12 10:55:00 [INFO] :   🗑️ 移除数量: 0
2025-12-12 10:55:00 [INFO] :   📊 过滤率: 0.0%
2025-12-12 10:55:00 [INFO] : ✅ 创建批次记录: batch_20251212_105500_c7268412, 工单数: 1
2025-12-12 10:55:00 [INFO] : ✅ 更新批次统计: batch_20251212_105500_c7268412, 状态: COMPLETED
2025-12-12 10:55:00 [INFO] : ✅ 保存工单 1949314075682930689 去噪记录成功，批次: batch_20251212_105500_c7268412
2025-12-12 10:55:00 [INFO] : ✅ 工单 1949314075682930689 去噪完成: 4 -> 4 条评论
2025-12-12 10:55:00 [INFO] : 🧾 工单 1949314075682930689 首响开关: work_type=URGE_INSTALL, work_table_name=t_work_2025, is_after_sale=False, raw_comments=5, valid_comments=4
2025-12-12 10:55:00 [INFO] : ✅ 工单 1949314075682930689 有 4 条有效评论，构建完成对话数据
2025-12-12 10:55:00 [INFO] : 工单 1949314075682930689 AI状态更新为: PENDING
2025-12-12 10:55:00 [INFO] : 📋 处理工单 1949314047325241345 (24/50) - 评论表: t_work_comment_2025
2025-12-12 10:55:00 [INFO] : 从表 t_work_comment_2025 获取工单 1949314047325241345 的 4 条完整对话记录（包含客户和客服）
2025-12-12 10:55:00 [INFO] : 💭 工单 1949314047325241345 获取到 4 条原始评论
2025-12-12 10:55:00 [INFO] : 🔍 工单 1949314047325241345 开始去噪处理 4 条有效评论...
2025-12-12 10:55:00 [INFO] : 🔍 开始过滤评论，原始数量: 4
2025-12-12 10:55:00 [INFO] : ✅ 评论过滤完成:
2025-12-12 10:55:00 [INFO] :   📥 原始数量: 4
2025-12-12 10:55:00 [INFO] :   📤 过滤后数量: 4
2025-12-12 10:55:00 [INFO] :   🗑️ 移除数量: 0
2025-12-12 10:55:00 [INFO] :   📊 过滤率: 0.0%
2025-12-12 10:55:00 [INFO] : ✅ 创建批次记录: batch_20251212_105500_44ec30a6, 工单数: 1
2025-12-12 10:55:00 [INFO] : ✅ 更新批次统计: batch_20251212_105500_44ec30a6, 状态: COMPLETED
2025-12-12 10:55:00 [INFO] : ✅ 保存工单 1949314047325241345 去噪记录成功，批次: batch_20251212_105500_44ec30a6
2025-12-12 10:55:00 [INFO] : ✅ 工单 1949314047325241345 去噪完成: 4 -> 4 条评论
2025-12-12 10:55:00 [INFO] : 🧾 工单 1949314047325241345 首响开关: work_type=FILL_ORDER, work_table_name=t_work_2025, is_after_sale=False, raw_comments=4, valid_comments=4
2025-12-12 10:55:00 [INFO] : ✅ 工单 1949314047325241345 有 4 条有效评论，构建完成对话数据
2025-12-12 10:55:00 [INFO] : 工单 1949314047325241345 AI状态更新为: PENDING
2025-12-12 10:55:00 [INFO] : 📋 处理工单 1949314035174342657 (25/50) - 评论表: t_work_comment_2025
2025-12-12 10:55:00 [INFO] : 从表 t_work_comment_2025 获取工单 1949314035174342657 的 4 条完整对话记录（包含客户和客服）
2025-12-12 10:55:00 [INFO] : 💭 工单 1949314035174342657 获取到 4 条原始评论
2025-12-12 10:55:00 [INFO] : 🔍 工单 1949314035174342657 开始去噪处理 4 条有效评论...
2025-12-12 10:55:00 [INFO] : 🔍 开始过滤评论，原始数量: 4
2025-12-12 10:55:00 [INFO] : ✅ 评论过滤完成:
2025-12-12 10:55:00 [INFO] :   📥 原始数量: 4
2025-12-12 10:55:00 [INFO] :   📤 过滤后数量: 4
2025-12-12 10:55:00 [INFO] :   🗑️ 移除数量: 0
2025-12-12 10:55:00 [INFO] :   📊 过滤率: 0.0%
2025-12-12 10:55:00 [INFO] : ✅ 创建批次记录: batch_20251212_105500_fd416be1, 工单数: 1
2025-12-12 10:55:00 [INFO] : ✅ 更新批次统计: batch_20251212_105500_fd416be1, 状态: COMPLETED
2025-12-12 10:55:00 [INFO] : ✅ 保存工单 1949314035174342657 去噪记录成功，批次: batch_20251212_105500_fd416be1
2025-12-12 10:55:00 [INFO] : ✅ 工单 1949314035174342657 去噪完成: 4 -> 4 条评论
2025-12-12 10:55:00 [INFO] : 🧾 工单 1949314035174342657 首响开关: work_type=EXCHANGE, work_table_name=t_work_2025, is_after_sale=False, raw_comments=4, valid_comments=4
2025-12-12 10:55:00 [INFO] : ✅ 工单 1949314035174342657 有 4 条有效评论，构建完成对话数据
2025-12-12 10:55:00 [INFO] : 工单 1949314035174342657 AI状态更新为: PENDING
2025-12-12 10:55:00 [INFO] : 📋 处理工单 1949315562404315137 (26/50) - 评论表: t_work_comment_2025
2025-12-12 10:55:00 [INFO] : 从表 t_work_comment_2025 获取工单 1949315562404315137 的 4 条完整对话记录（包含客户和客服）
2025-12-12 10:55:00 [INFO] : 💭 工单 1949315562404315137 获取到 4 条原始评论
2025-12-12 10:55:00 [INFO] : 🔍 工单 1949315562404315137 开始去噪处理 4 条有效评论...
2025-12-12 10:55:00 [INFO] : 🔍 开始过滤评论，原始数量: 4
2025-12-12 10:55:00 [INFO] : ✅ 评论过滤完成:
2025-12-12 10:55:00 [INFO] :   📥 原始数量: 4
2025-12-12 10:55:00 [INFO] :   📤 过滤后数量: 4
2025-12-12 10:55:00 [INFO] :   🗑️ 移除数量: 0
2025-12-12 10:55:00 [INFO] :   📊 过滤率: 0.0%
2025-12-12 10:55:00 [INFO] : ✅ 创建批次记录: batch_20251212_105500_37bad371, 工单数: 1
2025-12-12 10:55:00 [INFO] : ✅ 更新批次统计: batch_20251212_105500_37bad371, 状态: COMPLETED
2025-12-12 10:55:00 [INFO] : ✅ 保存工单 1949315562404315137 去噪记录成功，批次: batch_20251212_105500_37bad371
2025-12-12 10:55:00 [INFO] : ✅ 工单 1949315562404315137 去噪完成: 4 -> 4 条评论
2025-12-12 10:55:00 [INFO] : 🧾 工单 1949315562404315137 首响开关: work_type=URGE_INSTALL, work_table_name=t_work_2025, is_after_sale=False, raw_comments=4, valid_comments=4
2025-12-12 10:55:00 [INFO] : ✅ 工单 1949315562404315137 有 4 条有效评论，构建完成对话数据
2025-12-12 10:55:00 [INFO] : 工单 1949315562404315137 AI状态更新为: PENDING
2025-12-12 10:55:00 [INFO] : 📋 处理工单 1949316373398159361 (27/50) - 评论表: t_work_comment_2025
2025-12-12 10:55:00 [INFO] : 从表 t_work_comment_2025 获取工单 1949316373398159361 的 3 条完整对话记录（包含客户和客服）
2025-12-12 10:55:00 [INFO] : 💭 工单 1949316373398159361 获取到 3 条原始评论
2025-12-12 10:55:00 [INFO] : 🔍 工单 1949316373398159361 开始去噪处理 3 条有效评论...
2025-12-12 10:55:00 [INFO] : 🔍 开始过滤评论，原始数量: 3
2025-12-12 10:55:00 [INFO] : ✅ 评论过滤完成:
2025-12-12 10:55:00 [INFO] :   📥 原始数量: 3
2025-12-12 10:55:00 [INFO] :   📤 过滤后数量: 3
2025-12-12 10:55:00 [INFO] :   🗑️ 移除数量: 0
2025-12-12 10:55:00 [INFO] :   📊 过滤率: 0.0%
2025-12-12 10:55:00 [INFO] : ✅ 创建批次记录: batch_20251212_105500_2a406e75, 工单数: 1
2025-12-12 10:55:00 [INFO] : ✅ 更新批次统计: batch_20251212_105500_2a406e75, 状态: COMPLETED
2025-12-12 10:55:00 [INFO] : ✅ 保存工单 1949316373398159361 去噪记录成功，批次: batch_20251212_105500_2a406e75
2025-12-12 10:55:00 [INFO] : ✅ 工单 1949316373398159361 去噪完成: 3 -> 3 条评论
2025-12-12 10:55:00 [INFO] : ⏳ 工单 1949316373398159361 首响计算开始，评论总数=3
2025-12-12 10:55:00 [INFO] : 👀 工单 1949316373398159361 评论巡检: id=1949316373624651776, user_type=SELLER, oper_raw=True, is_service=False, is_customer=True, create_time=2025-07-27 11:50:14
2025-12-12 10:55:00 [INFO] : 🎯 工单 1949316373398159361 首条客户消息锁定: 2025-07-27 11:50:14
2025-12-12 10:55:00 [INFO] : 👀 工单 1949316373398159361 评论巡检: id=1949316431787065344, user_type=EMPLOYEE, oper_raw=True, is_service=True, is_customer=False, create_time=2025-07-27 11:50:28
2025-12-12 10:55:00 [INFO] : 🎯 工单 1949316373398159361 首条客服回复锁定: 2025-07-27 11:50:28
2025-12-12 10:55:00 [INFO] : ⏱️ 工单 1949316373398159361 首响计算: first_customer_message_time=2025-07-27 11:50:14, first_service_reply_time=2025-07-27 11:50:28, response_seconds=14, threshold_seconds=120, is_timeout=False
2025-12-12 10:55:00 [INFO] : 🧾 工单 1949316373398159361 首响开关: work_type=AFTER_SALE, work_table_name=t_work_2025, is_after_sale=True, raw_comments=3, valid_comments=3
2025-12-12 10:55:00 [INFO] : ✅ 工单 1949316373398159361 有 3 条有效评论，构建完成对话数据
2025-12-12 10:55:00 [INFO] : 工单 1949316373398159361 AI状态更新为: PENDING
2025-12-12 10:55:00 [INFO] : 📋 处理工单 1949316303344893953 (28/50) - 评论表: t_work_comment_2025
2025-12-12 10:55:00 [INFO] : 从表 t_work_comment_2025 获取工单 1949316303344893953 的 10 条完整对话记录（包含客户和客服）
2025-12-12 10:55:00 [INFO] : 💭 工单 1949316303344893953 获取到 10 条原始评论
2025-12-12 10:55:00 [INFO] : 🔍 工单 1949316303344893953 开始去噪处理 10 条有效评论...
2025-12-12 10:55:00 [INFO] : 🔍 开始过滤评论，原始数量: 10
2025-12-12 10:55:00 [INFO] : ✅ 评论过滤完成:
2025-12-12 10:55:00 [INFO] :   📥 原始数量: 10
2025-12-12 10:55:00 [INFO] :   📤 过滤后数量: 10
2025-12-12 10:55:00 [INFO] :   🗑️ 移除数量: 0
2025-12-12 10:55:00 [INFO] :   📊 过滤率: 0.0%
2025-12-12 10:55:00 [INFO] : ✅ 创建批次记录: batch_20251212_105500_3d14407c, 工单数: 1
2025-12-12 10:55:00 [INFO] : ✅ 更新批次统计: batch_20251212_105500_3d14407c, 状态: COMPLETED
2025-12-12 10:55:00 [INFO] : ✅ 保存工单 1949316303344893953 去噪记录成功，批次: batch_20251212_105500_3d14407c
2025-12-12 10:55:00 [INFO] : ✅ 工单 1949316303344893953 去噪完成: 10 -> 10 条评论
2025-12-12 10:55:00 [INFO] : ⏳ 工单 1949316303344893953 首响计算开始，评论总数=10
2025-12-12 10:55:00 [INFO] : 👀 工单 1949316303344893953 评论巡检: id=1949316303562997760, user_type=SELLER, oper_raw=True, is_service=False, is_customer=True, create_time=2025-07-27 11:49:57
2025-12-12 10:55:00 [INFO] : 🎯 工单 1949316303344893953 首条客户消息锁定: 2025-07-27 11:49:57
2025-12-12 10:55:00 [INFO] : 👀 工单 1949316303344893953 评论巡检: id=1949316328070316032, user_type=SELLER, oper_raw=True, is_service=False, is_customer=True, create_time=2025-07-27 11:50:03
2025-12-12 10:55:00 [INFO] : 👀 工单 1949316303344893953 评论巡检: id=1949316331723554816, user_type=EMPLOYEE, oper_raw=True, is_service=True, is_customer=False, create_time=2025-07-27 11:50:04
2025-12-12 10:55:00 [INFO] : 🎯 工单 1949316303344893953 首条客服回复锁定: 2025-07-27 11:50:04
2025-12-12 10:55:00 [INFO] : ⏱️ 工单 1949316303344893953 首响计算: first_customer_message_time=2025-07-27 11:49:57, first_service_reply_time=2025-07-27 11:50:04, response_seconds=7, threshold_seconds=120, is_timeout=False
2025-12-12 10:55:00 [INFO] : 🧾 工单 1949316303344893953 首响开关: work_type=AFTER_SALE, work_table_name=t_work_2025, is_after_sale=True, raw_comments=10, valid_comments=10
2025-12-12 10:55:00 [INFO] : ✅ 工单 1949316303344893953 有 10 条有效评论，构建完成对话数据
2025-12-12 10:55:00 [INFO] : 工单 1949316303344893953 AI状态更新为: PENDING
2025-12-12 10:55:00 [INFO] : 📋 处理工单 1949316265931702273 (29/50) - 评论表: t_work_comment_2025
2025-12-12 10:55:00 [INFO] : 从表 t_work_comment_2025 获取工单 1949316265931702273 的 4 条完整对话记录（包含客户和客服）
2025-12-12 10:55:00 [INFO] : 💭 工单 1949316265931702273 获取到 4 条原始评论
2025-12-12 10:55:00 [INFO] : 🔍 工单 1949316265931702273 开始去噪处理 4 条有效评论...
2025-12-12 10:55:00 [INFO] : 🔍 开始过滤评论，原始数量: 4
2025-12-12 10:55:00 [INFO] : ✅ 评论过滤完成:
2025-12-12 10:55:00 [INFO] :   📥 原始数量: 4
2025-12-12 10:55:00 [INFO] :   📤 过滤后数量: 4
2025-12-12 10:55:00 [INFO] :   🗑️ 移除数量: 0
2025-12-12 10:55:00 [INFO] :   📊 过滤率: 0.0%
2025-12-12 10:55:00 [INFO] : ✅ 创建批次记录: batch_20251212_105500_8e633243, 工单数: 1
2025-12-12 10:55:00 [INFO] : ✅ 更新批次统计: batch_20251212_105500_8e633243, 状态: COMPLETED
2025-12-12 10:55:00 [INFO] : ✅ 保存工单 1949316265931702273 去噪记录成功，批次: batch_20251212_105500_8e633243
2025-12-12 10:55:00 [INFO] : ✅ 工单 1949316265931702273 去噪完成: 4 -> 4 条评论
2025-12-12 10:55:00 [INFO] : 🧾 工单 1949316265931702273 首响开关: work_type=URGE_INSTALL, work_table_name=t_work_2025, is_after_sale=False, raw_comments=4, valid_comments=4
2025-12-12 10:55:00 [INFO] : ✅ 工单 1949316265931702273 有 4 条有效评论，构建完成对话数据
2025-12-12 10:55:00 [INFO] : 工单 1949316265931702273 AI状态更新为: PENDING
2025-12-12 10:55:00 [INFO] : 📋 处理工单 1949316259434725377 (30/50) - 评论表: t_work_comment_2025
2025-12-12 10:55:00 [INFO] : 从表 t_work_comment_2025 获取工单 1949316259434725377 的 4 条完整对话记录（包含客户和客服）
2025-12-12 10:55:00 [INFO] : 💭 工单 1949316259434725377 获取到 4 条原始评论
2025-12-12 10:55:00 [INFO] : 🔍 工单 1949316259434725377 开始去噪处理 3 条有效评论...
2025-12-12 10:55:00 [INFO] : 🔍 开始过滤评论，原始数量: 3
2025-12-12 10:55:00 [INFO] : ✅ 评论过滤完成:
2025-12-12 10:55:00 [INFO] :   📥 原始数量: 3
2025-12-12 10:55:00 [INFO] :   📤 过滤后数量: 3
2025-12-12 10:55:00 [INFO] :   🗑️ 移除数量: 0
2025-12-12 10:55:00 [INFO] :   📊 过滤率: 0.0%
2025-12-12 10:55:00 [INFO] : ✅ 创建批次记录: batch_20251212_105500_924a0799, 工单数: 1
2025-12-12 10:55:00 [INFO] : ✅ 更新批次统计: batch_20251212_105500_924a0799, 状态: COMPLETED
2025-12-12 10:55:00 [INFO] : ✅ 保存工单 1949316259434725377 去噪记录成功，批次: batch_20251212_105500_924a0799
2025-12-12 10:55:00 [INFO] : ✅ 工单 1949316259434725377 去噪完成: 3 -> 3 条评论
2025-12-12 10:55:00 [INFO] : 🧾 工单 1949316259434725377 首响开关: work_type=EXCHANGE, work_table_name=t_work_2025, is_after_sale=False, raw_comments=4, valid_comments=3
2025-12-12 10:55:00 [INFO] : ✅ 工单 1949316259434725377 有 3 条有效评论，构建完成对话数据
2025-12-12 10:55:00 [INFO] : 工单 1949316259434725377 AI状态更新为: PENDING
2025-12-12 10:55:00 [INFO] : 📋 处理工单 1949316229395120129 (31/50) - 评论表: t_work_comment_2025
2025-12-12 10:55:00 [INFO] : 从表 t_work_comment_2025 获取工单 1949316229395120129 的 5 条完整对话记录（包含客户和客服）
2025-12-12 10:55:00 [INFO] : 💭 工单 1949316229395120129 获取到 5 条原始评论
2025-12-12 10:55:00 [INFO] : 🔍 工单 1949316229395120129 开始去噪处理 4 条有效评论...
2025-12-12 10:55:00 [INFO] : 🔍 开始过滤评论，原始数量: 4
2025-12-12 10:55:00 [INFO] : ✅ 评论过滤完成:
2025-12-12 10:55:00 [INFO] :   📥 原始数量: 4
2025-12-12 10:55:00 [INFO] :   📤 过滤后数量: 4
2025-12-12 10:55:00 [INFO] :   🗑️ 移除数量: 0
2025-12-12 10:55:00 [INFO] :   📊 过滤率: 0.0%
2025-12-12 10:55:00 [INFO] : ✅ 创建批次记录: batch_20251212_105500_899a1de2, 工单数: 1
2025-12-12 10:55:00 [INFO] : ✅ 更新批次统计: batch_20251212_105500_899a1de2, 状态: COMPLETED
2025-12-12 10:55:00 [INFO] : ✅ 保存工单 1949316229395120129 去噪记录成功，批次: batch_20251212_105500_899a1de2
2025-12-12 10:55:00 [INFO] : ✅ 工单 1949316229395120129 去噪完成: 4 -> 4 条评论
2025-12-12 10:55:00 [INFO] : ⏳ 工单 1949316229395120129 首响计算开始，评论总数=5
2025-12-12 10:55:00 [INFO] : 👀 工单 1949316229395120129 评论巡检: id=1949316229621612544, user_type=EMPLOYEE, oper_raw=True, is_service=True, is_customer=False, create_time=2025-07-27 11:49:40
2025-12-12 10:55:00 [INFO] : 👀 工单 1949316229395120129 评论巡检: id=1949316269354254336, user_type=EMPLOYEE, oper_raw=True, is_service=True, is_customer=False, create_time=2025-07-27 11:49:49
2025-12-12 10:55:00 [INFO] : 👀 工单 1949316229395120129 评论巡检: id=1949316485629345792, user_type=EMPLOYEE, oper_raw=True, is_service=True, is_customer=False, create_time=2025-07-27 11:50:41
2025-12-12 10:55:00 [INFO] : 👀 工单 1949316229395120129 评论巡检: id=1949316662058549248, user_type=EMPLOYEE, oper_raw=True, is_service=True, is_customer=False, create_time=2025-07-27 11:51:23
2025-12-12 10:55:00 [INFO] : 👀 工单 1949316229395120129 评论巡检: id=1949316676558258176, user_type=EMPLOYEE, oper_raw=True, is_service=True, is_customer=False, create_time=2025-07-27 11:51:26
2025-12-12 10:55:00 [INFO] : ⏱️ 工单 1949316229395120129 首响计算: first_customer_message_time=None, first_service_reply_time=None, response_seconds=None, threshold_seconds=120, is_timeout=False
2025-12-12 10:55:00 [INFO] : 🧾 工单 1949316229395120129 首响开关: work_type=AFTER_SALE, work_table_name=t_work_2025, is_after_sale=True, raw_comments=5, valid_comments=4
2025-12-12 10:55:00 [INFO] : ✅ 工单 1949316229395120129 有 4 条有效评论，构建完成对话数据
2025-12-12 10:55:00 [INFO] : 工单 1949316229395120129 AI状态更新为: PENDING
2025-12-12 10:55:00 [INFO] : 📋 处理工单 1949316206582300673 (32/50) - 评论表: t_work_comment_2025
2025-12-12 10:55:00 [INFO] : 从表 t_work_comment_2025 获取工单 1949316206582300673 的 9 条完整对话记录（包含客户和客服）
2025-12-12 10:55:00 [INFO] : 💭 工单 1949316206582300673 获取到 9 条原始评论
2025-12-12 10:55:00 [INFO] : 🔍 工单 1949316206582300673 开始去噪处理 8 条有效评论...
2025-12-12 10:55:00 [INFO] : 🔍 开始过滤评论，原始数量: 8
2025-12-12 10:55:00 [INFO] : ✅ 评论过滤完成:
2025-12-12 10:55:00 [INFO] :   📥 原始数量: 8
2025-12-12 10:55:00 [INFO] :   📤 过滤后数量: 8
2025-12-12 10:55:00 [INFO] :   🗑️ 移除数量: 0
2025-12-12 10:55:00 [INFO] :   📊 过滤率: 0.0%
2025-12-12 10:55:00 [INFO] : ✅ 创建批次记录: batch_20251212_105500_28e7920a, 工单数: 1
2025-12-12 10:55:00 [INFO] : ✅ 更新批次统计: batch_20251212_105500_28e7920a, 状态: COMPLETED
2025-12-12 10:55:00 [INFO] : ✅ 保存工单 1949316206582300673 去噪记录成功，批次: batch_20251212_105500_28e7920a
2025-12-12 10:55:00 [INFO] : ✅ 工单 1949316206582300673 去噪完成: 8 -> 8 条评论
2025-12-12 10:55:00 [INFO] : 🧾 工单 1949316206582300673 首响开关: work_type=EXCHANGE, work_table_name=t_work_2025, is_after_sale=False, raw_comments=9, valid_comments=8
2025-12-12 10:55:00 [INFO] : ✅ 工单 1949316206582300673 有 8 条有效评论，构建完成对话数据
2025-12-12 10:55:00 [INFO] : 工单 1949316206582300673 AI状态更新为: PENDING
2025-12-12 10:55:00 [INFO] : 📋 处理工单 1949316206531969025 (33/50) - 评论表: t_work_comment_2025
2025-12-12 10:55:00 [INFO] : 从表 t_work_comment_2025 获取工单 1949316206531969025 的 3 条完整对话记录（包含客户和客服）
2025-12-12 10:55:00 [INFO] : 💭 工单 1949316206531969025 获取到 3 条原始评论
2025-12-12 10:55:00 [INFO] : 🔍 工单 1949316206531969025 开始去噪处理 3 条有效评论...
2025-12-12 10:55:00 [INFO] : 🔍 开始过滤评论，原始数量: 3
2025-12-12 10:55:00 [INFO] : ✅ 评论过滤完成:
2025-12-12 10:55:00 [INFO] :   📥 原始数量: 3
2025-12-12 10:55:00 [INFO] :   📤 过滤后数量: 3
2025-12-12 10:55:00 [INFO] :   🗑️ 移除数量: 0
2025-12-12 10:55:00 [INFO] :   📊 过滤率: 0.0%
2025-12-12 10:55:00 [INFO] : ✅ 创建批次记录: batch_20251212_105500_978aa00a, 工单数: 1
2025-12-12 10:55:00 [INFO] : ✅ 更新批次统计: batch_20251212_105500_978aa00a, 状态: COMPLETED
2025-12-12 10:55:00 [INFO] : ✅ 保存工单 1949316206531969025 去噪记录成功，批次: batch_20251212_105500_978aa00a
2025-12-12 10:55:00 [INFO] : ✅ 工单 1949316206531969025 去噪完成: 3 -> 3 条评论
2025-12-12 10:55:00 [INFO] : ⏳ 工单 1949316206531969025 首响计算开始，评论总数=3
2025-12-12 10:55:00 [INFO] : 👀 工单 1949316206531969025 评论巡检: id=1949316206787821568, user_type=SELLER, oper_raw=True, is_service=False, is_customer=True, create_time=2025-07-27 11:49:34
2025-12-12 10:55:00 [INFO] : 🎯 工单 1949316206531969025 首条客户消息锁定: 2025-07-27 11:49:34
2025-12-12 10:55:00 [INFO] : 👀 工单 1949316206531969025 评论巡检: id=1949316244486225920, user_type=EMPLOYEE, oper_raw=True, is_service=True, is_customer=False, create_time=2025-07-27 11:49:43
2025-12-12 10:55:00 [INFO] : 🎯 工单 1949316206531969025 首条客服回复锁定: 2025-07-27 11:49:43
2025-12-12 10:55:00 [INFO] : ⏱️ 工单 1949316206531969025 首响计算: first_customer_message_time=2025-07-27 11:49:34, first_service_reply_time=2025-07-27 11:49:43, response_seconds=9, threshold_seconds=120, is_timeout=False
2025-12-12 10:55:00 [INFO] : 🧾 工单 1949316206531969025 首响开关: work_type=AFTER_SALE, work_table_name=t_work_2025, is_after_sale=True, raw_comments=3, valid_comments=3
2025-12-12 10:55:00 [INFO] : ✅ 工单 1949316206531969025 有 3 条有效评论，构建完成对话数据
2025-12-12 10:55:00 [INFO] : 工单 1949316206531969025 AI状态更新为: PENDING
2025-12-12 10:55:00 [INFO] : 📋 处理工单 1949316187124924417 (34/50) - 评论表: t_work_comment_2025
2025-12-12 10:55:00 [INFO] : 从表 t_work_comment_2025 获取工单 1949316187124924417 的 4 条完整对话记录（包含客户和客服）
2025-12-12 10:55:00 [INFO] : 💭 工单 1949316187124924417 获取到 4 条原始评论
2025-12-12 10:55:00 [INFO] : 🔍 工单 1949316187124924417 开始去噪处理 4 条有效评论...
2025-12-12 10:55:00 [INFO] : 🔍 开始过滤评论，原始数量: 4
2025-12-12 10:55:00 [INFO] : ✅ 评论过滤完成:
2025-12-12 10:55:00 [INFO] :   📥 原始数量: 4
2025-12-12 10:55:00 [INFO] :   📤 过滤后数量: 4
2025-12-12 10:55:00 [INFO] :   🗑️ 移除数量: 0
2025-12-12 10:55:00 [INFO] :   📊 过滤率: 0.0%
2025-12-12 10:55:00 [INFO] : ✅ 创建批次记录: batch_20251212_105500_73365bf0, 工单数: 1
2025-12-12 10:55:00 [INFO] : ✅ 更新批次统计: batch_20251212_105500_73365bf0, 状态: COMPLETED
2025-12-12 10:55:00 [INFO] : ✅ 保存工单 1949316187124924417 去噪记录成功，批次: batch_20251212_105500_73365bf0
2025-12-12 10:55:00 [INFO] : ✅ 工单 1949316187124924417 去噪完成: 4 -> 4 条评论
2025-12-12 10:55:00 [INFO] : 🧾 工单 1949316187124924417 首响开关: work_type=EXCHANGE, work_table_name=t_work_2025, is_after_sale=False, raw_comments=4, valid_comments=4
2025-12-12 10:55:00 [INFO] : ✅ 工单 1949316187124924417 有 4 条有效评论，构建完成对话数据
2025-12-12 10:55:00 [INFO] : 工单 1949316187124924417 AI状态更新为: PENDING
2025-12-12 10:55:00 [INFO] : 📋 处理工单 1949316000293847041 (35/50) - 评论表: t_work_comment_2025
2025-12-12 10:55:00 [INFO] : 从表 t_work_comment_2025 获取工单 1949316000293847041 的 14 条完整对话记录（包含客户和客服）
2025-12-12 10:55:00 [INFO] : 💭 工单 1949316000293847041 获取到 14 条原始评论
2025-12-12 10:55:00 [INFO] : 🔍 工单 1949316000293847041 开始去噪处理 14 条有效评论...
2025-12-12 10:55:00 [INFO] : 🔍 开始过滤评论，原始数量: 14
2025-12-12 10:55:00 [INFO] : ✅ 评论过滤完成:
2025-12-12 10:55:00 [INFO] :   📥 原始数量: 14
2025-12-12 10:55:00 [INFO] :   📤 过滤后数量: 14
2025-12-12 10:55:00 [INFO] :   🗑️ 移除数量: 0
2025-12-12 10:55:00 [INFO] :   📊 过滤率: 0.0%
2025-12-12 10:55:00 [INFO] : ✅ 创建批次记录: batch_20251212_105500_4a6bd513, 工单数: 1
2025-12-12 10:55:00 [INFO] : ✅ 更新批次统计: batch_20251212_105500_4a6bd513, 状态: COMPLETED
2025-12-12 10:55:00 [INFO] : ✅ 保存工单 1949316000293847041 去噪记录成功，批次: batch_20251212_105500_4a6bd513
2025-12-12 10:55:00 [INFO] : ✅ 工单 1949316000293847041 去噪完成: 14 -> 14 条评论
2025-12-12 10:55:00 [INFO] : 🧾 工单 1949316000293847041 首响开关: work_type=REPAIR_CHU_JIU, work_table_name=t_work_2025, is_after_sale=False, raw_comments=14, valid_comments=14
2025-12-12 10:55:00 [INFO] : ✅ 工单 1949316000293847041 有 14 条有效评论，构建完成对话数据
2025-12-12 10:55:00 [INFO] : 工单 1949316000293847041 AI状态更新为: PENDING
2025-12-12 10:55:00 [INFO] : 📋 处理工单 1949315985894801409 (36/50) - 评论表: t_work_comment_2025
2025-12-12 10:55:00 [INFO] : 从表 t_work_comment_2025 获取工单 1949315985894801409 的 4 条完整对话记录（包含客户和客服）
2025-12-12 10:55:00 [INFO] : 💭 工单 1949315985894801409 获取到 4 条原始评论
2025-12-12 10:55:00 [INFO] : 🔍 工单 1949315985894801409 开始去噪处理 4 条有效评论...
2025-12-12 10:55:00 [INFO] : 🔍 开始过滤评论，原始数量: 4
2025-12-12 10:55:00 [INFO] : ✅ 评论过滤完成:
2025-12-12 10:55:00 [INFO] :   📥 原始数量: 4
2025-12-12 10:55:00 [INFO] :   📤 过滤后数量: 4
2025-12-12 10:55:00 [INFO] :   🗑️ 移除数量: 0
2025-12-12 10:55:00 [INFO] :   📊 过滤率: 0.0%
2025-12-12 10:55:00 [INFO] : ✅ 创建批次记录: batch_20251212_105500_abc340ac, 工单数: 1
2025-12-12 10:55:00 [INFO] : ✅ 更新批次统计: batch_20251212_105500_abc340ac, 状态: COMPLETED
2025-12-12 10:55:00 [INFO] : ✅ 保存工单 1949315985894801409 去噪记录成功，批次: batch_20251212_105500_abc340ac
2025-12-12 10:55:00 [INFO] : ✅ 工单 1949315985894801409 去噪完成: 4 -> 4 条评论
2025-12-12 10:55:00 [INFO] : 🧾 工单 1949315985894801409 首响开关: work_type=SETTLEMENT_OF_VERIFY, work_table_name=t_work_2025, is_after_sale=False, raw_comments=4, valid_comments=4
2025-12-12 10:55:00 [INFO] : ✅ 工单 1949315985894801409 有 4 条有效评论，构建完成对话数据
2025-12-12 10:55:00 [INFO] : 工单 1949315985894801409 AI状态更新为: PENDING
2025-12-12 10:55:00 [INFO] : 📋 处理工单 1949315946829053953 (37/50) - 评论表: t_work_comment_2025
2025-12-12 10:55:00 [INFO] : 从表 t_work_comment_2025 获取工单 1949315946829053953 的 4 条完整对话记录（包含客户和客服）
2025-12-12 10:55:00 [INFO] : 💭 工单 1949315946829053953 获取到 4 条原始评论
2025-12-12 10:55:00 [INFO] : 🔍 工单 1949315946829053953 开始去噪处理 4 条有效评论...
2025-12-12 10:55:00 [INFO] : 🔍 开始过滤评论，原始数量: 4
2025-12-12 10:55:00 [INFO] : ✅ 评论过滤完成:
2025-12-12 10:55:00 [INFO] :   📥 原始数量: 4
2025-12-12 10:55:00 [INFO] :   📤 过滤后数量: 4
2025-12-12 10:55:00 [INFO] :   🗑️ 移除数量: 0
2025-12-12 10:55:00 [INFO] :   📊 过滤率: 0.0%
2025-12-12 10:55:00 [INFO] : ✅ 创建批次记录: batch_20251212_105500_96146c98, 工单数: 1
2025-12-12 10:55:00 [INFO] : ✅ 更新批次统计: batch_20251212_105500_96146c98, 状态: COMPLETED
2025-12-12 10:55:00 [INFO] : ✅ 保存工单 1949315946829053953 去噪记录成功，批次: batch_20251212_105500_96146c98
2025-12-12 10:55:00 [INFO] : ✅ 工单 1949315946829053953 去噪完成: 4 -> 4 条评论
2025-12-12 10:55:00 [INFO] : ⏳ 工单 1949315946829053953 首响计算开始，评论总数=4
2025-12-12 10:55:00 [INFO] : 👀 工单 1949315946829053953 评论巡检: id=1949315947089100800, user_type=EMPLOYEE, oper_raw=True, is_service=True, is_customer=False, create_time=2025-07-27 11:48:32
2025-12-12 10:55:00 [INFO] : 👀 工单 1949315946829053953 评论巡检: id=1949315966915575808, user_type=EMPLOYEE, oper_raw=True, is_service=True, is_customer=False, create_time=2025-07-27 11:48:37
2025-12-12 10:55:00 [INFO] : 👀 工单 1949315946829053953 评论巡检: id=1949318233899139072, user_type=EMPLOYEE, oper_raw=True, is_service=True, is_customer=False, create_time=2025-07-27 11:57:38
2025-12-12 10:55:00 [INFO] : 👀 工单 1949315946829053953 评论巡检: id=1949318255902457856, user_type=EMPLOYEE, oper_raw=True, is_service=True, is_customer=False, create_time=2025-07-27 11:57:43
2025-12-12 10:55:00 [INFO] : ⏱️ 工单 1949315946829053953 首响计算: first_customer_message_time=None, first_service_reply_time=None, response_seconds=None, threshold_seconds=120, is_timeout=False
2025-12-12 10:55:00 [INFO] : 🧾 工单 1949315946829053953 首响开关: work_type=AFTER_SALE, work_table_name=t_work_2025, is_after_sale=True, raw_comments=4, valid_comments=4
2025-12-12 10:55:00 [INFO] : ✅ 工单 1949315946829053953 有 4 条有效评论，构建完成对话数据
2025-12-12 10:55:00 [INFO] : 工单 1949315946829053953 AI状态更新为: PENDING
2025-12-12 10:55:00 [INFO] : 📋 处理工单 1949315911471071232 (38/50) - 评论表: t_work_comment_2025
2025-12-12 10:55:00 [INFO] : 从表 t_work_comment_2025 获取工单 1949315911471071232 的 4 条完整对话记录（包含客户和客服）
2025-12-12 10:55:00 [INFO] : 💭 工单 1949315911471071232 获取到 4 条原始评论
2025-12-12 10:55:00 [INFO] : 🔍 工单 1949315911471071232 开始去噪处理 4 条有效评论...
2025-12-12 10:55:00 [INFO] : 🔍 开始过滤评论，原始数量: 4
2025-12-12 10:55:00 [INFO] : ✅ 评论过滤完成:
2025-12-12 10:55:00 [INFO] :   📥 原始数量: 4
2025-12-12 10:55:00 [INFO] :   📤 过滤后数量: 4
2025-12-12 10:55:00 [INFO] :   🗑️ 移除数量: 0
2025-12-12 10:55:00 [INFO] :   📊 过滤率: 0.0%
2025-12-12 10:55:00 [INFO] : ✅ 创建批次记录: batch_20251212_105500_ee02da81, 工单数: 1
2025-12-12 10:55:00 [INFO] : ✅ 更新批次统计: batch_20251212_105500_ee02da81, 状态: COMPLETED
2025-12-12 10:55:00 [INFO] : ✅ 保存工单 1949315911471071232 去噪记录成功，批次: batch_20251212_105500_ee02da81
2025-12-12 10:55:00 [INFO] : ✅ 工单 1949315911471071232 去噪完成: 4 -> 4 条评论
2025-12-12 10:55:00 [INFO] : 🧾 工单 1949315911471071232 首响开关: work_type=URGE_INSTALL, work_table_name=t_work_2025, is_after_sale=False, raw_comments=4, valid_comments=4
2025-12-12 10:55:00 [INFO] : ✅ 工单 1949315911471071232 有 4 条有效评论，构建完成对话数据
2025-12-12 10:55:00 [INFO] : 工单 1949315911471071232 AI状态更新为: PENDING
2025-12-12 10:55:00 [INFO] : 📋 处理工单 1949315871419662337 (39/50) - 评论表: t_work_comment_2025
2025-12-12 10:55:00 [INFO] : 从表 t_work_comment_2025 获取工单 1949315871419662337 的 4 条完整对话记录（包含客户和客服）
2025-12-12 10:55:00 [INFO] : 💭 工单 1949315871419662337 获取到 4 条原始评论
2025-12-12 10:55:00 [INFO] : 🔍 工单 1949315871419662337 开始去噪处理 4 条有效评论...
2025-12-12 10:55:00 [INFO] : 🔍 开始过滤评论，原始数量: 4
2025-12-12 10:55:00 [INFO] : ✅ 评论过滤完成:
2025-12-12 10:55:00 [INFO] :   📥 原始数量: 4
2025-12-12 10:55:00 [INFO] :   📤 过滤后数量: 4
2025-12-12 10:55:00 [INFO] :   🗑️ 移除数量: 0
2025-12-12 10:55:00 [INFO] :   📊 过滤率: 0.0%
2025-12-12 10:55:00 [INFO] : ✅ 创建批次记录: batch_20251212_105500_ed7c3cd6, 工单数: 1
2025-12-12 10:55:00 [INFO] : ✅ 更新批次统计: batch_20251212_105500_ed7c3cd6, 状态: COMPLETED
2025-12-12 10:55:00 [INFO] : ✅ 保存工单 1949315871419662337 去噪记录成功，批次: batch_20251212_105500_ed7c3cd6
2025-12-12 10:55:00 [INFO] : ✅ 工单 1949315871419662337 去噪完成: 4 -> 4 条评论
2025-12-12 10:55:00 [INFO] : 🧾 工单 1949315871419662337 首响开关: work_type=REPAIR_CHU_JIU, work_table_name=t_work_2025, is_after_sale=False, raw_comments=4, valid_comments=4
2025-12-12 10:55:00 [INFO] : ✅ 工单 1949315871419662337 有 4 条有效评论，构建完成对话数据
2025-12-12 10:55:00 [INFO] : 工单 1949315871419662337 AI状态更新为: PENDING
2025-12-12 10:55:00 [INFO] : 📋 处理工单 1949315844894883840 (40/50) - 评论表: t_work_comment_2025
2025-12-12 10:55:00 [INFO] : 从表 t_work_comment_2025 获取工单 1949315844894883840 的 5 条完整对话记录（包含客户和客服）
2025-12-12 10:55:00 [INFO] : 💭 工单 1949315844894883840 获取到 5 条原始评论
2025-12-12 10:55:00 [INFO] : 🔍 工单 1949315844894883840 开始去噪处理 5 条有效评论...
2025-12-12 10:55:00 [INFO] : 🔍 开始过滤评论，原始数量: 5
2025-12-12 10:55:00 [INFO] : ✅ 评论过滤完成:
2025-12-12 10:55:00 [INFO] :   📥 原始数量: 5
2025-12-12 10:55:00 [INFO] :   📤 过滤后数量: 5
2025-12-12 10:55:00 [INFO] :   🗑️ 移除数量: 0
2025-12-12 10:55:00 [INFO] :   📊 过滤率: 0.0%
2025-12-12 10:55:00 [INFO] : ✅ 创建批次记录: batch_20251212_105500_6b521320, 工单数: 1
2025-12-12 10:55:00 [INFO] : ✅ 更新批次统计: batch_20251212_105500_6b521320, 状态: COMPLETED
2025-12-12 10:55:00 [INFO] : ✅ 保存工单 1949315844894883840 去噪记录成功，批次: batch_20251212_105500_6b521320
2025-12-12 10:55:00 [INFO] : ✅ 工单 1949315844894883840 去噪完成: 5 -> 5 条评论
2025-12-12 10:55:00 [INFO] : ⏳ 工单 1949315844894883840 首响计算开始，评论总数=5
2025-12-12 10:55:00 [INFO] : 👀 工单 1949315844894883840 评论巡检: id=1949315845284954112, user_type=EMPLOYEE, oper_raw=True, is_service=True, is_customer=False, create_time=2025-07-27 11:48:08
2025-12-12 10:55:00 [INFO] : 👀 工单 1949315844894883840 评论巡检: id=1949315887630647296, user_type=EMPLOYEE, oper_raw=True, is_service=True, is_customer=False, create_time=2025-07-27 11:48:18
2025-12-12 10:55:00 [INFO] : 👀 工单 1949315844894883840 评论巡检: id=1949315894073098240, user_type=EMPLOYEE, oper_raw=True, is_service=True, is_customer=False, create_time=2025-07-27 11:48:20
2025-12-12 10:55:00 [INFO] : 👀 工单 1949315844894883840 评论巡检: id=1949317265870553088, user_type=EMPLOYEE, oper_raw=True, is_service=True, is_customer=False, create_time=2025-07-27 11:53:47
2025-12-12 10:55:00 [INFO] : 👀 工单 1949315844894883840 评论巡检: id=1949317333860220928, user_type=EMPLOYEE, oper_raw=True, is_service=True, is_customer=False, create_time=2025-07-27 11:54:03
2025-12-12 10:55:00 [INFO] : ⏱️ 工单 1949315844894883840 首响计算: first_customer_message_time=None, first_service_reply_time=None, response_seconds=None, threshold_seconds=120, is_timeout=False
2025-12-12 10:55:00 [INFO] : 🧾 工单 1949315844894883840 首响开关: work_type=AFTER_SALE, work_table_name=t_work_2025, is_after_sale=True, raw_comments=5, valid_comments=5
2025-12-12 10:55:00 [INFO] : ✅ 工单 1949315844894883840 有 5 条有效评论，构建完成对话数据
2025-12-12 10:55:00 [INFO] : 工单 1949315844894883840 AI状态更新为: PENDING
2025-12-12 10:55:00 [INFO] : 📋 处理工单 1949315842848063489 (41/50) - 评论表: t_work_comment_2025
2025-12-12 10:55:00 [INFO] : 从表 t_work_comment_2025 获取工单 1949315842848063489 的 5 条完整对话记录（包含客户和客服）
2025-12-12 10:55:00 [INFO] : 💭 工单 1949315842848063489 获取到 5 条原始评论
2025-12-12 10:55:00 [INFO] : 🔍 工单 1949315842848063489 开始去噪处理 4 条有效评论...
2025-12-12 10:55:00 [INFO] : 🔍 开始过滤评论，原始数量: 4
2025-12-12 10:55:00 [INFO] : ✅ 评论过滤完成:
2025-12-12 10:55:00 [INFO] :   📥 原始数量: 4
2025-12-12 10:55:00 [INFO] :   📤 过滤后数量: 4
2025-12-12 10:55:00 [INFO] :   🗑️ 移除数量: 0
2025-12-12 10:55:00 [INFO] :   📊 过滤率: 0.0%
2025-12-12 10:55:00 [INFO] : ✅ 创建批次记录: batch_20251212_105500_16b8d6e9, 工单数: 1
2025-12-12 10:55:00 [INFO] : ✅ 更新批次统计: batch_20251212_105500_16b8d6e9, 状态: COMPLETED
2025-12-12 10:55:00 [INFO] : ✅ 保存工单 1949315842848063489 去噪记录成功，批次: batch_20251212_105500_16b8d6e9
2025-12-12 10:55:00 [INFO] : ✅ 工单 1949315842848063489 去噪完成: 4 -> 4 条评论
2025-12-12 10:55:00 [INFO] : ⏳ 工单 1949315842848063489 首响计算开始，评论总数=5
2025-12-12 10:55:00 [INFO] : 👀 工单 1949315842848063489 评论巡检: id=1949315843061972992, user_type=EMPLOYEE, oper_raw=True, is_service=True, is_customer=False, create_time=2025-07-27 11:48:08
2025-12-12 10:55:00 [INFO] : 👀 工单 1949315842848063489 评论巡检: id=1949315866789150720, user_type=EMPLOYEE, oper_raw=True, is_service=True, is_customer=False, create_time=2025-07-27 11:48:13
2025-12-12 10:55:00 [INFO] : 👀 工单 1949315842848063489 评论巡检: id=1949316364913082368, user_type=EMPLOYEE, oper_raw=True, is_service=True, is_customer=False, create_time=2025-07-27 11:50:12
2025-12-12 10:55:00 [INFO] : 👀 工单 1949315842848063489 评论巡检: id=1951135147201921024, user_type=EMPLOYEE, oper_raw=True, is_service=True, is_customer=False, create_time=2025-08-01 12:17:24
2025-12-12 10:55:00 [INFO] : 👀 工单 1949315842848063489 评论巡检: id=1955536077787758592, user_type=EMPLOYEE, oper_raw=True, is_service=True, is_customer=False, create_time=2025-08-13 15:45:07
2025-12-12 10:55:00 [INFO] : ⏱️ 工单 1949315842848063489 首响计算: first_customer_message_time=None, first_service_reply_time=None, response_seconds=None, threshold_seconds=120, is_timeout=False
2025-12-12 10:55:00 [INFO] : 🧾 工单 1949315842848063489 首响开关: work_type=AFTER_SALE, work_table_name=t_work_2025, is_after_sale=True, raw_comments=5, valid_comments=4
2025-12-12 10:55:00 [INFO] : ✅ 工单 1949315842848063489 有 4 条有效评论，构建完成对话数据
2025-12-12 10:55:00 [INFO] : 工单 1949315842848063489 AI状态更新为: PENDING
2025-12-12 10:55:00 [INFO] : 📋 处理工单 1949315806122737665 (42/50) - 评论表: t_work_comment_2025
2025-12-12 10:55:00 [INFO] : 从表 t_work_comment_2025 获取工单 1949315806122737665 的 5 条完整对话记录（包含客户和客服）
2025-12-12 10:55:00 [INFO] : 💭 工单 1949315806122737665 获取到 5 条原始评论
2025-12-12 10:55:00 [INFO] : 🔍 工单 1949315806122737665 开始去噪处理 5 条有效评论...
2025-12-12 10:55:00 [INFO] : 🔍 开始过滤评论，原始数量: 5
2025-12-12 10:55:00 [INFO] : ✅ 评论过滤完成:
2025-12-12 10:55:00 [INFO] :   📥 原始数量: 5
2025-12-12 10:55:00 [INFO] :   📤 过滤后数量: 5
2025-12-12 10:55:00 [INFO] :   🗑️ 移除数量: 0
2025-12-12 10:55:00 [INFO] :   📊 过滤率: 0.0%
2025-12-12 10:55:00 [INFO] : ✅ 创建批次记录: batch_20251212_105500_5977a601, 工单数: 1
2025-12-12 10:55:00 [INFO] : ✅ 更新批次统计: batch_20251212_105500_5977a601, 状态: COMPLETED
2025-12-12 10:55:00 [INFO] : ✅ 保存工单 1949315806122737665 去噪记录成功，批次: batch_20251212_105500_5977a601
2025-12-12 10:55:00 [INFO] : ✅ 工单 1949315806122737665 去噪完成: 5 -> 5 条评论
2025-12-12 10:55:00 [INFO] : 🧾 工单 1949315806122737665 首响开关: work_type=CHECK_PRICE, work_table_name=t_work_2025, is_after_sale=False, raw_comments=5, valid_comments=5
2025-12-12 10:55:00 [INFO] : ✅ 工单 1949315806122737665 有 5 条有效评论，构建完成对话数据
2025-12-12 10:55:00 [INFO] : 工单 1949315806122737665 AI状态更新为: PENDING
2025-12-12 10:55:00 [INFO] : 📋 处理工单 1949315799780950017 (43/50) - 评论表: t_work_comment_2025
2025-12-12 10:55:00 [INFO] : 从表 t_work_comment_2025 获取工单 1949315799780950017 的 4 条完整对话记录（包含客户和客服）
2025-12-12 10:55:00 [INFO] : 💭 工单 1949315799780950017 获取到 4 条原始评论
2025-12-12 10:55:00 [INFO] : 🔍 工单 1949315799780950017 开始去噪处理 4 条有效评论...
2025-12-12 10:55:00 [INFO] : 🔍 开始过滤评论，原始数量: 4
2025-12-12 10:55:00 [INFO] : ✅ 评论过滤完成:
2025-12-12 10:55:00 [INFO] :   📥 原始数量: 4
2025-12-12 10:55:00 [INFO] :   📤 过滤后数量: 4
2025-12-12 10:55:00 [INFO] :   🗑️ 移除数量: 0
2025-12-12 10:55:00 [INFO] :   📊 过滤率: 0.0%
2025-12-12 10:55:00 [INFO] : ✅ 创建批次记录: batch_20251212_105500_67ae519b, 工单数: 1
2025-12-12 10:55:00 [INFO] : ✅ 更新批次统计: batch_20251212_105500_67ae519b, 状态: COMPLETED
2025-12-12 10:55:00 [INFO] : ✅ 保存工单 1949315799780950017 去噪记录成功，批次: batch_20251212_105500_67ae519b
2025-12-12 10:55:00 [INFO] : ✅ 工单 1949315799780950017 去噪完成: 4 -> 4 条评论
2025-12-12 10:55:00 [INFO] : ⏳ 工单 1949315799780950017 首响计算开始，评论总数=4
2025-12-12 10:55:00 [INFO] : 👀 工单 1949315799780950017 评论巡检: id=1949315800003248128, user_type=EMPLOYEE, oper_raw=True, is_service=True, is_customer=False, create_time=2025-07-27 11:47:57
2025-12-12 10:55:00 [INFO] : 👀 工单 1949315799780950017 评论巡检: id=1949315831468916736, user_type=EMPLOYEE, oper_raw=True, is_service=True, is_customer=False, create_time=2025-07-27 11:48:05
2025-12-12 10:55:00 [INFO] : 👀 工单 1949315799780950017 评论巡检: id=1949317468740648960, user_type=EMPLOYEE, oper_raw=True, is_service=True, is_customer=False, create_time=2025-07-27 11:54:35
2025-12-12 10:55:00 [INFO] : 👀 工单 1949315799780950017 评论巡检: id=1949317916155445248, user_type=EMPLOYEE, oper_raw=True, is_service=True, is_customer=False, create_time=2025-07-27 11:56:22
2025-12-12 10:55:00 [INFO] : ⏱️ 工单 1949315799780950017 首响计算: first_customer_message_time=None, first_service_reply_time=None, response_seconds=None, threshold_seconds=120, is_timeout=False
2025-12-12 10:55:00 [INFO] : 🧾 工单 1949315799780950017 首响开关: work_type=AFTER_SALE, work_table_name=t_work_2025, is_after_sale=True, raw_comments=4, valid_comments=4
2025-12-12 10:55:00 [INFO] : ✅ 工单 1949315799780950017 有 4 条有效评论，构建完成对话数据
2025-12-12 10:55:00 [INFO] : 工单 1949315799780950017 AI状态更新为: PENDING
2025-12-12 10:55:00 [INFO] : 📋 处理工单 1949315763705741313 (44/50) - 评论表: t_work_comment_2025
2025-12-12 10:55:00 [INFO] : 从表 t_work_comment_2025 获取工单 1949315763705741313 的 4 条完整对话记录（包含客户和客服）
2025-12-12 10:55:00 [INFO] : 💭 工单 1949315763705741313 获取到 4 条原始评论
2025-12-12 10:55:00 [INFO] : 🔍 工单 1949315763705741313 开始去噪处理 3 条有效评论...
2025-12-12 10:55:00 [INFO] : 🔍 开始过滤评论，原始数量: 3
2025-12-12 10:55:00 [INFO] : ✅ 评论过滤完成:
2025-12-12 10:55:00 [INFO] :   📥 原始数量: 3
2025-12-12 10:55:00 [INFO] :   📤 过滤后数量: 3
2025-12-12 10:55:00 [INFO] :   🗑️ 移除数量: 0
2025-12-12 10:55:00 [INFO] :   📊 过滤率: 0.0%
2025-12-12 10:55:00 [INFO] : ✅ 创建批次记录: batch_20251212_105500_6218f285, 工单数: 1
2025-12-12 10:55:00 [INFO] : ✅ 更新批次统计: batch_20251212_105500_6218f285, 状态: COMPLETED
2025-12-12 10:55:00 [INFO] : ✅ 保存工单 1949315763705741313 去噪记录成功，批次: batch_20251212_105500_6218f285
2025-12-12 10:55:00 [INFO] : ✅ 工单 1949315763705741313 去噪完成: 3 -> 3 条评论
2025-12-12 10:55:00 [INFO] : 🧾 工单 1949315763705741313 首响开关: work_type=URGE_INSTALL, work_table_name=t_work_2025, is_after_sale=False, raw_comments=4, valid_comments=3
2025-12-12 10:55:00 [INFO] : ✅ 工单 1949315763705741313 有 3 条有效评论，构建完成对话数据
2025-12-12 10:55:00 [INFO] : 工单 1949315763705741313 AI状态更新为: PENDING
2025-12-12 10:55:00 [INFO] : 📋 处理工单 1949315743610830849 (45/50) - 评论表: t_work_comment_2025
2025-12-12 10:55:00 [INFO] : 从表 t_work_comment_2025 获取工单 1949315743610830849 的 4 条完整对话记录（包含客户和客服）
2025-12-12 10:55:00 [INFO] : 💭 工单 1949315743610830849 获取到 4 条原始评论
2025-12-12 10:55:00 [INFO] : 🔍 工单 1949315743610830849 开始去噪处理 4 条有效评论...
2025-12-12 10:55:00 [INFO] : 🔍 开始过滤评论，原始数量: 4
2025-12-12 10:55:00 [INFO] : ✅ 评论过滤完成:
2025-12-12 10:55:00 [INFO] :   📥 原始数量: 4
2025-12-12 10:55:00 [INFO] :   📤 过滤后数量: 4
2025-12-12 10:55:00 [INFO] :   🗑️ 移除数量: 0
2025-12-12 10:55:00 [INFO] :   📊 过滤率: 0.0%
2025-12-12 10:55:00 [INFO] : ✅ 创建批次记录: batch_20251212_105500_eb9ea849, 工单数: 1
2025-12-12 10:55:00 [INFO] : ✅ 更新批次统计: batch_20251212_105500_eb9ea849, 状态: COMPLETED
2025-12-12 10:55:00 [INFO] : ✅ 保存工单 1949315743610830849 去噪记录成功，批次: batch_20251212_105500_eb9ea849
2025-12-12 10:55:00 [INFO] : ✅ 工单 1949315743610830849 去噪完成: 4 -> 4 条评论
2025-12-12 10:55:00 [INFO] : ⏳ 工单 1949315743610830849 首响计算开始，评论总数=4
2025-12-12 10:55:00 [INFO] : 👀 工单 1949315743610830849 评论巡检: id=1949315743816351744, user_type=EMPLOYEE, oper_raw=True, is_service=True, is_customer=False, create_time=2025-07-27 11:47:44
2025-12-12 10:55:00 [INFO] : 👀 工单 1949315743610830849 评论巡检: id=1949315800712085504, user_type=EMPLOYEE, oper_raw=True, is_service=True, is_customer=False, create_time=2025-07-27 11:47:58
2025-12-12 10:55:00 [INFO] : 👀 工单 1949315743610830849 评论巡检: id=1949317048173592576, user_type=EMPLOYEE, oper_raw=True, is_service=True, is_customer=False, create_time=2025-07-27 11:52:55
2025-12-12 10:55:00 [INFO] : 👀 工单 1949315743610830849 评论巡检: id=1949317442845016064, user_type=EMPLOYEE, oper_raw=True, is_service=True, is_customer=False, create_time=2025-07-27 11:54:29
2025-12-12 10:55:00 [INFO] : ⏱️ 工单 1949315743610830849 首响计算: first_customer_message_time=None, first_service_reply_time=None, response_seconds=None, threshold_seconds=120, is_timeout=False
2025-12-12 10:55:00 [INFO] : 🧾 工单 1949315743610830849 首响开关: work_type=AFTER_SALE, work_table_name=t_work_2025, is_after_sale=True, raw_comments=4, valid_comments=4
2025-12-12 10:55:00 [INFO] : ✅ 工单 1949315743610830849 有 4 条有效评论，构建完成对话数据
2025-12-12 10:55:00 [INFO] : 工单 1949315743610830849 AI状态更新为: PENDING
2025-12-12 10:55:00 [INFO] : 📋 处理工单 1949315687054835712 (46/50) - 评论表: t_work_comment_2025
2025-12-12 10:55:00 [INFO] : 从表 t_work_comment_2025 获取工单 1949315687054835712 的 5 条完整对话记录（包含客户和客服）
2025-12-12 10:55:00 [INFO] : 💭 工单 1949315687054835712 获取到 5 条原始评论
2025-12-12 10:55:00 [INFO] : 🔍 工单 1949315687054835712 开始去噪处理 5 条有效评论...
2025-12-12 10:55:00 [INFO] : 🔍 开始过滤评论，原始数量: 5
2025-12-12 10:55:00 [INFO] : ✅ 评论过滤完成:
2025-12-12 10:55:00 [INFO] :   📥 原始数量: 5
2025-12-12 10:55:00 [INFO] :   📤 过滤后数量: 5
2025-12-12 10:55:00 [INFO] :   🗑️ 移除数量: 0
2025-12-12 10:55:00 [INFO] :   📊 过滤率: 0.0%
2025-12-12 10:55:00 [INFO] : ✅ 创建批次记录: batch_20251212_105500_3efaacc9, 工单数: 1
2025-12-12 10:55:00 [INFO] : ✅ 更新批次统计: batch_20251212_105500_3efaacc9, 状态: COMPLETED
2025-12-12 10:55:00 [INFO] : ✅ 保存工单 1949315687054835712 去噪记录成功，批次: batch_20251212_105500_3efaacc9
2025-12-12 10:55:00 [INFO] : ✅ 工单 1949315687054835712 去噪完成: 5 -> 5 条评论
2025-12-12 10:55:00 [INFO] : 🧾 工单 1949315687054835712 首响开关: work_type=URGE_INSTALL, work_table_name=t_work_2025, is_after_sale=False, raw_comments=5, valid_comments=5
2025-12-12 10:55:00 [INFO] : ✅ 工单 1949315687054835712 有 5 条有效评论，构建完成对话数据
2025-12-12 10:55:00 [INFO] : 工单 1949315687054835712 AI状态更新为: PENDING
2025-12-12 10:55:00 [INFO] : 📋 处理工单 1949315662945976321 (47/50) - 评论表: t_work_comment_2025
2025-12-12 10:55:00 [INFO] : 从表 t_work_comment_2025 获取工单 1949315662945976321 的 3 条完整对话记录（包含客户和客服）
2025-12-12 10:55:00 [INFO] : 💭 工单 1949315662945976321 获取到 3 条原始评论
2025-12-12 10:55:00 [INFO] : 🔍 工单 1949315662945976321 开始去噪处理 3 条有效评论...
2025-12-12 10:55:00 [INFO] : 🔍 开始过滤评论，原始数量: 3
2025-12-12 10:55:00 [INFO] : ✅ 评论过滤完成:
2025-12-12 10:55:00 [INFO] :   📥 原始数量: 3
2025-12-12 10:55:00 [INFO] :   📤 过滤后数量: 3
2025-12-12 10:55:00 [INFO] :   🗑️ 移除数量: 0
2025-12-12 10:55:00 [INFO] :   📊 过滤率: 0.0%
2025-12-12 10:55:00 [INFO] : ✅ 创建批次记录: batch_20251212_105500_e11c534b, 工单数: 1
2025-12-12 10:55:00 [INFO] : ✅ 更新批次统计: batch_20251212_105500_e11c534b, 状态: COMPLETED
2025-12-12 10:55:00 [INFO] : ✅ 保存工单 1949315662945976321 去噪记录成功，批次: batch_20251212_105500_e11c534b
2025-12-12 10:55:00 [INFO] : ✅ 工单 1949315662945976321 去噪完成: 3 -> 3 条评论
2025-12-12 10:55:00 [INFO] : 🧾 工单 1949315662945976321 首响开关: work_type=URGE_INSTALL, work_table_name=t_work_2025, is_after_sale=False, raw_comments=3, valid_comments=3
2025-12-12 10:55:00 [INFO] : ✅ 工单 1949315662945976321 有 3 条有效评论，构建完成对话数据
2025-12-12 10:55:00 [INFO] : 工单 1949315662945976321 AI状态更新为: PENDING
2025-12-12 10:55:00 [INFO] : 📋 处理工单 1949315581094133761 (48/50) - 评论表: t_work_comment_2025
2025-12-12 10:55:00 [INFO] : 从表 t_work_comment_2025 获取工单 1949315581094133761 的 5 条完整对话记录（包含客户和客服）
2025-12-12 10:55:00 [INFO] : 💭 工单 1949315581094133761 获取到 5 条原始评论
2025-12-12 10:55:00 [INFO] : 🔍 工单 1949315581094133761 开始去噪处理 5 条有效评论...
2025-12-12 10:55:00 [INFO] : 🔍 开始过滤评论，原始数量: 5
2025-12-12 10:55:00 [INFO] : ✅ 评论过滤完成:
2025-12-12 10:55:00 [INFO] :   📥 原始数量: 5
2025-12-12 10:55:00 [INFO] :   📤 过滤后数量: 5
2025-12-12 10:55:00 [INFO] :   🗑️ 移除数量: 0
2025-12-12 10:55:00 [INFO] :   📊 过滤率: 0.0%
2025-12-12 10:55:00 [INFO] : ✅ 创建批次记录: batch_20251212_105500_9eb146b4, 工单数: 1
2025-12-12 10:55:00 [INFO] : ✅ 更新批次统计: batch_20251212_105500_9eb146b4, 状态: COMPLETED
2025-12-12 10:55:00 [INFO] : ✅ 保存工单 1949315581094133761 去噪记录成功，批次: batch_20251212_105500_9eb146b4
2025-12-12 10:55:00 [INFO] : ✅ 工单 1949315581094133761 去噪完成: 5 -> 5 条评论
2025-12-12 10:55:00 [INFO] : ⏳ 工单 1949315581094133761 首响计算开始，评论总数=5
2025-12-12 10:55:00 [INFO] : 👀 工单 1949315581094133761 评论巡检: id=1949315581303848960, user_type=EMPLOYEE, oper_raw=True, is_service=True, is_customer=False, create_time=2025-07-27 11:47:05
2025-12-12 10:55:00 [INFO] : 👀 工单 1949315581094133761 评论巡检: id=1949315594977280000, user_type=EMPLOYEE, oper_raw=True, is_service=True, is_customer=False, create_time=2025-07-27 11:47:09
2025-12-12 10:55:00 [INFO] : 👀 工单 1949315581094133761 评论巡检: id=1949317092444471296, user_type=EMPLOYEE, oper_raw=True, is_service=True, is_customer=False, create_time=2025-07-27 11:53:06
2025-12-12 10:55:00 [INFO] : 👀 工单 1949315581094133761 评论巡检: id=1949317592002854912, user_type=EMPLOYEE, oper_raw=True, is_service=True, is_customer=False, create_time=2025-07-27 11:55:05
2025-12-12 10:55:00 [INFO] : 👀 工单 1949315581094133761 评论巡检: id=1949317900552634368, user_type=EMPLOYEE, oper_raw=True, is_service=True, is_customer=False, create_time=2025-07-27 11:56:18
2025-12-12 10:55:00 [INFO] : ⏱️ 工单 1949315581094133761 首响计算: first_customer_message_time=None, first_service_reply_time=None, response_seconds=None, threshold_seconds=120, is_timeout=False
2025-12-12 10:55:00 [INFO] : 🧾 工单 1949315581094133761 首响开关: work_type=AFTER_SALE, work_table_name=t_work_2025, is_after_sale=True, raw_comments=5, valid_comments=5
2025-12-12 10:55:00 [INFO] : ✅ 工单 1949315581094133761 有 5 条有效评论，构建完成对话数据
2025-12-12 10:55:00 [INFO] : 工单 1949315581094133761 AI状态更新为: PENDING
2025-12-12 10:55:00 [INFO] : 📋 处理工单 1949315580381102081 (49/50) - 评论表: t_work_comment_2025
2025-12-12 10:55:00 [INFO] : 从表 t_work_comment_2025 获取工单 1949315580381102081 的 10 条完整对话记录（包含客户和客服）
2025-12-12 10:55:00 [INFO] : 💭 工单 1949315580381102081 获取到 10 条原始评论
2025-12-12 10:55:00 [INFO] : 🔍 工单 1949315580381102081 开始去噪处理 9 条有效评论...
2025-12-12 10:55:00 [INFO] : 🔍 开始过滤评论，原始数量: 9
2025-12-12 10:55:00 [INFO] : ✅ 评论过滤完成:
2025-12-12 10:55:00 [INFO] :   📥 原始数量: 9
2025-12-12 10:55:00 [INFO] :   📤 过滤后数量: 9
2025-12-12 10:55:00 [INFO] :   🗑️ 移除数量: 0
2025-12-12 10:55:00 [INFO] :   📊 过滤率: 0.0%
2025-12-12 10:55:00 [INFO] : ✅ 创建批次记录: batch_20251212_105500_bdc7b6f5, 工单数: 1
2025-12-12 10:55:00 [INFO] : ✅ 更新批次统计: batch_20251212_105500_bdc7b6f5, 状态: COMPLETED
2025-12-12 10:55:00 [INFO] : ✅ 保存工单 1949315580381102081 去噪记录成功，批次: batch_20251212_105500_bdc7b6f5
2025-12-12 10:55:00 [INFO] : ✅ 工单 1949315580381102081 去噪完成: 9 -> 9 条评论
2025-12-12 10:55:00 [INFO] : 🧾 工单 1949315580381102081 首响开关: work_type=URGE_PAYMENT, work_table_name=t_work_2025, is_after_sale=False, raw_comments=10, valid_comments=9
2025-12-12 10:55:00 [INFO] : ✅ 工单 1949315580381102081 有 9 条有效评论，构建完成对话数据
2025-12-12 10:55:00 [INFO] : 工单 1949315580381102081 AI状态更新为: PENDING
2025-12-12 10:55:00 [INFO] : 📋 处理工单 1949315543760633857 (50/50) - 评论表: t_work_comment_2025
2025-12-12 10:55:00 [INFO] : 从表 t_work_comment_2025 获取工单 1949315543760633857 的 3 条完整对话记录（包含客户和客服）
2025-12-12 10:55:00 [INFO] : 💭 工单 1949315543760633857 获取到 3 条原始评论
2025-12-12 10:55:00 [INFO] : 🔍 工单 1949315543760633857 开始去噪处理 3 条有效评论...
2025-12-12 10:55:00 [INFO] : 🔍 开始过滤评论，原始数量: 3
2025-12-12 10:55:00 [INFO] : ✅ 评论过滤完成:
2025-12-12 10:55:00 [INFO] :   📥 原始数量: 3
2025-12-12 10:55:00 [INFO] :   📤 过滤后数量: 3
2025-12-12 10:55:00 [INFO] :   🗑️ 移除数量: 0
2025-12-12 10:55:00 [INFO] :   📊 过滤率: 0.0%
2025-12-12 10:55:00 [INFO] : ✅ 创建批次记录: batch_20251212_105500_305431c2, 工单数: 1
2025-12-12 10:55:00 [INFO] : ✅ 更新批次统计: batch_20251212_105500_305431c2, 状态: COMPLETED
2025-12-12 10:55:00 [INFO] : ✅ 保存工单 1949315543760633857 去噪记录成功，批次: batch_20251212_105500_305431c2
2025-12-12 10:55:00 [INFO] : ✅ 工单 1949315543760633857 去噪完成: 3 -> 3 条评论
2025-12-12 10:55:00 [INFO] : 🧾 工单 1949315543760633857 首响开关: work_type=URGE_PAYMENT, work_table_name=t_work_2025, is_after_sale=False, raw_comments=3, valid_comments=3
2025-12-12 10:55:00 [INFO] : ✅ 工单 1949315543760633857 有 3 条有效评论，构建完成对话数据
2025-12-12 10:55:00 [INFO] : 工单 1949315543760633857 AI状态更新为: PENDING
2025-12-12 10:55:00 [INFO] : ============================================================
2025-12-12 10:55:00 [INFO] : 📋 pending工单数据拉取完成总结:
2025-12-12 10:55:00 [INFO] :   📥 查询到工单总数: 50
2025-12-12 10:55:00 [INFO] :   💬 有评论可分析: 50
2025-12-12 10:55:00 [INFO] :   💭 无评论已完成: 0
2025-12-12 10:55:00 [INFO] :   🔍 执行去噪处理: 0
2025-12-12 10:55:00 [INFO] : ============================================================
2025-12-12 10:55:00 [INFO] : 📊 步骤1: pending数据拉取结果 - success: True
2025-12-12 10:55:00 [INFO] : ✅ 步骤1完成: 拉取pending数据成功，获取到 50 个工单
2025-12-12 10:55:00 [INFO] : 📊 pending工单统计详情:
2025-12-12 10:55:00 [INFO] :   📥 拉取工单总数: 50
2025-12-12 10:55:00 [INFO] :   💬 有评论待分析: 50
2025-12-12 10:55:00 [INFO] :   💭 无评论已处理: 0
2025-12-12 10:55:00 [INFO] :   🔍 去噪处理数量: 0
2025-12-12 10:55:00 [INFO] : 🔄 步骤2: 开始批量AI分析处理...
2025-12-12 10:55:00 [INFO] : ================================================================================
2025-12-12 10:55:00 [INFO] : 🧠 开始批量分析处理 50 个工单
2025-12-12 10:55:00 [INFO] : 📊 批量分析前预处理统计:
2025-12-12 10:55:00 [INFO] :   📥 输入工单总数: 50
2025-12-12 10:55:00 [INFO] :   🔄 去重后工单数: 50
2025-12-12 10:55:00 [INFO] :   💬 有评论可分析: 50
2025-12-12 10:55:00 [INFO] :   💭 无评论跳过: 0
2025-12-12 10:55:00 [INFO] : 🔒 开始原子性标记 50 个工单为处理中状态...
2025-12-12 10:55:00 [INFO] : ✅ 工单 1949314837473394689 成功标记为处理中 (1/50)
2025-12-12 10:55:00 [INFO] : ✅ 工单 1949315483647868929 成功标记为处理中 (2/50)
2025-12-12 10:55:00 [INFO] : ✅ 工单 1949315368258371585 成功标记为处理中 (3/50)
2025-12-12 10:55:00 [INFO] : ✅ 工单 1949315256979292161 成功标记为处理中 (4/50)
2025-12-12 10:55:00 [INFO] : ✅ 工单 1949315189383888896 成功标记为处理中 (5/50)
2025-12-12 10:55:00 [INFO] : ✅ 工单 1949315179728601089 成功标记为处理中 (6/50)
2025-12-12 10:55:00 [INFO] : ✅ 工单 1949315146849452033 成功标记为处理中 (7/50)
2025-12-12 10:55:00 [INFO] : ✅ 工单 1949315031103438849 成功标记为处理中 (8/50)
2025-12-12 10:55:00 [INFO] : ✅ 工单 1949315016473706497 成功标记为处理中 (9/50)
2025-12-12 10:55:00 [INFO] : ✅ 工单 1949315009532133377 成功标记为处理中 (10/50)
2025-12-12 10:55:00 [INFO] : ✅ 工单 1949314963914883073 成功标记为处理中 (11/50)
2025-12-12 10:55:00 [INFO] : ✅ 工单 1949314957984137217 成功标记为处理中 (12/50)
2025-12-12 10:55:00 [INFO] : ✅ 工单 1949314927260860416 成功标记为处理中 (13/50)
2025-12-12 10:55:00 [INFO] : ✅ 工单 1949316352791543809 成功标记为处理中 (14/50)
2025-12-12 10:55:00 [INFO] : ✅ 工单 1949314829277724673 成功标记为处理中 (15/50)
2025-12-12 10:55:00 [INFO] : ✅ 工单 1949314684943335425 成功标记为处理中 (16/50)
2025-12-12 10:55:00 [INFO] : ✅ 工单 1949314561689518081 成功标记为处理中 (17/50)
2025-12-12 10:55:00 [INFO] : ✅ 工单 1949314493553049601 成功标记为处理中 (18/50)
2025-12-12 10:55:00 [INFO] : ✅ 工单 1949314442378346497 成功标记为处理中 (19/50)
2025-12-12 10:55:00 [INFO] : ✅ 工单 1949314410396778497 成功标记为处理中 (20/50)
2025-12-12 10:55:00 [INFO] : ✅ 工单 1949314323021037569 成功标记为处理中 (21/50)
2025-12-12 10:55:00 [INFO] : ✅ 工单 1949314142816960512 成功标记为处理中 (22/50)
2025-12-12 10:55:00 [INFO] : ✅ 工单 1949314075682930689 成功标记为处理中 (23/50)
2025-12-12 10:55:00 [INFO] : ✅ 工单 1949314047325241345 成功标记为处理中 (24/50)
2025-12-12 10:55:00 [INFO] : ✅ 工单 1949314035174342657 成功标记为处理中 (25/50)
2025-12-12 10:55:00 [INFO] : ✅ 工单 1949315562404315137 成功标记为处理中 (26/50)
2025-12-12 10:55:00 [INFO] : ✅ 工单 1949316373398159361 成功标记为处理中 (27/50)
2025-12-12 10:55:00 [INFO] : ✅ 工单 1949316303344893953 成功标记为处理中 (28/50)
2025-12-12 10:55:00 [INFO] : ✅ 工单 1949316265931702273 成功标记为处理中 (29/50)
2025-12-12 10:55:00 [INFO] : ✅ 工单 1949316259434725377 成功标记为处理中 (30/50)
2025-12-12 10:55:00 [INFO] : ✅ 工单 1949316229395120129 成功标记为处理中 (31/50)
2025-12-12 10:55:00 [INFO] : ✅ 工单 1949316206582300673 成功标记为处理中 (32/50)
2025-12-12 10:55:00 [INFO] : ✅ 工单 1949316206531969025 成功标记为处理中 (33/50)
2025-12-12 10:55:00 [INFO] : ✅ 工单 1949316187124924417 成功标记为处理中 (34/50)
2025-12-12 10:55:00 [INFO] : ✅ 工单 1949316000293847041 成功标记为处理中 (35/50)
2025-12-12 10:55:00 [INFO] : ✅ 工单 1949315985894801409 成功标记为处理中 (36/50)
2025-12-12 10:55:00 [INFO] : ✅ 工单 1949315946829053953 成功标记为处理中 (37/50)
2025-12-12 10:55:00 [INFO] : ✅ 工单 1949315911471071232 成功标记为处理中 (38/50)
2025-12-12 10:55:00 [INFO] : ✅ 工单 1949315871419662337 成功标记为处理中 (39/50)
2025-12-12 10:55:00 [INFO] : ✅ 工单 1949315844894883840 成功标记为处理中 (40/50)
2025-12-12 10:55:00 [INFO] : ✅ 工单 1949315842848063489 成功标记为处理中 (41/50)
2025-12-12 10:55:00 [INFO] : ✅ 工单 1949315806122737665 成功标记为处理中 (42/50)
2025-12-12 10:55:00 [INFO] : ✅ 工单 1949315799780950017 成功标记为处理中 (43/50)
2025-12-12 10:55:00 [INFO] : ✅ 工单 1949315763705741313 成功标记为处理中 (44/50)
2025-12-12 10:55:00 [INFO] : ✅ 工单 1949315743610830849 成功标记为处理中 (45/50)
2025-12-12 10:55:00 [INFO] : ✅ 工单 1949315687054835712 成功标记为处理中 (46/50)
2025-12-12 10:55:00 [INFO] : ✅ 工单 1949315662945976321 成功标记为处理中 (47/50)
2025-12-12 10:55:00 [INFO] : ✅ 工单 1949315581094133761 成功标记为处理中 (48/50)
2025-12-12 10:55:00 [INFO] : ✅ 工单 1949315580381102081 成功标记为处理中 (49/50)
2025-12-12 10:55:00 [INFO] : ✅ 工单 1949315543760633857 成功标记为处理中 (50/50)
2025-12-12 10:55:00 [INFO] : 🔒 批量状态标记完成: 50/50 个工单成功标记为处理中状态
2025-12-12 10:55:00 [INFO] : 📋 工单 #1: ID=1949314837473394689, 评论数=8
2025-12-12 10:55:00 [INFO] : 📋 工单 #2: ID=1949315483647868929, 评论数=4
2025-12-12 10:55:00 [INFO] : 📋 工单 #3: ID=1949315368258371585, 评论数=3
2025-12-12 10:55:00 [INFO] : 🔄 准备创建 50 个分析任务，并发数: 5
2025-12-12 10:55:00 [INFO] : ⚡ 开始执行批量分析任务 - 目标工单数: 50, 并发数: 5
2025-12-12 10:55:00 [INFO] : 🔍 开始分析工单 1949314837473394689 的对话
2025-12-12 10:55:00 [INFO] : 从数据库加载分析关键词配置
2025-12-12 10:55:00 [INFO] : 成功加载 1 个分析关键词配置分类
2025-12-12 10:55:00 [INFO] : 成功从数据库加载 1 个关键词配置分类
2025-12-12 10:55:00 [INFO] : 📊 工单 1949314837473394689 关键词筛选结果: 可疑=False, 置信度=0.200
2025-12-12 10:55:00 [INFO] : ⏭️ 工单 1949314837473394689 未命中关键词阈值（置信度: 0.200），判定为低风险，不保存
2025-12-12 10:55:00 [INFO] : 🔍 开始分析工单 1949315483647868929 的对话
2025-12-12 10:55:00 [INFO] : 成功从数据库加载 1 个关键词配置分类
2025-12-12 10:55:00 [INFO] : 📊 工单 1949315483647868929 关键词筛选结果: 可疑=False, 置信度=0.000
2025-12-12 10:55:00 [INFO] : ⏭️ 工单 1949315483647868929 未命中关键词阈值（置信度: 0.000），判定为低风险，不保存
2025-12-12 10:55:00 [INFO] : 🔍 开始分析工单 1949315368258371585 的对话
2025-12-12 10:55:00 [INFO] : 成功从数据库加载 1 个关键词配置分类
2025-12-12 10:55:00 [INFO] : 📊 工单 1949315368258371585 关键词筛选结果: 可疑=False, 置信度=0.000
2025-12-12 10:55:00 [INFO] : ⏭️ 工单 1949315368258371585 未命中关键词阈值（置信度: 0.000），判定为低风险，不保存
2025-12-12 10:55:00 [INFO] : 🔍 开始分析工单 1949315256979292161 的对话
2025-12-12 10:55:00 [INFO] : 成功从数据库加载 1 个关键词配置分类
2025-12-12 10:55:00 [INFO] : 📊 工单 1949315256979292161 关键词筛选结果: 可疑=False, 置信度=0.000
2025-12-12 10:55:00 [INFO] : ⏭️ 工单 1949315256979292161 未命中关键词阈值（置信度: 0.000），判定为低风险，不保存
2025-12-12 10:55:00 [INFO] : 🔍 开始分析工单 1949315189383888896 的对话
2025-12-12 10:55:00 [INFO] : 成功从数据库加载 1 个关键词配置分类
2025-12-12 10:55:00 [INFO] : 📊 工单 1949315189383888896 关键词筛选结果: 可疑=False, 置信度=0.000
2025-12-12 10:55:00 [INFO] : ⏭️ 工单 1949315189383888896 未命中关键词阈值（置信度: 0.000），判定为低风险，不保存
2025-12-12 10:55:00 [INFO] : 🔍 开始分析工单 1949315179728601089 的对话
2025-12-12 10:55:00 [INFO] : 成功从数据库加载 1 个关键词配置分类
2025-12-12 10:55:00 [INFO] : 📊 工单 1949315179728601089 关键词筛选结果: 可疑=False, 置信度=0.000
2025-12-12 10:55:00 [INFO] : ⏭️ 工单 1949315179728601089 未命中关键词阈值（置信度: 0.000），判定为低风险，不保存
2025-12-12 10:55:00 [INFO] : 🔍 开始分析工单 1949315146849452033 的对话
2025-12-12 10:55:00 [INFO] : 成功从数据库加载 1 个关键词配置分类
2025-12-12 10:55:00 [INFO] : 📊 工单 1949315146849452033 关键词筛选结果: 可疑=False, 置信度=0.200
2025-12-12 10:55:00 [INFO] : ⏭️ 工单 1949315146849452033 未命中关键词阈值（置信度: 0.200），判定为低风险，不保存
2025-12-12 10:55:00 [INFO] : 🔍 开始分析工单 1949315031103438849 的对话
2025-12-12 10:55:00 [INFO] : 成功从数据库加载 1 个关键词配置分类
2025-12-12 10:55:00 [INFO] : 📊 工单 1949315031103438849 关键词筛选结果: 可疑=False, 置信度=0.200
2025-12-12 10:55:00 [INFO] : ⏭️ 工单 1949315031103438849 未命中关键词阈值（置信度: 0.200），判定为低风险，不保存
2025-12-12 10:55:00 [INFO] : 🔍 开始分析工单 1949315016473706497 的对话
2025-12-12 10:55:00 [INFO] : 成功从数据库加载 1 个关键词配置分类
2025-12-12 10:55:00 [INFO] : 📊 工单 1949315016473706497 关键词筛选结果: 可疑=False, 置信度=0.000
2025-12-12 10:55:00 [INFO] : ⏭️ 工单 1949315016473706497 未命中关键词阈值（置信度: 0.000），判定为低风险，不保存
2025-12-12 10:55:00 [INFO] : 🔍 开始分析工单 1949315009532133377 的对话
2025-12-12 10:55:00 [INFO] : 成功从数据库加载 1 个关键词配置分类
2025-12-12 10:55:00 [INFO] : 📊 工单 1949315009532133377 关键词筛选结果: 可疑=False, 置信度=0.000
2025-12-12 10:55:00 [INFO] : ⏭️ 工单 1949315009532133377 未命中关键词阈值（置信度: 0.000），判定为低风险，不保存
2025-12-12 10:55:00 [INFO] : 🔍 开始分析工单 1949314963914883073 的对话
2025-12-12 10:55:00 [INFO] : 成功从数据库加载 1 个关键词配置分类
2025-12-12 10:55:00 [INFO] : 📊 工单 1949314963914883073 关键词筛选结果: 可疑=False, 置信度=0.000
2025-12-12 10:55:00 [INFO] : ⏭️ 工单 1949314963914883073 未命中关键词阈值（置信度: 0.000），判定为低风险，不保存
2025-12-12 10:55:00 [INFO] : 🔍 开始分析工单 1949314957984137217 的对话
2025-12-12 10:55:00 [INFO] : 成功从数据库加载 1 个关键词配置分类
2025-12-12 10:55:00 [INFO] : 📊 工单 1949314957984137217 关键词筛选结果: 可疑=False, 置信度=0.000
2025-12-12 10:55:00 [INFO] : ⏭️ 工单 1949314957984137217 未命中关键词阈值（置信度: 0.000），判定为低风险，不保存
2025-12-12 10:55:00 [INFO] : 🔍 开始分析工单 1949314927260860416 的对话
2025-12-12 10:55:00 [INFO] : 成功从数据库加载 1 个关键词配置分类
2025-12-12 10:55:00 [INFO] : 📊 工单 1949314927260860416 关键词筛选结果: 可疑=False, 置信度=0.000
2025-12-12 10:55:00 [INFO] : ⏭️ 工单 1949314927260860416 未命中关键词阈值（置信度: 0.000），判定为低风险，不保存
2025-12-12 10:55:00 [INFO] : 🔍 开始分析工单 1949316352791543809 的对话
2025-12-12 10:55:00 [INFO] : 成功从数据库加载 1 个关键词配置分类
2025-12-12 10:55:00 [INFO] : 📊 工单 1949316352791543809 关键词筛选结果: 可疑=False, 置信度=0.000
2025-12-12 10:55:00 [INFO] : ⏭️ 工单 1949316352791543809 未命中关键词阈值（置信度: 0.000），判定为低风险，不保存
2025-12-12 10:55:00 [INFO] : 🔍 开始分析工单 1949314829277724673 的对话
2025-12-12 10:55:00 [INFO] : 成功从数据库加载 1 个关键词配置分类
2025-12-12 10:55:00 [INFO] : 📊 工单 1949314829277724673 关键词筛选结果: 可疑=False, 置信度=0.000
2025-12-12 10:55:00 [INFO] : ⏭️ 工单 1949314829277724673 未命中关键词阈值（置信度: 0.000），判定为低风险，不保存
2025-12-12 10:55:00 [INFO] : 🔍 开始分析工单 1949314684943335425 的对话
2025-12-12 10:55:00 [INFO] : 成功从数据库加载 1 个关键词配置分类
2025-12-12 10:55:00 [INFO] : 📊 工单 1949314684943335425 关键词筛选结果: 可疑=False, 置信度=0.000
2025-12-12 10:55:00 [INFO] : ⏭️ 工单 1949314684943335425 未命中关键词阈值（置信度: 0.000），判定为低风险，不保存
2025-12-12 10:55:00 [INFO] : 🔍 开始分析工单 1949314561689518081 的对话
2025-12-12 10:55:00 [INFO] : 成功从数据库加载 1 个关键词配置分类
2025-12-12 10:55:00 [INFO] : 📊 工单 1949314561689518081 关键词筛选结果: 可疑=False, 置信度=0.000
2025-12-12 10:55:00 [INFO] : ⏭️ 工单 1949314561689518081 未命中关键词阈值（置信度: 0.000），判定为低风险，不保存
2025-12-12 10:55:00 [INFO] : 🔍 开始分析工单 1949314493553049601 的对话
2025-12-12 10:55:00 [INFO] : 成功从数据库加载 1 个关键词配置分类
2025-12-12 10:55:00 [INFO] : 📊 工单 1949314493553049601 关键词筛选结果: 可疑=False, 置信度=0.000
2025-12-12 10:55:00 [INFO] : ⏭️ 工单 1949314493553049601 未命中关键词阈值（置信度: 0.000），判定为低风险，不保存
2025-12-12 10:55:00 [INFO] : 🔍 开始分析工单 1949314442378346497 的对话
2025-12-12 10:55:00 [INFO] : 成功从数据库加载 1 个关键词配置分类
2025-12-12 10:55:00 [INFO] : 📊 工单 1949314442378346497 关键词筛选结果: 可疑=False, 置信度=0.000
2025-12-12 10:55:00 [INFO] : ⏭️ 工单 1949314442378346497 未命中关键词阈值（置信度: 0.000），判定为低风险，不保存
2025-12-12 10:55:00 [INFO] : 🔍 开始分析工单 1949314410396778497 的对话
2025-12-12 10:55:00 [INFO] : 成功从数据库加载 1 个关键词配置分类
2025-12-12 10:55:00 [INFO] : 📊 工单 1949314410396778497 关键词筛选结果: 可疑=False, 置信度=0.000
2025-12-12 10:55:00 [INFO] : ⏭️ 工单 1949314410396778497 未命中关键词阈值（置信度: 0.000），判定为低风险，不保存
2025-12-12 10:55:00 [INFO] : 🔍 开始分析工单 1949314323021037569 的对话
2025-12-12 10:55:00 [INFO] : 成功从数据库加载 1 个关键词配置分类
2025-12-12 10:55:00 [INFO] : 📊 工单 1949314323021037569 关键词筛选结果: 可疑=False, 置信度=0.000
2025-12-12 10:55:00 [INFO] : ⏭️ 工单 1949314323021037569 未命中关键词阈值（置信度: 0.000），判定为低风险，不保存
2025-12-12 10:55:00 [INFO] : 🔍 开始分析工单 1949314142816960512 的对话
2025-12-12 10:55:00 [INFO] : 成功从数据库加载 1 个关键词配置分类
2025-12-12 10:55:00 [INFO] : 📊 工单 1949314142816960512 关键词筛选结果: 可疑=False, 置信度=0.200
2025-12-12 10:55:00 [INFO] : ⏭️ 工单 1949314142816960512 未命中关键词阈值（置信度: 0.200），判定为低风险，不保存
2025-12-12 10:55:00 [INFO] : 🔍 开始分析工单 1949314075682930689 的对话
2025-12-12 10:55:00 [INFO] : 成功从数据库加载 1 个关键词配置分类
2025-12-12 10:55:00 [INFO] : 📊 工单 1949314075682930689 关键词筛选结果: 可疑=False, 置信度=0.000
2025-12-12 10:55:00 [INFO] : ⏭️ 工单 1949314075682930689 未命中关键词阈值（置信度: 0.000），判定为低风险，不保存
2025-12-12 10:55:00 [INFO] : 🔍 开始分析工单 1949314047325241345 的对话
2025-12-12 10:55:00 [INFO] : 成功从数据库加载 1 个关键词配置分类
2025-12-12 10:55:00 [INFO] : 📊 工单 1949314047325241345 关键词筛选结果: 可疑=False, 置信度=0.000
2025-12-12 10:55:00 [INFO] : ⏭️ 工单 1949314047325241345 未命中关键词阈值（置信度: 0.000），判定为低风险，不保存
2025-12-12 10:55:00 [INFO] : 🔍 开始分析工单 1949314035174342657 的对话
2025-12-12 10:55:00 [INFO] : 成功从数据库加载 1 个关键词配置分类
2025-12-12 10:55:00 [INFO] : 📊 工单 1949314035174342657 关键词筛选结果: 可疑=False, 置信度=0.000
2025-12-12 10:55:00 [INFO] : ⏭️ 工单 1949314035174342657 未命中关键词阈值（置信度: 0.000），判定为低风险，不保存
2025-12-12 10:55:00 [INFO] : 🔍 开始分析工单 1949315562404315137 的对话
2025-12-12 10:55:00 [INFO] : 成功从数据库加载 1 个关键词配置分类
2025-12-12 10:55:00 [INFO] : 📊 工单 1949315562404315137 关键词筛选结果: 可疑=False, 置信度=0.000
2025-12-12 10:55:00 [INFO] : ⏭️ 工单 1949315562404315137 未命中关键词阈值（置信度: 0.000），判定为低风险，不保存
2025-12-12 10:55:00 [INFO] : 🔍 开始分析工单 1949316373398159361 的对话
2025-12-12 10:55:00 [INFO] : 成功从数据库加载 1 个关键词配置分类
2025-12-12 10:55:00 [INFO] : 📊 工单 1949316373398159361 关键词筛选结果: 可疑=False, 置信度=0.000
2025-12-12 10:55:00 [INFO] : ⏭️ 工单 1949316373398159361 未命中关键词阈值（置信度: 0.000），判定为低风险，不保存
2025-12-12 10:55:00 [INFO] : 🔍 开始分析工单 1949316303344893953 的对话
2025-12-12 10:55:00 [INFO] : 成功从数据库加载 1 个关键词配置分类
2025-12-12 10:55:00 [INFO] : 📊 工单 1949316303344893953 关键词筛选结果: 可疑=False, 置信度=0.200
2025-12-12 10:55:00 [INFO] : ⏭️ 工单 1949316303344893953 未命中关键词阈值（置信度: 0.200），判定为低风险，不保存
2025-12-12 10:55:00 [INFO] : 🔍 开始分析工单 1949316265931702273 的对话
2025-12-12 10:55:00 [INFO] : 成功从数据库加载 1 个关键词配置分类
2025-12-12 10:55:00 [INFO] : 📊 工单 1949316265931702273 关键词筛选结果: 可疑=False, 置信度=0.000
2025-12-12 10:55:00 [INFO] : ⏭️ 工单 1949316265931702273 未命中关键词阈值（置信度: 0.000），判定为低风险，不保存
2025-12-12 10:55:00 [INFO] : 🔍 开始分析工单 1949316259434725377 的对话
2025-12-12 10:55:00 [INFO] : 成功从数据库加载 1 个关键词配置分类
2025-12-12 10:55:00 [INFO] : 📊 工单 1949316259434725377 关键词筛选结果: 可疑=False, 置信度=0.000
2025-12-12 10:55:00 [INFO] : ⏭️ 工单 1949316259434725377 未命中关键词阈值（置信度: 0.000），判定为低风险，不保存
2025-12-12 10:55:00 [INFO] : 🔍 开始分析工单 1949316229395120129 的对话
2025-12-12 10:55:00 [INFO] : 成功从数据库加载 1 个关键词配置分类
2025-12-12 10:55:00 [INFO] : 📊 工单 1949316229395120129 关键词筛选结果: 可疑=False, 置信度=0.000
2025-12-12 10:55:00 [INFO] : ⏭️ 工单 1949316229395120129 未命中关键词阈值（置信度: 0.000），判定为低风险，不保存
2025-12-12 10:55:00 [INFO] : 🔍 开始分析工单 1949316206582300673 的对话
2025-12-12 10:55:00 [INFO] : 成功从数据库加载 1 个关键词配置分类
2025-12-12 10:55:00 [INFO] : 📊 工单 1949316206582300673 关键词筛选结果: 可疑=False, 置信度=0.000
2025-12-12 10:55:00 [INFO] : ⏭️ 工单 1949316206582300673 未命中关键词阈值（置信度: 0.000），判定为低风险，不保存
2025-12-12 10:55:00 [INFO] : 🔍 开始分析工单 1949316206531969025 的对话
2025-12-12 10:55:00 [INFO] : 成功从数据库加载 1 个关键词配置分类
2025-12-12 10:55:00 [INFO] : 📊 工单 1949316206531969025 关键词筛选结果: 可疑=False, 置信度=0.000
2025-12-12 10:55:00 [INFO] : ⏭️ 工单 1949316206531969025 未命中关键词阈值（置信度: 0.000），判定为低风险，不保存
2025-12-12 10:55:00 [INFO] : 🔍 开始分析工单 1949316187124924417 的对话
2025-12-12 10:55:00 [INFO] : 成功从数据库加载 1 个关键词配置分类
2025-12-12 10:55:00 [INFO] : 📊 工单 1949316187124924417 关键词筛选结果: 可疑=False, 置信度=0.000
2025-12-12 10:55:00 [INFO] : ⏭️ 工单 1949316187124924417 未命中关键词阈值（置信度: 0.000），判定为低风险，不保存
2025-12-12 10:55:00 [INFO] : 🔍 开始分析工单 1949316000293847041 的对话
2025-12-12 10:55:00 [INFO] : 成功从数据库加载 1 个关键词配置分类
2025-12-12 10:55:00 [INFO] : 📊 工单 1949316000293847041 关键词筛选结果: 可疑=False, 置信度=0.000
2025-12-12 10:55:00 [INFO] : ⏭️ 工单 1949316000293847041 未命中关键词阈值（置信度: 0.000），判定为低风险，不保存
2025-12-12 10:55:00 [INFO] : 🔍 开始分析工单 1949315985894801409 的对话
2025-12-12 10:55:00 [INFO] : 成功从数据库加载 1 个关键词配置分类
2025-12-12 10:55:00 [INFO] : 📊 工单 1949315985894801409 关键词筛选结果: 可疑=False, 置信度=0.000
2025-12-12 10:55:00 [INFO] : ⏭️ 工单 1949315985894801409 未命中关键词阈值（置信度: 0.000），判定为低风险，不保存
2025-12-12 10:55:00 [INFO] : 🔍 开始分析工单 1949315946829053953 的对话
2025-12-12 10:55:00 [INFO] : 成功从数据库加载 1 个关键词配置分类
2025-12-12 10:55:00 [INFO] : 📊 工单 1949315946829053953 关键词筛选结果: 可疑=False, 置信度=0.000
2025-12-12 10:55:00 [INFO] : ⏭️ 工单 1949315946829053953 未命中关键词阈值（置信度: 0.000），判定为低风险，不保存
2025-12-12 10:55:00 [INFO] : 🔍 开始分析工单 1949315911471071232 的对话
2025-12-12 10:55:00 [INFO] : 成功从数据库加载 1 个关键词配置分类
2025-12-12 10:55:00 [INFO] : 📊 工单 1949315911471071232 关键词筛选结果: 可疑=False, 置信度=0.000
2025-12-12 10:55:00 [INFO] : ⏭️ 工单 1949315911471071232 未命中关键词阈值（置信度: 0.000），判定为低风险，不保存
2025-12-12 10:55:00 [INFO] : 🔍 开始分析工单 1949315871419662337 的对话
2025-12-12 10:55:00 [INFO] : 成功从数据库加载 1 个关键词配置分类
2025-12-12 10:55:00 [INFO] : 📊 工单 1949315871419662337 关键词筛选结果: 可疑=False, 置信度=0.000
2025-12-12 10:55:00 [INFO] : ⏭️ 工单 1949315871419662337 未命中关键词阈值（置信度: 0.000），判定为低风险，不保存
2025-12-12 10:55:00 [INFO] : 🔍 开始分析工单 1949315844894883840 的对话
2025-12-12 10:55:00 [INFO] : 成功从数据库加载 1 个关键词配置分类
2025-12-12 10:55:00 [INFO] : 📊 工单 1949315844894883840 关键词筛选结果: 可疑=False, 置信度=0.000
2025-12-12 10:55:00 [INFO] : ⏭️ 工单 1949315844894883840 未命中关键词阈值（置信度: 0.000），判定为低风险，不保存
2025-12-12 10:55:00 [INFO] : 🔍 开始分析工单 1949315842848063489 的对话
2025-12-12 10:55:00 [INFO] : 成功从数据库加载 1 个关键词配置分类
2025-12-12 10:55:00 [INFO] : 📊 工单 1949315842848063489 关键词筛选结果: 可疑=False, 置信度=0.200
2025-12-12 10:55:00 [INFO] : ⏭️ 工单 1949315842848063489 未命中关键词阈值（置信度: 0.200），判定为低风险，不保存
2025-12-12 10:55:00 [INFO] : 🔍 开始分析工单 1949315806122737665 的对话
2025-12-12 10:55:00 [INFO] : 成功从数据库加载 1 个关键词配置分类
2025-12-12 10:55:00 [INFO] : 📊 工单 1949315806122737665 关键词筛选结果: 可疑=False, 置信度=0.200
2025-12-12 10:55:00 [INFO] : ⏭️ 工单 1949315806122737665 未命中关键词阈值（置信度: 0.200），判定为低风险，不保存
2025-12-12 10:55:00 [INFO] : 🔍 开始分析工单 1949315799780950017 的对话
2025-12-12 10:55:00 [INFO] : 成功从数据库加载 1 个关键词配置分类
2025-12-12 10:55:00 [INFO] : 📊 工单 1949315799780950017 关键词筛选结果: 可疑=False, 置信度=0.000
2025-12-12 10:55:00 [INFO] : ⏭️ 工单 1949315799780950017 未命中关键词阈值（置信度: 0.000），判定为低风险，不保存
2025-12-12 10:55:00 [INFO] : 🔍 开始分析工单 1949315763705741313 的对话
2025-12-12 10:55:00 [INFO] : 成功从数据库加载 1 个关键词配置分类
2025-12-12 10:55:00 [INFO] : 📊 工单 1949315763705741313 关键词筛选结果: 可疑=False, 置信度=0.000
2025-12-12 10:55:00 [INFO] : ⏭️ 工单 1949315763705741313 未命中关键词阈值（置信度: 0.000），判定为低风险，不保存
2025-12-12 10:55:00 [INFO] : 🔍 开始分析工单 1949315743610830849 的对话
2025-12-12 10:55:00 [INFO] : 成功从数据库加载 1 个关键词配置分类
2025-12-12 10:55:00 [INFO] : 📊 工单 1949315743610830849 关键词筛选结果: 可疑=False, 置信度=0.000
2025-12-12 10:55:00 [INFO] : ⏭️ 工单 1949315743610830849 未命中关键词阈值（置信度: 0.000），判定为低风险，不保存
2025-12-12 10:55:00 [INFO] : 🔍 开始分析工单 1949315687054835712 的对话
2025-12-12 10:55:00 [INFO] : 成功从数据库加载 1 个关键词配置分类
2025-12-12 10:55:00 [INFO] : 📊 工单 1949315687054835712 关键词筛选结果: 可疑=False, 置信度=0.000
2025-12-12 10:55:00 [INFO] : ⏭️ 工单 1949315687054835712 未命中关键词阈值（置信度: 0.000），判定为低风险，不保存
2025-12-12 10:55:00 [INFO] : 🔍 开始分析工单 1949315662945976321 的对话
2025-12-12 10:55:00 [INFO] : 成功从数据库加载 1 个关键词配置分类
2025-12-12 10:55:00 [INFO] : 📊 工单 1949315662945976321 关键词筛选结果: 可疑=False, 置信度=0.000
2025-12-12 10:55:00 [INFO] : ⏭️ 工单 1949315662945976321 未命中关键词阈值（置信度: 0.000），判定为低风险，不保存
2025-12-12 10:55:00 [INFO] : 🔍 开始分析工单 1949315581094133761 的对话
2025-12-12 10:55:00 [INFO] : 成功从数据库加载 1 个关键词配置分类
2025-12-12 10:55:00 [INFO] : 📊 工单 1949315581094133761 关键词筛选结果: 可疑=False, 置信度=0.000
2025-12-12 10:55:00 [INFO] : ⏭️ 工单 1949315581094133761 未命中关键词阈值（置信度: 0.000），判定为低风险，不保存
2025-12-12 10:55:00 [INFO] : 🔍 开始分析工单 1949315580381102081 的对话
2025-12-12 10:55:00 [INFO] : 成功从数据库加载 1 个关键词配置分类
2025-12-12 10:55:00 [INFO] : 📊 工单 1949315580381102081 关键词筛选结果: 可疑=False, 置信度=0.000
2025-12-12 10:55:00 [INFO] : ⏭️ 工单 1949315580381102081 未命中关键词阈值（置信度: 0.000），判定为低风险，不保存
2025-12-12 10:55:00 [INFO] : 🔍 开始分析工单 1949315543760633857 的对话
2025-12-12 10:55:00 [INFO] : 成功从数据库加载 1 个关键词配置分类
2025-12-12 10:55:00 [INFO] : 📊 工单 1949315543760633857 关键词筛选结果: 可疑=False, 置信度=0.000
2025-12-12 10:55:00 [INFO] : ⏭️ 工单 1949315543760633857 未命中关键词阈值（置信度: 0.000），判定为低风险，不保存
2025-12-12 10:55:00 [INFO] : ⚡ 批量分析任务执行完成，开始处理和保存结果...
2025-12-12 10:55:00 [INFO] : 📊 开始处理 50 个分析结果...
2025-12-12 10:55:00 [INFO] : 工单 1949314837473394689 AI状态更新为: COMPLETED
2025-12-12 10:55:00 [INFO] : 工单 1949315483647868929 AI状态更新为: COMPLETED
2025-12-12 10:55:00 [INFO] : 工单 1949315368258371585 AI状态更新为: COMPLETED
2025-12-12 10:55:00 [INFO] : 工单 1949315256979292161 AI状态更新为: COMPLETED
2025-12-12 10:55:00 [INFO] : 工单 1949315189383888896 AI状态更新为: COMPLETED
2025-12-12 10:55:00 [INFO] : 工单 1949315179728601089 AI状态更新为: COMPLETED
2025-12-12 10:55:00 [INFO] : 工单 1949315146849452033 AI状态更新为: COMPLETED
2025-12-12 10:55:00 [INFO] : 工单 1949315031103438849 AI状态更新为: COMPLETED
2025-12-12 10:55:00 [INFO] : 工单 1949315016473706497 AI状态更新为: COMPLETED
2025-12-12 10:55:00 [INFO] : 工单 1949315009532133377 AI状态更新为: COMPLETED
2025-12-12 10:55:00 [INFO] : 工单 1949314963914883073 AI状态更新为: COMPLETED
2025-12-12 10:55:00 [INFO] : 工单 1949314957984137217 AI状态更新为: COMPLETED
2025-12-12 10:55:00 [INFO] : 工单 1949314927260860416 AI状态更新为: COMPLETED
2025-12-12 10:55:00 [INFO] : 工单 1949316352791543809 AI状态更新为: COMPLETED
2025-12-12 10:55:00 [INFO] : 工单 1949314829277724673 AI状态更新为: COMPLETED
2025-12-12 10:55:00 [INFO] : 工单 1949314684943335425 AI状态更新为: COMPLETED
2025-12-12 10:55:00 [INFO] : 工单 1949314561689518081 AI状态更新为: COMPLETED
2025-12-12 10:55:00 [INFO] : 工单 1949314493553049601 AI状态更新为: COMPLETED
2025-12-12 10:55:00 [INFO] : 工单 1949314442378346497 AI状态更新为: COMPLETED
2025-12-12 10:55:00 [INFO] : 工单 1949314410396778497 AI状态更新为: COMPLETED
2025-12-12 10:55:00 [INFO] : 工单 1949314323021037569 AI状态更新为: COMPLETED
2025-12-12 10:55:00 [INFO] : 工单 1949314142816960512 AI状态更新为: COMPLETED
2025-12-12 10:55:00 [INFO] : 工单 1949314075682930689 AI状态更新为: COMPLETED
2025-12-12 10:55:00 [INFO] : 工单 1949314047325241345 AI状态更新为: COMPLETED
2025-12-12 10:55:00 [INFO] : 工单 1949314035174342657 AI状态更新为: COMPLETED
2025-12-12 10:55:00 [INFO] : 工单 1949315562404315137 AI状态更新为: COMPLETED
2025-12-12 10:55:00 [INFO] : 工单 1949316373398159361 AI状态更新为: COMPLETED
2025-12-12 10:55:00 [INFO] : 工单 1949316303344893953 AI状态更新为: COMPLETED
2025-12-12 10:55:00 [INFO] : 工单 1949316265931702273 AI状态更新为: COMPLETED
2025-12-12 10:55:00 [INFO] : 工单 1949316259434725377 AI状态更新为: COMPLETED
2025-12-12 10:55:00 [INFO] : 工单 1949316229395120129 AI状态更新为: COMPLETED
2025-12-12 10:55:00 [INFO] : 工单 1949316206582300673 AI状态更新为: COMPLETED
2025-12-12 10:55:00 [INFO] : 工单 1949316206531969025 AI状态更新为: COMPLETED
2025-12-12 10:55:00 [INFO] : 工单 1949316187124924417 AI状态更新为: COMPLETED
2025-12-12 10:55:00 [INFO] : 工单 1949316000293847041 AI状态更新为: COMPLETED
2025-12-12 10:55:00 [INFO] : 工单 1949315985894801409 AI状态更新为: COMPLETED
2025-12-12 10:55:00 [INFO] : 工单 1949315946829053953 AI状态更新为: COMPLETED
2025-12-12 10:55:00 [INFO] : 工单 1949315911471071232 AI状态更新为: COMPLETED
2025-12-12 10:55:00 [INFO] : 工单 1949315871419662337 AI状态更新为: COMPLETED
2025-12-12 10:55:00 [INFO] : 工单 1949315844894883840 AI状态更新为: COMPLETED
2025-12-12 10:55:00 [INFO] : 工单 1949315842848063489 AI状态更新为: COMPLETED
2025-12-12 10:55:00 [INFO] : 工单 1949315806122737665 AI状态更新为: COMPLETED
2025-12-12 10:55:00 [INFO] : 工单 1949315799780950017 AI状态更新为: COMPLETED
2025-12-12 10:55:00 [INFO] : 工单 1949315763705741313 AI状态更新为: COMPLETED
2025-12-12 10:55:00 [INFO] : 工单 1949315743610830849 AI状态更新为: COMPLETED
2025-12-12 10:55:00 [INFO] : 工单 1949315687054835712 AI状态更新为: COMPLETED
2025-12-12 10:55:00 [INFO] : 工单 1949315662945976321 AI状态更新为: COMPLETED
2025-12-12 10:55:00 [INFO] : 工单 1949315581094133761 AI状态更新为: COMPLETED
2025-12-12 10:55:00 [INFO] : 工单 1949315580381102081 AI状态更新为: COMPLETED
2025-12-12 10:55:00 [INFO] : 工单 1949315543760633857 AI状态更新为: COMPLETED
2025-12-12 10:55:00 [INFO] : ========================================
2025-12-12 10:55:00 [INFO] : 🎉 批量分析完成统计:
2025-12-12 10:55:00 [INFO] :   ✅ 成功: 50
2025-12-12 10:55:00 [INFO] :   ❌ 失败: 0
2025-12-12 10:55:00 [INFO] :   📊 成功率: 100.0%
2025-12-12 10:55:00 [INFO] : ========================================
2025-12-12 10:55:00 [INFO] : 📊 步骤2: 批量分析结果 - success: True, 成功: 50, 失败: 0
2025-12-12 10:55:00 [INFO] : ================================================================================
2025-12-12 10:55:00 [INFO] : 🎉 pending分析队列处理完成 - 最终统计:
2025-12-12 10:55:00 [INFO] :   📥 拉取pending工单总数: 50
2025-12-12 10:55:00 [INFO] :   💬 有评论需分析数量: 50
2025-12-12 10:55:00 [INFO] :   🔍 实际分析处理数量: 50
2025-12-12 10:55:00 [INFO] :   ✅ 成功分析完成数量: 50
2025-12-12 10:55:00 [INFO] :   ❌ 分析失败数量: 0
2025-12-12 10:55:00 [INFO] :   ⏭️ 跳过处理数量: 0
2025-12-12 10:55:00 [INFO] :   📊 分析成功率: 100.0%
2025-12-12 10:55:00 [INFO] : ================================================================================
2025-12-12 10:55:00 [INFO] : ✅ 任务完成: SCHED_BATCH_ANALYSIS_20251212_105500_b05bd21e, 状态: completed, 耗时: 0秒
2025-12-12 10:55:00 [INFO] : ✅ 批量分析工作流完成: task_id=SCHED_BATCH_ANALYSIS_20251212_105500_b05bd21e
2025-12-12 10:55:00 [INFO] : ✅ 任务完成: SCHED_BATCH_ANALYSIS_20251212_105500_b05bd21e, 状态: completed, 耗时: 0秒
2025-12-12 10:55:00 [INFO] : ✅ APScheduler任务完成: SCHED_BATCH_ANALYSIS_20251212_105500_b05bd21e
2025-12-12 10:55:00 [INFO] : Job "客服记录分析任务 (trigger: cron[month='*', day='*', day_of_week='*', hour='*', minute='*/5'], next run at: 2025-12-12 11:00:00 CST)" executed successfully
2025-12-12 10:55:00 [INFO] : ✅ 任务执行完成: customer_service_analysis
2025-12-12 11:00:00 [INFO] : Running job "客服记录分析任务 (trigger: cron[month='*', day='*', day_of_week='*', hour='*', minute='*/5'], next run at: 2025-12-12 11:05:00 CST)" (scheduled at 2025-12-12 11:00:00+08:00)
2025-12-12 11:00:00 [INFO] : 🎯 APScheduler调用任务执行: customer_service_analysis
2025-12-12 11:00:00 [INFO] : ✅ 创建任务记录成功: SCHED_BATCH_ANALYSIS_20251212_110000_69d89bfe (客服记录分析任务)
2025-12-12 11:00:00 [INFO] : 🚀 APScheduler任务开始: SCHED_BATCH_ANALYSIS_20251212_110000_69d89bfe
2025-12-12 11:00:00 [INFO] : 🚀 开始执行批量分析工作流: task_id=SCHED_BATCH_ANALYSIS_20251212_110000_69d89bfe
2025-12-12 11:00:00 [INFO] : ================================================================================
2025-12-12 11:00:00 [INFO] : 🚀 开始处理pending分析队列
2025-12-12 11:00:00 [INFO] : ⚙️ 配置参数: batch_size=50, max_concurrent=5
2025-12-12 11:00:00 [INFO] : 🔄 步骤1: 拉取pending工单数据开始...
2025-12-12 11:00:00 [INFO] : 📋 开始拉取pending工单数据，限制 50 条
2025-12-12 11:00:00 [INFO] : 📥 正在查询数据库中的PENDING状态工单...
2025-12-12 11:00:00 [INFO] : 获取到 50 个状态为 PENDING 的工单
2025-12-12 11:00:00 [INFO] : 📊 从数据库查询到 50 个PENDING工单
2025-12-12 11:00:00 [INFO] : 💬 开始处理 50 个工单的评论数据...
2025-12-12 11:00:00 [INFO] : 📋 处理工单 1949311761450532865 (1/50) - 评论表: t_work_comment_2025
2025-12-12 11:00:00 [INFO] : 从表 t_work_comment_2025 获取工单 1949311761450532865 的 3 条完整对话记录（包含客户和客服）
2025-12-12 11:00:00 [INFO] : 💭 工单 1949311761450532865 获取到 3 条原始评论
2025-12-12 11:00:00 [INFO] : 🔍 工单 1949311761450532865 开始去噪处理 2 条有效评论...
2025-12-12 11:00:00 [INFO] : 🔍 开始过滤评论，原始数量: 2
2025-12-12 11:00:00 [INFO] : ✅ 评论过滤完成:
2025-12-12 11:00:00 [INFO] :   📥 原始数量: 2
2025-12-12 11:00:00 [INFO] :   📤 过滤后数量: 2
2025-12-12 11:00:00 [INFO] :   🗑️ 移除数量: 0
2025-12-12 11:00:00 [INFO] :   📊 过滤率: 0.0%
2025-12-12 11:00:00 [INFO] : ✅ 创建批次记录: batch_20251212_110000_6e3c05ac, 工单数: 1
2025-12-12 11:00:00 [INFO] : ✅ 更新批次统计: batch_20251212_110000_6e3c05ac, 状态: COMPLETED
2025-12-12 11:00:00 [INFO] : ✅ 保存工单 1949311761450532865 去噪记录成功，批次: batch_20251212_110000_6e3c05ac
2025-12-12 11:00:00 [INFO] : ✅ 工单 1949311761450532865 去噪完成: 2 -> 2 条评论
2025-12-12 11:00:00 [INFO] : 🧾 工单 1949311761450532865 首响开关: work_type=URGE_INSTALL, work_table_name=t_work_2025, is_after_sale=False, raw_comments=3, valid_comments=2
2025-12-12 11:00:00 [INFO] : ✅ 工单 1949311761450532865 有 2 条有效评论，构建完成对话数据
2025-12-12 11:00:00 [INFO] : 工单 1949311761450532865 AI状态更新为: PENDING
2025-12-12 11:00:00 [INFO] : 📋 处理工单 1949312109728759809 (2/50) - 评论表: t_work_comment_2025
2025-12-12 11:00:00 [INFO] : 从表 t_work_comment_2025 获取工单 1949312109728759809 的 4 条完整对话记录（包含客户和客服）
2025-12-12 11:00:00 [INFO] : 💭 工单 1949312109728759809 获取到 4 条原始评论
2025-12-12 11:00:00 [INFO] : 🔍 工单 1949312109728759809 开始去噪处理 4 条有效评论...
2025-12-12 11:00:00 [INFO] : 🔍 开始过滤评论，原始数量: 4
2025-12-12 11:00:00 [INFO] : ✅ 评论过滤完成:
2025-12-12 11:00:00 [INFO] :   📥 原始数量: 4
2025-12-12 11:00:00 [INFO] :   📤 过滤后数量: 4
2025-12-12 11:00:00 [INFO] :   🗑️ 移除数量: 0
2025-12-12 11:00:00 [INFO] :   📊 过滤率: 0.0%
2025-12-12 11:00:00 [INFO] : ✅ 创建批次记录: batch_20251212_110000_a12ad20d, 工单数: 1
2025-12-12 11:00:00 [INFO] : ✅ 更新批次统计: batch_20251212_110000_a12ad20d, 状态: COMPLETED
2025-12-12 11:00:00 [INFO] : ✅ 保存工单 1949312109728759809 去噪记录成功，批次: batch_20251212_110000_a12ad20d
2025-12-12 11:00:00 [INFO] : ✅ 工单 1949312109728759809 去噪完成: 4 -> 4 条评论
2025-12-12 11:00:00 [INFO] : 🧾 工单 1949312109728759809 首响开关: work_type=ADD_WECHAT, work_table_name=t_work_2025, is_after_sale=False, raw_comments=4, valid_comments=4
2025-12-12 11:00:00 [INFO] : ✅ 工单 1949312109728759809 有 4 条有效评论，构建完成对话数据
2025-12-12 11:00:00 [INFO] : 工单 1949312109728759809 AI状态更新为: PENDING
2025-12-12 11:00:00 [INFO] : 📋 处理工单 1949312102061572097 (3/50) - 评论表: t_work_comment_2025
2025-12-12 11:00:00 [INFO] : 从表 t_work_comment_2025 获取工单 1949312102061572097 的 6 条完整对话记录（包含客户和客服）
2025-12-12 11:00:00 [INFO] : 💭 工单 1949312102061572097 获取到 6 条原始评论
2025-12-12 11:00:00 [INFO] : 🔍 工单 1949312102061572097 开始去噪处理 6 条有效评论...
2025-12-12 11:00:00 [INFO] : 🔍 开始过滤评论，原始数量: 6
2025-12-12 11:00:00 [INFO] : ✅ 评论过滤完成:
2025-12-12 11:00:00 [INFO] :   📥 原始数量: 6
2025-12-12 11:00:00 [INFO] :   📤 过滤后数量: 6
2025-12-12 11:00:00 [INFO] :   🗑️ 移除数量: 0
2025-12-12 11:00:00 [INFO] :   📊 过滤率: 0.0%
2025-12-12 11:00:00 [INFO] : ✅ 创建批次记录: batch_20251212_110000_fe489bfa, 工单数: 1
2025-12-12 11:00:00 [INFO] : ✅ 更新批次统计: batch_20251212_110000_fe489bfa, 状态: COMPLETED
2025-12-12 11:00:00 [INFO] : ✅ 保存工单 1949312102061572097 去噪记录成功，批次: batch_20251212_110000_fe489bfa
2025-12-12 11:00:00 [INFO] : ✅ 工单 1949312102061572097 去噪完成: 6 -> 6 条评论
2025-12-12 11:00:00 [INFO] : ⏳ 工单 1949312102061572097 首响计算开始，评论总数=6
2025-12-12 11:00:00 [INFO] : 👀 工单 1949312102061572097 评论巡检: id=1949312102279675904, user_type=SELLER, oper_raw=True, is_service=False, is_customer=True, create_time=2025-07-27 11:33:16
2025-12-12 11:00:00 [INFO] : 🎯 工单 1949312102061572097 首条客户消息锁定: 2025-07-27 11:33:16
2025-12-12 11:00:00 [INFO] : 👀 工单 1949312102061572097 评论巡检: id=1949312131002269696, user_type=EMPLOYEE, oper_raw=True, is_service=True, is_customer=False, create_time=2025-07-27 11:33:23
2025-12-12 11:00:00 [INFO] : 🎯 工单 1949312102061572097 首条客服回复锁定: 2025-07-27 11:33:23
2025-12-12 11:00:00 [INFO] : ⏱️ 工单 1949312102061572097 首响计算: first_customer_message_time=2025-07-27 11:33:16, first_service_reply_time=2025-07-27 11:33:23, response_seconds=7, threshold_seconds=120, is_timeout=False
2025-12-12 11:00:00 [INFO] : 🧾 工单 1949312102061572097 首响开关: work_type=AFTER_SALE, work_table_name=t_work_2025, is_after_sale=True, raw_comments=6, valid_comments=6
2025-12-12 11:00:00 [INFO] : ✅ 工单 1949312102061572097 有 6 条有效评论，构建完成对话数据
2025-12-12 11:00:00 [INFO] : 工单 1949312102061572097 AI状态更新为: PENDING
2025-12-12 11:00:00 [INFO] : 📋 处理工单 1949312048101851137 (4/50) - 评论表: t_work_comment_2025
2025-12-12 11:00:00 [INFO] : 从表 t_work_comment_2025 获取工单 1949312048101851137 的 4 条完整对话记录（包含客户和客服）
2025-12-12 11:00:00 [INFO] : 💭 工单 1949312048101851137 获取到 4 条原始评论
2025-12-12 11:00:00 [INFO] : 🔍 工单 1949312048101851137 开始去噪处理 3 条有效评论...
2025-12-12 11:00:00 [INFO] : 🔍 开始过滤评论，原始数量: 3
2025-12-12 11:00:00 [INFO] : ✅ 评论过滤完成:
2025-12-12 11:00:00 [INFO] :   📥 原始数量: 3
2025-12-12 11:00:00 [INFO] :   📤 过滤后数量: 3
2025-12-12 11:00:00 [INFO] :   🗑️ 移除数量: 0
2025-12-12 11:00:00 [INFO] :   📊 过滤率: 0.0%
2025-12-12 11:00:00 [INFO] : ✅ 创建批次记录: batch_20251212_110000_1d82e654, 工单数: 1
2025-12-12 11:00:00 [INFO] : ✅ 更新批次统计: batch_20251212_110000_1d82e654, 状态: COMPLETED
2025-12-12 11:00:00 [INFO] : ✅ 保存工单 1949312048101851137 去噪记录成功，批次: batch_20251212_110000_1d82e654
2025-12-12 11:00:00 [INFO] : ✅ 工单 1949312048101851137 去噪完成: 3 -> 3 条评论
2025-12-12 11:00:00 [INFO] : 🧾 工单 1949312048101851137 首响开关: work_type=REVOKE, work_table_name=t_work_2025, is_after_sale=False, raw_comments=4, valid_comments=3
2025-12-12 11:00:00 [INFO] : ✅ 工单 1949312048101851137 有 3 条有效评论，构建完成对话数据
2025-12-12 11:00:00 [INFO] : 工单 1949312048101851137 AI状态更新为: PENDING
2025-12-12 11:00:00 [INFO] : 📋 处理工单 1949312036647206913 (5/50) - 评论表: t_work_comment_2025
2025-12-12 11:00:00 [INFO] : 从表 t_work_comment_2025 获取工单 1949312036647206913 的 3 条完整对话记录（包含客户和客服）
2025-12-12 11:00:00 [INFO] : 💭 工单 1949312036647206913 获取到 3 条原始评论
2025-12-12 11:00:00 [INFO] : 🔍 工单 1949312036647206913 开始去噪处理 3 条有效评论...
2025-12-12 11:00:00 [INFO] : 🔍 开始过滤评论，原始数量: 3
2025-12-12 11:00:00 [INFO] : ✅ 评论过滤完成:
2025-12-12 11:00:00 [INFO] :   📥 原始数量: 3
2025-12-12 11:00:00 [INFO] :   📤 过滤后数量: 3
2025-12-12 11:00:00 [INFO] :   🗑️ 移除数量: 0
2025-12-12 11:00:00 [INFO] :   📊 过滤率: 0.0%
2025-12-12 11:00:00 [INFO] : ✅ 创建批次记录: batch_20251212_110000_5cfeca14, 工单数: 1
2025-12-12 11:00:00 [INFO] : ✅ 更新批次统计: batch_20251212_110000_5cfeca14, 状态: COMPLETED
2025-12-12 11:00:00 [INFO] : ✅ 保存工单 1949312036647206913 去噪记录成功，批次: batch_20251212_110000_5cfeca14
2025-12-12 11:00:00 [INFO] : ✅ 工单 1949312036647206913 去噪完成: 3 -> 3 条评论
2025-12-12 11:00:00 [INFO] : 🧾 工单 1949312036647206913 首响开关: work_type=URGE_PAYMENT, work_table_name=t_work_2025, is_after_sale=False, raw_comments=3, valid_comments=3
2025-12-12 11:00:00 [INFO] : ✅ 工单 1949312036647206913 有 3 条有效评论，构建完成对话数据
2025-12-12 11:00:00 [INFO] : 工单 1949312036647206913 AI状态更新为: PENDING
2025-12-12 11:00:00 [INFO] : 📋 处理工单 1949312003134717952 (6/50) - 评论表: t_work_comment_2025
2025-12-12 11:00:00 [INFO] : 从表 t_work_comment_2025 获取工单 1949312003134717952 的 5 条完整对话记录（包含客户和客服）
2025-12-12 11:00:00 [INFO] : 💭 工单 1949312003134717952 获取到 5 条原始评论
2025-12-12 11:00:00 [INFO] : 🔍 工单 1949312003134717952 开始去噪处理 3 条有效评论...
2025-12-12 11:00:00 [INFO] : 🔍 开始过滤评论，原始数量: 3
2025-12-12 11:00:00 [INFO] : ✅ 评论过滤完成:
2025-12-12 11:00:00 [INFO] :   📥 原始数量: 3
2025-12-12 11:00:00 [INFO] :   📤 过滤后数量: 3
2025-12-12 11:00:00 [INFO] :   🗑️ 移除数量: 0
2025-12-12 11:00:00 [INFO] :   📊 过滤率: 0.0%
2025-12-12 11:00:00 [INFO] : ✅ 创建批次记录: batch_20251212_110000_5c618426, 工单数: 1
2025-12-12 11:00:00 [INFO] : ✅ 更新批次统计: batch_20251212_110000_5c618426, 状态: COMPLETED
2025-12-12 11:00:00 [INFO] : ✅ 保存工单 1949312003134717952 去噪记录成功，批次: batch_20251212_110000_5c618426
2025-12-12 11:00:00 [INFO] : ✅ 工单 1949312003134717952 去噪完成: 3 -> 3 条评论
2025-12-12 11:00:00 [INFO] : ⏳ 工单 1949312003134717952 首响计算开始，评论总数=5
2025-12-12 11:00:00 [INFO] : 👀 工单 1949312003134717952 评论巡检: id=1949312003558342656, user_type=EMPLOYEE, oper_raw=True, is_service=True, is_customer=False, create_time=2025-07-27 11:32:52
2025-12-12 11:00:00 [INFO] : 👀 工单 1949312003134717952 评论巡检: id=1949312011154227200, user_type=EMPLOYEE, oper_raw=True, is_service=True, is_customer=False, create_time=2025-07-27 11:32:54
2025-12-12 11:00:00 [INFO] : 👀 工单 1949312003134717952 评论巡检: id=1949312444430024704, user_type=EMPLOYEE, oper_raw=True, is_service=True, is_customer=False, create_time=2025-07-27 11:34:37
2025-12-12 11:00:00 [INFO] : 👀 工单 1949312003134717952 评论巡检: id=1949312567558012928, user_type=EMPLOYEE, oper_raw=True, is_service=True, is_customer=False, create_time=2025-07-27 11:35:07
2025-12-12 11:00:00 [INFO] : 👀 工单 1949312003134717952 评论巡检: id=1949395015323090944, user_type=EMPLOYEE, oper_raw=True, is_service=True, is_customer=False, create_time=2025-07-27 17:02:44
2025-12-12 11:00:00 [INFO] : ⏱️ 工单 1949312003134717952 首响计算: first_customer_message_time=None, first_service_reply_time=None, response_seconds=None, threshold_seconds=120, is_timeout=False
2025-12-12 11:00:00 [INFO] : 🧾 工单 1949312003134717952 首响开关: work_type=AFTER_SALE, work_table_name=t_work_2025, is_after_sale=True, raw_comments=5, valid_comments=3
2025-12-12 11:00:00 [INFO] : ✅ 工单 1949312003134717952 有 3 条有效评论，构建完成对话数据
2025-12-12 11:00:00 [INFO] : 工单 1949312003134717952 AI状态更新为: PENDING
2025-12-12 11:00:00 [INFO] : 📋 处理工单 1949311989532590081 (7/50) - 评论表: t_work_comment_2025
2025-12-12 11:00:00 [INFO] : 从表 t_work_comment_2025 获取工单 1949311989532590081 的 17 条完整对话记录（包含客户和客服）
2025-12-12 11:00:00 [INFO] : 💭 工单 1949311989532590081 获取到 17 条原始评论
2025-12-12 11:00:00 [INFO] : 🔍 工单 1949311989532590081 开始去噪处理 15 条有效评论...
2025-12-12 11:00:00 [INFO] : 🔍 开始过滤评论，原始数量: 15
2025-12-12 11:00:00 [INFO] : ✅ 评论过滤完成:
2025-12-12 11:00:00 [INFO] :   📥 原始数量: 15
2025-12-12 11:00:00 [INFO] :   📤 过滤后数量: 15
2025-12-12 11:00:00 [INFO] :   🗑️ 移除数量: 0
2025-12-12 11:00:00 [INFO] :   📊 过滤率: 0.0%
2025-12-12 11:00:00 [INFO] : ✅ 创建批次记录: batch_20251212_110000_dcc19457, 工单数: 1
2025-12-12 11:00:00 [INFO] : ✅ 更新批次统计: batch_20251212_110000_dcc19457, 状态: COMPLETED
2025-12-12 11:00:00 [INFO] : ✅ 保存工单 1949311989532590081 去噪记录成功，批次: batch_20251212_110000_dcc19457
2025-12-12 11:00:00 [INFO] : ✅ 工单 1949311989532590081 去噪完成: 15 -> 15 条评论
2025-12-12 11:00:00 [INFO] : ⏳ 工单 1949311989532590081 首响计算开始，评论总数=17
2025-12-12 11:00:00 [INFO] : 👀 工单 1949311989532590081 评论巡检: id=1949311989767471104, user_type=EMPLOYEE, oper_raw=True, is_service=True, is_customer=False, create_time=2025-07-27 11:32:49
2025-12-12 11:00:00 [INFO] : 👀 工单 1949311989532590081 评论巡检: id=1949312016720068608, user_type=EMPLOYEE, oper_raw=True, is_service=True, is_customer=False, create_time=2025-07-27 11:32:55
2025-12-12 11:00:00 [INFO] : 👀 工单 1949311989532590081 评论巡检: id=1949312509202661376, user_type=EMPLOYEE, oper_raw=True, is_service=True, is_customer=False, create_time=2025-07-27 11:34:53
2025-12-12 11:00:00 [INFO] : 👀 工单 1949311989532590081 评论巡检: id=1949313837438074880, user_type=EMPLOYEE, oper_raw=True, is_service=True, is_customer=False, create_time=2025-07-27 11:40:10
2025-12-12 11:00:00 [INFO] : 👀 工单 1949311989532590081 评论巡检: id=1949313957193842688, user_type=EMPLOYEE, oper_raw=True, is_service=True, is_customer=False, create_time=2025-07-27 11:40:38
2025-12-12 11:00:00 [INFO] : 👀 工单 1949311989532590081 评论巡检: id=1949315040490291200, user_type=EMPLOYEE, oper_raw=True, is_service=True, is_customer=False, create_time=2025-07-27 11:44:56
2025-12-12 11:00:00 [INFO] : 👀 工单 1949311989532590081 评论巡检: id=1949395250178949120, user_type=EMPLOYEE, oper_raw=True, is_service=True, is_customer=False, create_time=2025-07-27 17:03:40
2025-12-12 11:00:00 [INFO] : 👀 工单 1949311989532590081 评论巡检: id=1949678111293440000, user_type=EMPLOYEE, oper_raw=True, is_service=True, is_customer=False, create_time=2025-07-28 11:47:39
2025-12-12 11:00:00 [INFO] : 👀 工单 1949311989532590081 评论巡检: id=1949678153525886976, user_type=EMPLOYEE, oper_raw=True, is_service=True, is_customer=False, create_time=2025-07-28 11:47:49
2025-12-12 11:00:00 [INFO] : 👀 工单 1949311989532590081 评论巡检: id=1949678265232785408, user_type=EMPLOYEE, oper_raw=True, is_service=True, is_customer=False, create_time=2025-07-28 11:48:16
2025-12-12 11:00:00 [INFO] : 👀 工单 1949311989532590081 评论巡检: id=1949683386540883968, user_type=EMPLOYEE, oper_raw=True, is_service=True, is_customer=False, create_time=2025-07-28 12:08:37
2025-12-12 11:00:00 [INFO] : 👀 工单 1949311989532590081 评论巡检: id=1949683441293328384, user_type=EMPLOYEE, oper_raw=True, is_service=True, is_customer=False, create_time=2025-07-28 12:08:50
2025-12-12 11:00:00 [INFO] : 👀 工单 1949311989532590081 评论巡检: id=1949684248591990784, user_type=EMPLOYEE, oper_raw=True, is_service=True, is_customer=False, create_time=2025-07-28 12:12:02
2025-12-12 11:00:00 [INFO] : 👀 工单 1949311989532590081 评论巡检: id=1949687619860299776, user_type=EMPLOYEE, oper_raw=True, is_service=True, is_customer=False, create_time=2025-07-28 12:25:26
2025-12-12 11:00:00 [INFO] : 👀 工单 1949311989532590081 评论巡检: id=1949687761107681280, user_type=EMPLOYEE, oper_raw=True, is_service=True, is_customer=False, create_time=2025-07-28 12:26:00
2025-12-12 11:00:00 [INFO] : 👀 工单 1949311989532590081 评论巡检: id=1949688056093081600, user_type=EMPLOYEE, oper_raw=True, is_service=True, is_customer=False, create_time=2025-07-28 12:27:10
2025-12-12 11:00:00 [INFO] : 👀 工单 1949311989532590081 评论巡检: id=1949689682333794304, user_type=EMPLOYEE, oper_raw=True, is_service=True, is_customer=False, create_time=2025-07-28 12:33:38
2025-12-12 11:00:00 [INFO] : ⏱️ 工单 1949311989532590081 首响计算: first_customer_message_time=None, first_service_reply_time=None, response_seconds=None, threshold_seconds=120, is_timeout=False
2025-12-12 11:00:00 [INFO] : 🧾 工单 1949311989532590081 首响开关: work_type=AFTER_SALE, work_table_name=t_work_2025, is_after_sale=True, raw_comments=17, valid_comments=15
2025-12-12 11:00:00 [INFO] : ✅ 工单 1949311989532590081 有 15 条有效评论，构建完成对话数据
2025-12-12 11:00:00 [INFO] : 工单 1949311989532590081 AI状态更新为: PENDING
2025-12-12 11:00:00 [INFO] : 📋 处理工单 1949311949456015361 (8/50) - 评论表: t_work_comment_2025
2025-12-12 11:00:00 [INFO] : 从表 t_work_comment_2025 获取工单 1949311949456015361 的 7 条完整对话记录（包含客户和客服）
2025-12-12 11:00:00 [INFO] : 💭 工单 1949311949456015361 获取到 7 条原始评论
2025-12-12 11:00:00 [INFO] : 🔍 工单 1949311949456015361 开始去噪处理 7 条有效评论...
2025-12-12 11:00:00 [INFO] : 🔍 开始过滤评论，原始数量: 7
2025-12-12 11:00:00 [INFO] : ✅ 评论过滤完成:
2025-12-12 11:00:00 [INFO] :   📥 原始数量: 7
2025-12-12 11:00:00 [INFO] :   📤 过滤后数量: 7
2025-12-12 11:00:00 [INFO] :   🗑️ 移除数量: 0
2025-12-12 11:00:00 [INFO] :   📊 过滤率: 0.0%
2025-12-12 11:00:00 [INFO] : ✅ 创建批次记录: batch_20251212_110000_32097bf7, 工单数: 1
2025-12-12 11:00:00 [INFO] : ✅ 更新批次统计: batch_20251212_110000_32097bf7, 状态: COMPLETED
2025-12-12 11:00:00 [INFO] : ✅ 保存工单 1949311949456015361 去噪记录成功，批次: batch_20251212_110000_32097bf7
2025-12-12 11:00:00 [INFO] : ✅ 工单 1949311949456015361 去噪完成: 7 -> 7 条评论
2025-12-12 11:00:00 [INFO] : 🧾 工单 1949311949456015361 首响开关: work_type=REPAIR_CHU_JIU, work_table_name=t_work_2025, is_after_sale=False, raw_comments=7, valid_comments=7
2025-12-12 11:00:00 [INFO] : ✅ 工单 1949311949456015361 有 7 条有效评论，构建完成对话数据
2025-12-12 11:00:00 [INFO] : 工单 1949311949456015361 AI状态更新为: PENDING
2025-12-12 11:00:00 [INFO] : 📋 处理工单 1949311928681627649 (9/50) - 评论表: t_work_comment_2025
2025-12-12 11:00:00 [INFO] : 从表 t_work_comment_2025 获取工单 1949311928681627649 的 11 条完整对话记录（包含客户和客服）
2025-12-12 11:00:00 [INFO] : 💭 工单 1949311928681627649 获取到 11 条原始评论
2025-12-12 11:00:00 [INFO] : 🔍 工单 1949311928681627649 开始去噪处理 9 条有效评论...
2025-12-12 11:00:00 [INFO] : 🔍 开始过滤评论，原始数量: 9
2025-12-12 11:00:00 [INFO] : ✅ 评论过滤完成:
2025-12-12 11:00:00 [INFO] :   📥 原始数量: 9
2025-12-12 11:00:00 [INFO] :   📤 过滤后数量: 9
2025-12-12 11:00:00 [INFO] :   🗑️ 移除数量: 0
2025-12-12 11:00:00 [INFO] :   📊 过滤率: 0.0%
2025-12-12 11:00:00 [INFO] : ✅ 创建批次记录: batch_20251212_110000_be2d4a33, 工单数: 1
2025-12-12 11:00:00 [INFO] : ✅ 更新批次统计: batch_20251212_110000_be2d4a33, 状态: COMPLETED
2025-12-12 11:00:00 [INFO] : ✅ 保存工单 1949311928681627649 去噪记录成功，批次: batch_20251212_110000_be2d4a33
2025-12-12 11:00:00 [INFO] : ✅ 工单 1949311928681627649 去噪完成: 9 -> 9 条评论
2025-12-12 11:00:00 [INFO] : ⏳ 工单 1949311928681627649 首响计算开始，评论总数=11
2025-12-12 11:00:00 [INFO] : 👀 工单 1949311928681627649 评论巡检: id=1949311928908120064, user_type=EMPLOYEE, oper_raw=True, is_service=True, is_customer=False, create_time=2025-07-27 11:32:34
2025-12-12 11:00:00 [INFO] : 👀 工单 1949311928681627649 评论巡检: id=1949311946226401280, user_type=EMPLOYEE, oper_raw=True, is_service=True, is_customer=False, create_time=2025-07-27 11:32:39
2025-12-12 11:00:00 [INFO] : 👀 工单 1949311928681627649 评论巡检: id=1949313767917486080, user_type=EMPLOYEE, oper_raw=True, is_service=True, is_customer=False, create_time=2025-07-27 11:39:53
2025-12-12 11:00:00 [INFO] : 👀 工单 1949311928681627649 评论巡检: id=1949358009645793280, user_type=EMPLOYEE, oper_raw=True, is_service=True, is_customer=False, create_time=2025-07-27 14:35:41
2025-12-12 11:00:00 [INFO] : 👀 工单 1949311928681627649 评论巡检: id=1949358113341571072, user_type=EMPLOYEE, oper_raw=True, is_service=True, is_customer=False, create_time=2025-07-27 14:36:06
2025-12-12 11:00:00 [INFO] : 👀 工单 1949311928681627649 评论巡检: id=1950790921192734720, user_type=EMPLOYEE, oper_raw=True, is_service=True, is_customer=False, create_time=2025-07-31 13:29:34
2025-12-12 11:00:00 [INFO] : 👀 工单 1949311928681627649 评论巡检: id=1950790973533454336, user_type=EMPLOYEE, oper_raw=True, is_service=True, is_customer=False, create_time=2025-07-31 13:29:46
2025-12-12 11:00:00 [INFO] : 👀 工单 1949311928681627649 评论巡检: id=1950791640490704896, user_type=EMPLOYEE, oper_raw=True, is_service=True, is_customer=False, create_time=2025-07-31 13:32:25
2025-12-12 11:00:00 [INFO] : 👀 工单 1949311928681627649 评论巡检: id=1951124246126133248, user_type=EMPLOYEE, oper_raw=True, is_service=True, is_customer=False, create_time=2025-08-01 11:34:05
2025-12-12 11:00:00 [INFO] : 👀 工单 1949311928681627649 评论巡检: id=1951124367698034688, user_type=EMPLOYEE, oper_raw=True, is_service=True, is_customer=False, create_time=2025-08-01 11:34:34
2025-12-12 11:00:00 [INFO] : 👀 工单 1949311928681627649 评论巡检: id=1952246538684071936, user_type=EMPLOYEE, oper_raw=True, is_service=True, is_customer=False, create_time=2025-08-04 13:53:40
2025-12-12 11:00:00 [INFO] : ⏱️ 工单 1949311928681627649 首响计算: first_customer_message_time=None, first_service_reply_time=None, response_seconds=None, threshold_seconds=120, is_timeout=False
2025-12-12 11:00:00 [INFO] : 🧾 工单 1949311928681627649 首响开关: work_type=AFTER_SALE, work_table_name=t_work_2025, is_after_sale=True, raw_comments=11, valid_comments=9
2025-12-12 11:00:00 [INFO] : ✅ 工单 1949311928681627649 有 9 条有效评论，构建完成对话数据
2025-12-12 11:00:00 [INFO] : 工单 1949311928681627649 AI状态更新为: PENDING
2025-12-12 11:00:00 [INFO] : 📋 处理工单 1949311911468204033 (10/50) - 评论表: t_work_comment_2025
2025-12-12 11:00:00 [INFO] : 从表 t_work_comment_2025 获取工单 1949311911468204033 的 4 条完整对话记录（包含客户和客服）
2025-12-12 11:00:00 [INFO] : 💭 工单 1949311911468204033 获取到 4 条原始评论
2025-12-12 11:00:00 [INFO] : 🔍 工单 1949311911468204033 开始去噪处理 4 条有效评论...
2025-12-12 11:00:00 [INFO] : 🔍 开始过滤评论，原始数量: 4
2025-12-12 11:00:00 [INFO] : ✅ 评论过滤完成:
2025-12-12 11:00:00 [INFO] :   📥 原始数量: 4
2025-12-12 11:00:00 [INFO] :   📤 过滤后数量: 4
2025-12-12 11:00:00 [INFO] :   🗑️ 移除数量: 0
2025-12-12 11:00:00 [INFO] :   📊 过滤率: 0.0%
2025-12-12 11:00:00 [INFO] : ✅ 创建批次记录: batch_20251212_110000_3054f60e, 工单数: 1
2025-12-12 11:00:00 [INFO] : ✅ 更新批次统计: batch_20251212_110000_3054f60e, 状态: COMPLETED
2025-12-12 11:00:00 [INFO] : ✅ 保存工单 1949311911468204033 去噪记录成功，批次: batch_20251212_110000_3054f60e
2025-12-12 11:00:00 [INFO] : ✅ 工单 1949311911468204033 去噪完成: 4 -> 4 条评论
2025-12-12 11:00:00 [INFO] : 🧾 工单 1949311911468204033 首响开关: work_type=EXCHANGE, work_table_name=t_work_2025, is_after_sale=False, raw_comments=4, valid_comments=4
2025-12-12 11:00:00 [INFO] : ✅ 工单 1949311911468204033 有 4 条有效评论，构建完成对话数据
2025-12-12 11:00:00 [INFO] : 工单 1949311911468204033 AI状态更新为: PENDING
2025-12-12 11:00:00 [INFO] : 📋 处理工单 1949311879180451841 (11/50) - 评论表: t_work_comment_2025
2025-12-12 11:00:00 [INFO] : 从表 t_work_comment_2025 获取工单 1949311879180451841 的 7 条完整对话记录（包含客户和客服）
2025-12-12 11:00:00 [INFO] : 💭 工单 1949311879180451841 获取到 7 条原始评论
2025-12-12 11:00:00 [INFO] : 🔍 工单 1949311879180451841 开始去噪处理 6 条有效评论...
2025-12-12 11:00:00 [INFO] : 🔍 开始过滤评论，原始数量: 6
2025-12-12 11:00:00 [INFO] : ✅ 评论过滤完成:
2025-12-12 11:00:00 [INFO] :   📥 原始数量: 6
2025-12-12 11:00:00 [INFO] :   📤 过滤后数量: 6
2025-12-12 11:00:00 [INFO] :   🗑️ 移除数量: 0
2025-12-12 11:00:00 [INFO] :   📊 过滤率: 0.0%
2025-12-12 11:00:00 [INFO] : ✅ 创建批次记录: batch_20251212_110000_4d62ba22, 工单数: 1
2025-12-12 11:00:00 [INFO] : ✅ 更新批次统计: batch_20251212_110000_4d62ba22, 状态: COMPLETED
2025-12-12 11:00:00 [INFO] : ✅ 保存工单 1949311879180451841 去噪记录成功，批次: batch_20251212_110000_4d62ba22
2025-12-12 11:00:00 [INFO] : ✅ 工单 1949311879180451841 去噪完成: 6 -> 6 条评论
2025-12-12 11:00:00 [INFO] : 🧾 工单 1949311879180451841 首响开关: work_type=EXCHANGE, work_table_name=t_work_2025, is_after_sale=False, raw_comments=7, valid_comments=6
2025-12-12 11:00:00 [INFO] : ✅ 工单 1949311879180451841 有 6 条有效评论，构建完成对话数据
2025-12-12 11:00:00 [INFO] : 工单 1949311879180451841 AI状态更新为: PENDING
2025-12-12 11:00:00 [INFO] : 📋 处理工单 1949311872817692673 (12/50) - 评论表: t_work_comment_2025
2025-12-12 11:00:00 [INFO] : 从表 t_work_comment_2025 获取工单 1949311872817692673 的 8 条完整对话记录（包含客户和客服）
2025-12-12 11:00:00 [INFO] : 💭 工单 1949311872817692673 获取到 8 条原始评论
2025-12-12 11:00:00 [INFO] : 🔍 工单 1949311872817692673 开始去噪处理 8 条有效评论...
2025-12-12 11:00:00 [INFO] : 🔍 开始过滤评论，原始数量: 8
2025-12-12 11:00:00 [INFO] : ✅ 评论过滤完成:
2025-12-12 11:00:00 [INFO] :   📥 原始数量: 8
2025-12-12 11:00:00 [INFO] :   📤 过滤后数量: 8
2025-12-12 11:00:00 [INFO] :   🗑️ 移除数量: 0
2025-12-12 11:00:00 [INFO] :   📊 过滤率: 0.0%
2025-12-12 11:00:00 [INFO] : ✅ 创建批次记录: batch_20251212_110000_883301ec, 工单数: 1
2025-12-12 11:00:00 [INFO] : ✅ 更新批次统计: batch_20251212_110000_883301ec, 状态: COMPLETED
2025-12-12 11:00:00 [INFO] : ✅ 保存工单 1949311872817692673 去噪记录成功，批次: batch_20251212_110000_883301ec
2025-12-12 11:00:00 [INFO] : ✅ 工单 1949311872817692673 去噪完成: 8 -> 8 条评论
2025-12-12 11:00:00 [INFO] : 🧾 工单 1949311872817692673 首响开关: work_type=URGE_HF, work_table_name=t_work_2025, is_after_sale=False, raw_comments=8, valid_comments=8
2025-12-12 11:00:00 [INFO] : ✅ 工单 1949311872817692673 有 8 条有效评论，构建完成对话数据
2025-12-12 11:00:00 [INFO] : 工单 1949311872817692673 AI状态更新为: PENDING
2025-12-12 11:00:00 [INFO] : 📋 处理工单 1949311866404601857 (13/50) - 评论表: t_work_comment_2025
2025-12-12 11:00:00 [INFO] : 从表 t_work_comment_2025 获取工单 1949311866404601857 的 4 条完整对话记录（包含客户和客服）
2025-12-12 11:00:00 [INFO] : 💭 工单 1949311866404601857 获取到 4 条原始评论
2025-12-12 11:00:00 [INFO] : 🔍 工单 1949311866404601857 开始去噪处理 3 条有效评论...
2025-12-12 11:00:00 [INFO] : 🔍 开始过滤评论，原始数量: 3
2025-12-12 11:00:00 [INFO] : ✅ 评论过滤完成:
2025-12-12 11:00:00 [INFO] :   📥 原始数量: 3
2025-12-12 11:00:00 [INFO] :   📤 过滤后数量: 3
2025-12-12 11:00:00 [INFO] :   🗑️ 移除数量: 0
2025-12-12 11:00:00 [INFO] :   📊 过滤率: 0.0%
2025-12-12 11:00:00 [INFO] : ✅ 创建批次记录: batch_20251212_110000_f032ea2d, 工单数: 1
2025-12-12 11:00:00 [INFO] : ✅ 更新批次统计: batch_20251212_110000_f032ea2d, 状态: COMPLETED
2025-12-12 11:00:00 [INFO] : ✅ 保存工单 1949311866404601857 去噪记录成功，批次: batch_20251212_110000_f032ea2d
2025-12-12 11:00:00 [INFO] : ✅ 工单 1949311866404601857 去噪完成: 3 -> 3 条评论
2025-12-12 11:00:00 [INFO] : ⏳ 工单 1949311866404601857 首响计算开始，评论总数=4
2025-12-12 11:00:00 [INFO] : 👀 工单 1949311866404601857 评论巡检: id=1949311866618511360, user_type=EMPLOYEE, oper_raw=True, is_service=True, is_customer=False, create_time=2025-07-27 11:32:20
2025-12-12 11:00:00 [INFO] : 👀 工单 1949311866404601857 评论巡检: id=1949311884926648320, user_type=EMPLOYEE, oper_raw=True, is_service=True, is_customer=False, create_time=2025-07-27 11:32:24
2025-12-12 11:00:00 [INFO] : 👀 工单 1949311866404601857 评论巡检: id=1949312269242335232, user_type=EMPLOYEE, oper_raw=True, is_service=True, is_customer=False, create_time=2025-07-27 11:33:56
2025-12-12 11:00:00 [INFO] : 👀 工单 1949311866404601857 评论巡检: id=1949993738021371904, user_type=EMPLOYEE, oper_raw=True, is_service=True, is_customer=False, create_time=2025-07-29 08:41:50
2025-12-12 11:00:00 [INFO] : ⏱️ 工单 1949311866404601857 首响计算: first_customer_message_time=None, first_service_reply_time=None, response_seconds=None, threshold_seconds=120, is_timeout=False
2025-12-12 11:00:00 [INFO] : 🧾 工单 1949311866404601857 首响开关: work_type=AFTER_SALE, work_table_name=t_work_2025, is_after_sale=True, raw_comments=4, valid_comments=3
2025-12-12 11:00:00 [INFO] : ✅ 工单 1949311866404601857 有 3 条有效评论，构建完成对话数据
2025-12-12 11:00:00 [INFO] : 工单 1949311866404601857 AI状态更新为: PENDING
2025-12-12 11:00:00 [INFO] : 📋 处理工单 1949313974063333376 (14/50) - 评论表: t_work_comment_2025
2025-12-12 11:00:00 [INFO] : 从表 t_work_comment_2025 获取工单 1949313974063333376 的 4 条完整对话记录（包含客户和客服）
2025-12-12 11:00:00 [INFO] : 💭 工单 1949313974063333376 获取到 4 条原始评论
2025-12-12 11:00:00 [INFO] : 🔍 工单 1949313974063333376 开始去噪处理 4 条有效评论...
2025-12-12 11:00:00 [INFO] : 🔍 开始过滤评论，原始数量: 4
2025-12-12 11:00:00 [INFO] : ✅ 评论过滤完成:
2025-12-12 11:00:00 [INFO] :   📥 原始数量: 4
2025-12-12 11:00:00 [INFO] :   📤 过滤后数量: 4
2025-12-12 11:00:00 [INFO] :   🗑️ 移除数量: 0
2025-12-12 11:00:00 [INFO] :   📊 过滤率: 0.0%
2025-12-12 11:00:00 [INFO] : ✅ 创建批次记录: batch_20251212_110000_cf0bd49f, 工单数: 1
2025-12-12 11:00:00 [INFO] : ✅ 更新批次统计: batch_20251212_110000_cf0bd49f, 状态: COMPLETED
2025-12-12 11:00:00 [INFO] : ✅ 保存工单 1949313974063333376 去噪记录成功，批次: batch_20251212_110000_cf0bd49f
2025-12-12 11:00:00 [INFO] : ✅ 工单 1949313974063333376 去噪完成: 4 -> 4 条评论
2025-12-12 11:00:00 [INFO] : ⏳ 工单 1949313974063333376 首响计算开始，评论总数=4
2025-12-12 11:00:00 [INFO] : 👀 工单 1949313974063333376 评论巡检: id=1949313974289825792, user_type=SELLER, oper_raw=True, is_service=False, is_customer=True, create_time=2025-07-27 11:40:42
2025-12-12 11:00:00 [INFO] : 🎯 工单 1949313974063333376 首条客户消息锁定: 2025-07-27 11:40:42
2025-12-12 11:00:00 [INFO] : 👀 工单 1949313974063333376 评论巡检: id=1949314059878793216, user_type=EMPLOYEE, oper_raw=True, is_service=True, is_customer=False, create_time=2025-07-27 11:41:03
2025-12-12 11:00:00 [INFO] : 🎯 工单 1949313974063333376 首条客服回复锁定: 2025-07-27 11:41:03
2025-12-12 11:00:00 [INFO] : ⏱️ 工单 1949313974063333376 首响计算: first_customer_message_time=2025-07-27 11:40:42, first_service_reply_time=2025-07-27 11:41:03, response_seconds=21, threshold_seconds=120, is_timeout=False
2025-12-12 11:00:00 [INFO] : 🧾 工单 1949313974063333376 首响开关: work_type=AFTER_SALE, work_table_name=t_work_2025, is_after_sale=True, raw_comments=4, valid_comments=4
2025-12-12 11:00:00 [INFO] : ✅ 工单 1949313974063333376 有 4 条有效评论，构建完成对话数据
2025-12-12 11:00:00 [INFO] : 工单 1949313974063333376 AI状态更新为: PENDING
2025-12-12 11:00:00 [INFO] : 📋 处理工单 1949311732899905537 (15/50) - 评论表: t_work_comment_2025
2025-12-12 11:00:00 [INFO] : 从表 t_work_comment_2025 获取工单 1949311732899905537 的 4 条完整对话记录（包含客户和客服）
2025-12-12 11:00:00 [INFO] : 💭 工单 1949311732899905537 获取到 4 条原始评论
2025-12-12 11:00:00 [INFO] : 🔍 工单 1949311732899905537 开始去噪处理 4 条有效评论...
2025-12-12 11:00:00 [INFO] : 🔍 开始过滤评论，原始数量: 4
2025-12-12 11:00:00 [INFO] : ✅ 评论过滤完成:
2025-12-12 11:00:00 [INFO] :   📥 原始数量: 4
2025-12-12 11:00:00 [INFO] :   📤 过滤后数量: 4
2025-12-12 11:00:00 [INFO] :   🗑️ 移除数量: 0
2025-12-12 11:00:00 [INFO] :   📊 过滤率: 0.0%
2025-12-12 11:00:00 [INFO] : ✅ 创建批次记录: batch_20251212_110000_6ebf3b91, 工单数: 1
2025-12-12 11:00:00 [INFO] : ✅ 更新批次统计: batch_20251212_110000_6ebf3b91, 状态: COMPLETED
2025-12-12 11:00:00 [INFO] : ✅ 保存工单 1949311732899905537 去噪记录成功，批次: batch_20251212_110000_6ebf3b91
2025-12-12 11:00:00 [INFO] : ✅ 工单 1949311732899905537 去噪完成: 4 -> 4 条评论
2025-12-12 11:00:00 [INFO] : 🧾 工单 1949311732899905537 首响开关: work_type=EXCHANGE, work_table_name=t_work_2025, is_after_sale=False, raw_comments=4, valid_comments=4
2025-12-12 11:00:00 [INFO] : ✅ 工单 1949311732899905537 有 4 条有效评论，构建完成对话数据
2025-12-12 11:00:00 [INFO] : 工单 1949311732899905537 AI状态更新为: PENDING
2025-12-12 11:00:00 [INFO] : 📋 处理工单 1949311721516564481 (16/50) - 评论表: t_work_comment_2025
2025-12-12 11:00:00 [INFO] : 从表 t_work_comment_2025 获取工单 1949311721516564481 的 5 条完整对话记录（包含客户和客服）
2025-12-12 11:00:00 [INFO] : 💭 工单 1949311721516564481 获取到 5 条原始评论
2025-12-12 11:00:00 [INFO] : 🔍 工单 1949311721516564481 开始去噪处理 5 条有效评论...
2025-12-12 11:00:00 [INFO] : 🔍 开始过滤评论，原始数量: 5
2025-12-12 11:00:00 [INFO] : ✅ 评论过滤完成:
2025-12-12 11:00:00 [INFO] :   📥 原始数量: 5
2025-12-12 11:00:00 [INFO] :   📤 过滤后数量: 5
2025-12-12 11:00:00 [INFO] :   🗑️ 移除数量: 0
2025-12-12 11:00:00 [INFO] :   📊 过滤率: 0.0%
2025-12-12 11:00:00 [INFO] : ✅ 创建批次记录: batch_20251212_110000_9ff24e16, 工单数: 1
2025-12-12 11:00:00 [INFO] : ✅ 更新批次统计: batch_20251212_110000_9ff24e16, 状态: COMPLETED
2025-12-12 11:00:00 [INFO] : ✅ 保存工单 1949311721516564481 去噪记录成功，批次: batch_20251212_110000_9ff24e16
2025-12-12 11:00:00 [INFO] : ✅ 工单 1949311721516564481 去噪完成: 5 -> 5 条评论
2025-12-12 11:00:00 [INFO] : 🧾 工单 1949311721516564481 首响开关: work_type=URGE_INSTALL, work_table_name=t_work_2025, is_after_sale=False, raw_comments=5, valid_comments=5
2025-12-12 11:00:00 [INFO] : ✅ 工单 1949311721516564481 有 5 条有效评论，构建完成对话数据
2025-12-12 11:00:00 [INFO] : 工单 1949311721516564481 AI状态更新为: PENDING
2025-12-12 11:00:00 [INFO] : 📋 处理工单 1949311694572355584 (17/50) - 评论表: t_work_comment_2025
2025-12-12 11:00:00 [INFO] : 从表 t_work_comment_2025 获取工单 1949311694572355584 的 9 条完整对话记录（包含客户和客服）
2025-12-12 11:00:00 [INFO] : 💭 工单 1949311694572355584 获取到 9 条原始评论
2025-12-12 11:00:00 [INFO] : 🔍 工单 1949311694572355584 开始去噪处理 9 条有效评论...
2025-12-12 11:00:00 [INFO] : 🔍 开始过滤评论，原始数量: 9
2025-12-12 11:00:00 [INFO] : ✅ 评论过滤完成:
2025-12-12 11:00:00 [INFO] :   📥 原始数量: 9
2025-12-12 11:00:00 [INFO] :   📤 过滤后数量: 9
2025-12-12 11:00:00 [INFO] :   🗑️ 移除数量: 0
2025-12-12 11:00:00 [INFO] :   📊 过滤率: 0.0%
2025-12-12 11:00:00 [INFO] : ✅ 创建批次记录: batch_20251212_110000_60e3d541, 工单数: 1
2025-12-12 11:00:00 [INFO] : ✅ 更新批次统计: batch_20251212_110000_60e3d541, 状态: COMPLETED
2025-12-12 11:00:00 [INFO] : ✅ 保存工单 1949311694572355584 去噪记录成功，批次: batch_20251212_110000_60e3d541
2025-12-12 11:00:00 [INFO] : ✅ 工单 1949311694572355584 去噪完成: 9 -> 9 条评论
2025-12-12 11:00:00 [INFO] : ⏳ 工单 1949311694572355584 首响计算开始，评论总数=9
2025-12-12 11:00:00 [INFO] : 👀 工单 1949311694572355584 评论巡检: id=1949311694798848000, user_type=EMPLOYEE, oper_raw=True, is_service=True, is_customer=False, create_time=2025-07-27 11:31:39
2025-12-12 11:00:00 [INFO] : 👀 工单 1949311694572355584 评论巡检: id=1949311734023979008, user_type=EMPLOYEE, oper_raw=True, is_service=True, is_customer=False, create_time=2025-07-27 11:31:48
2025-12-12 11:00:00 [INFO] : 👀 工单 1949311694572355584 评论巡检: id=1949313861706317824, user_type=EMPLOYEE, oper_raw=True, is_service=True, is_customer=False, create_time=2025-07-27 11:40:15
2025-12-12 11:00:00 [INFO] : 👀 工单 1949311694572355584 评论巡检: id=1949324889009684480, user_type=EMPLOYEE, oper_raw=True, is_service=True, is_customer=False, create_time=2025-07-27 12:24:04
2025-12-12 11:00:00 [INFO] : 👀 工单 1949311694572355584 评论巡检: id=1949325304665210880, user_type=EMPLOYEE, oper_raw=True, is_service=True, is_customer=False, create_time=2025-07-27 12:25:44
2025-12-12 11:00:00 [INFO] : 👀 工单 1949311694572355584 评论巡检: id=1949325474089926656, user_type=EMPLOYEE, oper_raw=True, is_service=True, is_customer=False, create_time=2025-07-27 12:26:24
2025-12-12 11:00:00 [INFO] : 👀 工单 1949311694572355584 评论巡检: id=1949325528380997632, user_type=EMPLOYEE, oper_raw=True, is_service=True, is_customer=False, create_time=2025-07-27 12:26:37
2025-12-12 11:00:00 [INFO] : 👀 工单 1949311694572355584 评论巡检: id=1949326024873345024, user_type=EMPLOYEE, oper_raw=True, is_service=True, is_customer=False, create_time=2025-07-27 12:28:35
2025-12-12 11:00:00 [INFO] : 👀 工单 1949311694572355584 评论巡检: id=1949328338648563712, user_type=EMPLOYEE, oper_raw=True, is_service=True, is_customer=False, create_time=2025-07-27 12:37:47
2025-12-12 11:00:00 [INFO] : ⏱️ 工单 1949311694572355584 首响计算: first_customer_message_time=None, first_service_reply_time=None, response_seconds=None, threshold_seconds=120, is_timeout=False
2025-12-12 11:00:00 [INFO] : 🧾 工单 1949311694572355584 首响开关: work_type=AFTER_SALE, work_table_name=t_work_2025, is_after_sale=True, raw_comments=9, valid_comments=9
2025-12-12 11:00:00 [INFO] : ✅ 工单 1949311694572355584 有 9 条有效评论，构建完成对话数据
2025-12-12 11:00:00 [INFO] : 工单 1949311694572355584 AI状态更新为: PENDING
2025-12-12 11:00:00 [INFO] : 📋 处理工单 1949311671302356993 (18/50) - 评论表: t_work_comment_2025
2025-12-12 11:00:00 [INFO] : 从表 t_work_comment_2025 获取工单 1949311671302356993 的 10 条完整对话记录（包含客户和客服）
2025-12-12 11:00:00 [INFO] : 💭 工单 1949311671302356993 获取到 10 条原始评论
2025-12-12 11:00:00 [INFO] : 🔍 工单 1949311671302356993 开始去噪处理 9 条有效评论...
2025-12-12 11:00:00 [INFO] : 🔍 开始过滤评论，原始数量: 9
2025-12-12 11:00:00 [INFO] : ✅ 评论过滤完成:
2025-12-12 11:00:00 [INFO] :   📥 原始数量: 9
2025-12-12 11:00:00 [INFO] :   📤 过滤后数量: 9
2025-12-12 11:00:00 [INFO] :   🗑️ 移除数量: 0
2025-12-12 11:00:00 [INFO] :   📊 过滤率: 0.0%
2025-12-12 11:00:00 [INFO] : ✅ 创建批次记录: batch_20251212_110000_d5e3f999, 工单数: 1
2025-12-12 11:00:00 [INFO] : ✅ 更新批次统计: batch_20251212_110000_d5e3f999, 状态: COMPLETED
2025-12-12 11:00:00 [INFO] : ✅ 保存工单 1949311671302356993 去噪记录成功，批次: batch_20251212_110000_d5e3f999
2025-12-12 11:00:00 [INFO] : ✅ 工单 1949311671302356993 去噪完成: 9 -> 9 条评论
2025-12-12 11:00:00 [INFO] : ⏳ 工单 1949311671302356993 首响计算开始，评论总数=10
2025-12-12 11:00:00 [INFO] : 👀 工单 1949311671302356993 评论巡检: id=1949311671524655104, user_type=SELLER, oper_raw=True, is_service=False, is_customer=True, create_time=2025-07-27 11:31:33
2025-12-12 11:00:00 [INFO] : 🎯 工单 1949311671302356993 首条客户消息锁定: 2025-07-27 11:31:33
2025-12-12 11:00:00 [INFO] : 👀 工单 1949311671302356993 评论巡检: id=1949311722137321472, user_type=EMPLOYEE, oper_raw=True, is_service=True, is_customer=False, create_time=2025-07-27 11:31:45
2025-12-12 11:00:00 [INFO] : 🎯 工单 1949311671302356993 首条客服回复锁定: 2025-07-27 11:31:45
2025-12-12 11:00:00 [INFO] : ⏱️ 工单 1949311671302356993 首响计算: first_customer_message_time=2025-07-27 11:31:33, first_service_reply_time=2025-07-27 11:31:45, response_seconds=12, threshold_seconds=120, is_timeout=False
2025-12-12 11:00:00 [INFO] : 🧾 工单 1949311671302356993 首响开关: work_type=AFTER_SALE, work_table_name=t_work_2025, is_after_sale=True, raw_comments=10, valid_comments=9
2025-12-12 11:00:00 [INFO] : ✅ 工单 1949311671302356993 有 9 条有效评论，构建完成对话数据
2025-12-12 11:00:00 [INFO] : 工单 1949311671302356993 AI状态更新为: PENDING
2025-12-12 11:00:00 [INFO] : 📋 处理工单 1949311647721979904 (19/50) - 评论表: t_work_comment_2025
2025-12-12 11:00:00 [INFO] : 从表 t_work_comment_2025 获取工单 1949311647721979904 的 4 条完整对话记录（包含客户和客服）
2025-12-12 11:00:00 [INFO] : 💭 工单 1949311647721979904 获取到 4 条原始评论
2025-12-12 11:00:00 [INFO] : 🔍 工单 1949311647721979904 开始去噪处理 4 条有效评论...
2025-12-12 11:00:00 [INFO] : 🔍 开始过滤评论，原始数量: 4
2025-12-12 11:00:00 [INFO] : ✅ 评论过滤完成:
2025-12-12 11:00:00 [INFO] :   📥 原始数量: 4
2025-12-12 11:00:00 [INFO] :   📤 过滤后数量: 4
2025-12-12 11:00:00 [INFO] :   🗑️ 移除数量: 0
2025-12-12 11:00:00 [INFO] :   📊 过滤率: 0.0%
2025-12-12 11:00:00 [INFO] : ✅ 创建批次记录: batch_20251212_110000_e54f7da1, 工单数: 1
2025-12-12 11:00:00 [INFO] : ✅ 更新批次统计: batch_20251212_110000_e54f7da1, 状态: COMPLETED
2025-12-12 11:00:00 [INFO] : ✅ 保存工单 1949311647721979904 去噪记录成功，批次: batch_20251212_110000_e54f7da1
2025-12-12 11:00:00 [INFO] : ✅ 工单 1949311647721979904 去噪完成: 4 -> 4 条评论
2025-12-12 11:00:00 [INFO] : 🧾 工单 1949311647721979904 首响开关: work_type=URGE_INSTALL, work_table_name=t_work_2025, is_after_sale=False, raw_comments=4, valid_comments=4
2025-12-12 11:00:00 [INFO] : ✅ 工单 1949311647721979904 有 4 条有效评论，构建完成对话数据
2025-12-12 11:00:00 [INFO] : 工单 1949311647721979904 AI状态更新为: PENDING
2025-12-12 11:00:00 [INFO] : 📋 处理工单 1949311469677969409 (20/50) - 评论表: t_work_comment_2025
2025-12-12 11:00:00 [INFO] : 从表 t_work_comment_2025 获取工单 1949311469677969409 的 7 条完整对话记录（包含客户和客服）
2025-12-12 11:00:00 [INFO] : 💭 工单 1949311469677969409 获取到 7 条原始评论
2025-12-12 11:00:00 [INFO] : 🔍 工单 1949311469677969409 开始去噪处理 7 条有效评论...
2025-12-12 11:00:00 [INFO] : 🔍 开始过滤评论，原始数量: 7
2025-12-12 11:00:00 [INFO] : ✅ 评论过滤完成:
2025-12-12 11:00:00 [INFO] :   📥 原始数量: 7
2025-12-12 11:00:00 [INFO] :   📤 过滤后数量: 7
2025-12-12 11:00:00 [INFO] :   🗑️ 移除数量: 0
2025-12-12 11:00:00 [INFO] :   📊 过滤率: 0.0%
2025-12-12 11:00:00 [INFO] : ✅ 创建批次记录: batch_20251212_110000_80980bb3, 工单数: 1
2025-12-12 11:00:00 [INFO] : ✅ 更新批次统计: batch_20251212_110000_80980bb3, 状态: COMPLETED
2025-12-12 11:00:00 [INFO] : ✅ 保存工单 1949311469677969409 去噪记录成功，批次: batch_20251212_110000_80980bb3
2025-12-12 11:00:00 [INFO] : ✅ 工单 1949311469677969409 去噪完成: 7 -> 7 条评论
2025-12-12 11:00:00 [INFO] : 🧾 工单 1949311469677969409 首响开关: work_type=ADD_WECHAT, work_table_name=t_work_2025, is_after_sale=False, raw_comments=7, valid_comments=7
2025-12-12 11:00:00 [INFO] : ✅ 工单 1949311469677969409 有 7 条有效评论，构建完成对话数据
2025-12-12 11:00:00 [INFO] : 工单 1949311469677969409 AI状态更新为: PENDING
2025-12-12 11:00:00 [INFO] : 📋 处理工单 1949311435611832321 (21/50) - 评论表: t_work_comment_2025
2025-12-12 11:00:00 [INFO] : 从表 t_work_comment_2025 获取工单 1949311435611832321 的 5 条完整对话记录（包含客户和客服）
2025-12-12 11:00:00 [INFO] : 💭 工单 1949311435611832321 获取到 5 条原始评论
2025-12-12 11:00:00 [INFO] : 🔍 工单 1949311435611832321 开始去噪处理 4 条有效评论...
2025-12-12 11:00:00 [INFO] : 🔍 开始过滤评论，原始数量: 4
2025-12-12 11:00:00 [INFO] : ✅ 评论过滤完成:
2025-12-12 11:00:00 [INFO] :   📥 原始数量: 4
2025-12-12 11:00:00 [INFO] :   📤 过滤后数量: 4
2025-12-12 11:00:00 [INFO] :   🗑️ 移除数量: 0
2025-12-12 11:00:00 [INFO] :   📊 过滤率: 0.0%
2025-12-12 11:00:00 [INFO] : ✅ 创建批次记录: batch_20251212_110000_8a49f431, 工单数: 1
2025-12-12 11:00:00 [INFO] : ✅ 更新批次统计: batch_20251212_110000_8a49f431, 状态: COMPLETED
2025-12-12 11:00:00 [INFO] : ✅ 保存工单 1949311435611832321 去噪记录成功，批次: batch_20251212_110000_8a49f431
2025-12-12 11:00:00 [INFO] : ✅ 工单 1949311435611832321 去噪完成: 4 -> 4 条评论
2025-12-12 11:00:00 [INFO] : 🧾 工单 1949311435611832321 首响开关: work_type=URGE_PAYMENT, work_table_name=t_work_2025, is_after_sale=False, raw_comments=5, valid_comments=4
2025-12-12 11:00:00 [INFO] : ✅ 工单 1949311435611832321 有 4 条有效评论，构建完成对话数据
2025-12-12 11:00:00 [INFO] : 工单 1949311435611832321 AI状态更新为: PENDING
2025-12-12 11:00:00 [INFO] : 📋 处理工单 1949311361947271169 (22/50) - 评论表: t_work_comment_2025
2025-12-12 11:00:00 [INFO] : 从表 t_work_comment_2025 获取工单 1949311361947271169 的 4 条完整对话记录（包含客户和客服）
2025-12-12 11:00:00 [INFO] : 💭 工单 1949311361947271169 获取到 4 条原始评论
2025-12-12 11:00:00 [INFO] : 🔍 工单 1949311361947271169 开始去噪处理 4 条有效评论...
2025-12-12 11:00:00 [INFO] : 🔍 开始过滤评论，原始数量: 4
2025-12-12 11:00:00 [INFO] : ✅ 评论过滤完成:
2025-12-12 11:00:00 [INFO] :   📥 原始数量: 4
2025-12-12 11:00:00 [INFO] :   📤 过滤后数量: 4
2025-12-12 11:00:00 [INFO] :   🗑️ 移除数量: 0
2025-12-12 11:00:00 [INFO] :   📊 过滤率: 0.0%
2025-12-12 11:00:00 [INFO] : ✅ 创建批次记录: batch_20251212_110000_b5d772d0, 工单数: 1
2025-12-12 11:00:00 [INFO] : ✅ 更新批次统计: batch_20251212_110000_b5d772d0, 状态: COMPLETED
2025-12-12 11:00:00 [INFO] : ✅ 保存工单 1949311361947271169 去噪记录成功，批次: batch_20251212_110000_b5d772d0
2025-12-12 11:00:00 [INFO] : ✅ 工单 1949311361947271169 去噪完成: 4 -> 4 条评论
2025-12-12 11:00:00 [INFO] : ⏳ 工单 1949311361947271169 首响计算开始，评论总数=4
2025-12-12 11:00:00 [INFO] : 👀 工单 1949311361947271169 评论巡检: id=1949311362266038272, user_type=SELLER, oper_raw=True, is_service=False, is_customer=True, create_time=2025-07-27 11:30:19
2025-12-12 11:00:00 [INFO] : 🎯 工单 1949311361947271169 首条客户消息锁定: 2025-07-27 11:30:19
2025-12-12 11:00:00 [INFO] : 👀 工单 1949311361947271169 评论巡检: id=1949311399821836288, user_type=EMPLOYEE, oper_raw=True, is_service=True, is_customer=False, create_time=2025-07-27 11:30:28
2025-12-12 11:00:00 [INFO] : 🎯 工单 1949311361947271169 首条客服回复锁定: 2025-07-27 11:30:28
2025-12-12 11:00:00 [INFO] : ⏱️ 工单 1949311361947271169 首响计算: first_customer_message_time=2025-07-27 11:30:19, first_service_reply_time=2025-07-27 11:30:28, response_seconds=9, threshold_seconds=120, is_timeout=False
2025-12-12 11:00:00 [INFO] : 🧾 工单 1949311361947271169 首响开关: work_type=AFTER_SALE, work_table_name=t_work_2025, is_after_sale=True, raw_comments=4, valid_comments=4
2025-12-12 11:00:00 [INFO] : ✅ 工单 1949311361947271169 有 4 条有效评论，构建完成对话数据
2025-12-12 11:00:00 [INFO] : 工单 1949311361947271169 AI状态更新为: PENDING
2025-12-12 11:00:00 [INFO] : 📋 处理工单 1949311351373430785 (23/50) - 评论表: t_work_comment_2025
2025-12-12 11:00:00 [INFO] : 从表 t_work_comment_2025 获取工单 1949311351373430785 的 6 条完整对话记录（包含客户和客服）
2025-12-12 11:00:00 [INFO] : 💭 工单 1949311351373430785 获取到 6 条原始评论
2025-12-12 11:00:00 [INFO] : 🔍 工单 1949311351373430785 开始去噪处理 6 条有效评论...
2025-12-12 11:00:00 [INFO] : 🔍 开始过滤评论，原始数量: 6
2025-12-12 11:00:00 [INFO] : ✅ 评论过滤完成:
2025-12-12 11:00:00 [INFO] :   📥 原始数量: 6
2025-12-12 11:00:00 [INFO] :   📤 过滤后数量: 6
2025-12-12 11:00:00 [INFO] :   🗑️ 移除数量: 0
2025-12-12 11:00:00 [INFO] :   📊 过滤率: 0.0%
2025-12-12 11:00:00 [INFO] : ✅ 创建批次记录: batch_20251212_110000_b71cc59b, 工单数: 1
2025-12-12 11:00:00 [INFO] : ✅ 更新批次统计: batch_20251212_110000_b71cc59b, 状态: COMPLETED
2025-12-12 11:00:00 [INFO] : ✅ 保存工单 1949311351373430785 去噪记录成功，批次: batch_20251212_110000_b71cc59b
2025-12-12 11:00:00 [INFO] : ✅ 工单 1949311351373430785 去噪完成: 6 -> 6 条评论
2025-12-12 11:00:00 [INFO] : 🧾 工单 1949311351373430785 首响开关: work_type=ADD_WECHAT, work_table_name=t_work_2025, is_after_sale=False, raw_comments=6, valid_comments=6
2025-12-12 11:00:00 [INFO] : ✅ 工单 1949311351373430785 有 6 条有效评论，构建完成对话数据
2025-12-12 11:00:00 [INFO] : 工单 1949311351373430785 AI状态更新为: PENDING
2025-12-12 11:00:00 [INFO] : 📋 处理工单 1949311344335388673 (24/50) - 评论表: t_work_comment_2025
2025-12-12 11:00:00 [INFO] : 从表 t_work_comment_2025 获取工单 1949311344335388673 的 5 条完整对话记录（包含客户和客服）
2025-12-12 11:00:00 [INFO] : 💭 工单 1949311344335388673 获取到 5 条原始评论
2025-12-12 11:00:00 [INFO] : 🔍 工单 1949311344335388673 开始去噪处理 5 条有效评论...
2025-12-12 11:00:00 [INFO] : 🔍 开始过滤评论，原始数量: 5
2025-12-12 11:00:00 [INFO] : ✅ 评论过滤完成:
2025-12-12 11:00:00 [INFO] :   📥 原始数量: 5
2025-12-12 11:00:00 [INFO] :   📤 过滤后数量: 5
2025-12-12 11:00:00 [INFO] :   🗑️ 移除数量: 0
2025-12-12 11:00:00 [INFO] :   📊 过滤率: 0.0%
2025-12-12 11:00:00 [INFO] : ✅ 创建批次记录: batch_20251212_110000_839d7703, 工单数: 1
2025-12-12 11:00:00 [INFO] : ✅ 更新批次统计: batch_20251212_110000_839d7703, 状态: COMPLETED
2025-12-12 11:00:00 [INFO] : ✅ 保存工单 1949311344335388673 去噪记录成功，批次: batch_20251212_110000_839d7703
2025-12-12 11:00:00 [INFO] : ✅ 工单 1949311344335388673 去噪完成: 5 -> 5 条评论
2025-12-12 11:00:00 [INFO] : 🧾 工单 1949311344335388673 首响开关: work_type=REPAIR_CHU_JIU, work_table_name=t_work_2025, is_after_sale=False, raw_comments=5, valid_comments=5
2025-12-12 11:00:00 [INFO] : ✅ 工单 1949311344335388673 有 5 条有效评论，构建完成对话数据
2025-12-12 11:00:00 [INFO] : 工单 1949311344335388673 AI状态更新为: PENDING
2025-12-12 11:00:00 [INFO] : 📋 处理工单 1949311332612308993 (25/50) - 评论表: t_work_comment_2025
2025-12-12 11:00:00 [INFO] : 从表 t_work_comment_2025 获取工单 1949311332612308993 的 4 条完整对话记录（包含客户和客服）
2025-12-12 11:00:00 [INFO] : 💭 工单 1949311332612308993 获取到 4 条原始评论
2025-12-12 11:00:00 [INFO] : 🔍 工单 1949311332612308993 开始去噪处理 4 条有效评论...
2025-12-12 11:00:00 [INFO] : 🔍 开始过滤评论，原始数量: 4
2025-12-12 11:00:00 [INFO] : ✅ 评论过滤完成:
2025-12-12 11:00:00 [INFO] :   📥 原始数量: 4
2025-12-12 11:00:00 [INFO] :   📤 过滤后数量: 4
2025-12-12 11:00:00 [INFO] :   🗑️ 移除数量: 0
2025-12-12 11:00:00 [INFO] :   📊 过滤率: 0.0%
2025-12-12 11:00:00 [INFO] : ✅ 创建批次记录: batch_20251212_110000_6e1bb803, 工单数: 1
2025-12-12 11:00:00 [INFO] : ✅ 更新批次统计: batch_20251212_110000_6e1bb803, 状态: COMPLETED
2025-12-12 11:00:00 [INFO] : ✅ 保存工单 1949311332612308993 去噪记录成功，批次: batch_20251212_110000_6e1bb803
2025-12-12 11:00:00 [INFO] : ✅ 工单 1949311332612308993 去噪完成: 4 -> 4 条评论
2025-12-12 11:00:00 [INFO] : 🧾 工单 1949311332612308993 首响开关: work_type=URGE_INSTALL, work_table_name=t_work_2025, is_after_sale=False, raw_comments=4, valid_comments=4
2025-12-12 11:00:00 [INFO] : ✅ 工单 1949311332612308993 有 4 条有效评论，构建完成对话数据
2025-12-12 11:00:00 [INFO] : 工单 1949311332612308993 AI状态更新为: PENDING
2025-12-12 11:00:00 [INFO] : 📋 处理工单 1949312219518861313 (26/50) - 评论表: t_work_comment_2025
2025-12-12 11:00:00 [INFO] : 从表 t_work_comment_2025 获取工单 1949312219518861313 的 6 条完整对话记录（包含客户和客服）
2025-12-12 11:00:00 [INFO] : 💭 工单 1949312219518861313 获取到 6 条原始评论
2025-12-12 11:00:00 [INFO] : 🔍 工单 1949312219518861313 开始去噪处理 6 条有效评论...
2025-12-12 11:00:00 [INFO] : 🔍 开始过滤评论，原始数量: 6
2025-12-12 11:00:00 [INFO] : ✅ 评论过滤完成:
2025-12-12 11:00:00 [INFO] :   📥 原始数量: 6
2025-12-12 11:00:00 [INFO] :   📤 过滤后数量: 6
2025-12-12 11:00:00 [INFO] :   🗑️ 移除数量: 0
2025-12-12 11:00:00 [INFO] :   📊 过滤率: 0.0%
2025-12-12 11:00:00 [INFO] : ✅ 创建批次记录: batch_20251212_110000_afee293d, 工单数: 1
2025-12-12 11:00:00 [INFO] : ✅ 更新批次统计: batch_20251212_110000_afee293d, 状态: COMPLETED
2025-12-12 11:00:00 [INFO] : ✅ 保存工单 1949312219518861313 去噪记录成功，批次: batch_20251212_110000_afee293d
2025-12-12 11:00:00 [INFO] : ✅ 工单 1949312219518861313 去噪完成: 6 -> 6 条评论
2025-12-12 11:00:00 [INFO] : ⏳ 工单 1949312219518861313 首响计算开始，评论总数=6
2025-12-12 11:00:00 [INFO] : 👀 工单 1949312219518861313 评论巡检: id=1949312219741159424, user_type=SELLER, oper_raw=True, is_service=False, is_customer=True, create_time=2025-07-27 11:33:44
2025-12-12 11:00:00 [INFO] : 🎯 工单 1949312219518861313 首条客户消息锁定: 2025-07-27 11:33:44
2025-12-12 11:00:00 [INFO] : 👀 工单 1949312219518861313 评论巡检: id=1949312347193475072, user_type=EMPLOYEE, oper_raw=True, is_service=True, is_customer=False, create_time=2025-07-27 11:34:14
2025-12-12 11:00:00 [INFO] : 🎯 工单 1949312219518861313 首条客服回复锁定: 2025-07-27 11:34:14
2025-12-12 11:00:00 [INFO] : ⏱️ 工单 1949312219518861313 首响计算: first_customer_message_time=2025-07-27 11:33:44, first_service_reply_time=2025-07-27 11:34:14, response_seconds=30, threshold_seconds=120, is_timeout=False
2025-12-12 11:00:00 [INFO] : 🧾 工单 1949312219518861313 首响开关: work_type=AFTER_SALE, work_table_name=t_work_2025, is_after_sale=True, raw_comments=6, valid_comments=6
2025-12-12 11:00:00 [INFO] : ✅ 工单 1949312219518861313 有 6 条有效评论，构建完成对话数据
2025-12-12 11:00:00 [INFO] : 工单 1949312219518861313 AI状态更新为: PENDING
2025-12-12 11:00:00 [INFO] : 📋 处理工单 1949313976915460097 (27/50) - 评论表: t_work_comment_2025
2025-12-12 11:00:00 [INFO] : 从表 t_work_comment_2025 获取工单 1949313976915460097 的 4 条完整对话记录（包含客户和客服）
2025-12-12 11:00:00 [INFO] : 💭 工单 1949313976915460097 获取到 4 条原始评论
2025-12-12 11:00:00 [INFO] : 🔍 工单 1949313976915460097 开始去噪处理 3 条有效评论...
2025-12-12 11:00:00 [INFO] : 🔍 开始过滤评论，原始数量: 3
2025-12-12 11:00:00 [INFO] : ✅ 评论过滤完成:
2025-12-12 11:00:00 [INFO] :   📥 原始数量: 3
2025-12-12 11:00:00 [INFO] :   📤 过滤后数量: 3
2025-12-12 11:00:00 [INFO] :   🗑️ 移除数量: 0
2025-12-12 11:00:00 [INFO] :   📊 过滤率: 0.0%
2025-12-12 11:00:00 [INFO] : ✅ 创建批次记录: batch_20251212_110000_d5c7d4d1, 工单数: 1
2025-12-12 11:00:00 [INFO] : ✅ 更新批次统计: batch_20251212_110000_d5c7d4d1, 状态: COMPLETED
2025-12-12 11:00:00 [INFO] : ✅ 保存工单 1949313976915460097 去噪记录成功，批次: batch_20251212_110000_d5c7d4d1
2025-12-12 11:00:00 [INFO] : ✅ 工单 1949313976915460097 去噪完成: 3 -> 3 条评论
2025-12-12 11:00:00 [INFO] : 🧾 工单 1949313976915460097 首响开关: work_type=EXCHANGE, work_table_name=t_work_2025, is_after_sale=False, raw_comments=4, valid_comments=3
2025-12-12 11:00:00 [INFO] : ✅ 工单 1949313976915460097 有 3 条有效评论，构建完成对话数据
2025-12-12 11:00:00 [INFO] : 工单 1949313976915460097 AI状态更新为: PENDING
2025-12-12 11:00:00 [INFO] : 📋 处理工单 1949313892760944640 (28/50) - 评论表: t_work_comment_2025
2025-12-12 11:00:00 [INFO] : 从表 t_work_comment_2025 获取工单 1949313892760944640 的 5 条完整对话记录（包含客户和客服）
2025-12-12 11:00:00 [INFO] : 💭 工单 1949313892760944640 获取到 5 条原始评论
2025-12-12 11:00:00 [INFO] : 🔍 工单 1949313892760944640 开始去噪处理 4 条有效评论...
2025-12-12 11:00:00 [INFO] : 🔍 开始过滤评论，原始数量: 4
2025-12-12 11:00:00 [INFO] : ✅ 评论过滤完成:
2025-12-12 11:00:00 [INFO] :   📥 原始数量: 4
2025-12-12 11:00:00 [INFO] :   📤 过滤后数量: 4
2025-12-12 11:00:00 [INFO] :   🗑️ 移除数量: 0
2025-12-12 11:00:00 [INFO] :   📊 过滤率: 0.0%
2025-12-12 11:00:00 [INFO] : ✅ 创建批次记录: batch_20251212_110000_ee7e5a18, 工单数: 1
2025-12-12 11:00:00 [INFO] : ✅ 更新批次统计: batch_20251212_110000_ee7e5a18, 状态: COMPLETED
2025-12-12 11:00:00 [INFO] : ✅ 保存工单 1949313892760944640 去噪记录成功，批次: batch_20251212_110000_ee7e5a18
2025-12-12 11:00:00 [INFO] : ✅ 工单 1949313892760944640 去噪完成: 4 -> 4 条评论
2025-12-12 11:00:00 [INFO] : 🧾 工单 1949313892760944640 首响开关: work_type=URGE_INSTALL, work_table_name=t_work_2025, is_after_sale=False, raw_comments=5, valid_comments=4
2025-12-12 11:00:00 [INFO] : ✅ 工单 1949313892760944640 有 4 条有效评论，构建完成对话数据
2025-12-12 11:00:00 [INFO] : 工单 1949313892760944640 AI状态更新为: PENDING
2025-12-12 11:00:00 [INFO] : 📋 处理工单 1949313705585934337 (29/50) - 评论表: t_work_comment_2025
2025-12-12 11:00:00 [INFO] : 从表 t_work_comment_2025 获取工单 1949313705585934337 的 5 条完整对话记录（包含客户和客服）
2025-12-12 11:00:00 [INFO] : 💭 工单 1949313705585934337 获取到 5 条原始评论
2025-12-12 11:00:00 [INFO] : 🔍 工单 1949313705585934337 开始去噪处理 4 条有效评论...
2025-12-12 11:00:00 [INFO] : 🔍 开始过滤评论，原始数量: 4
2025-12-12 11:00:00 [INFO] : ✅ 评论过滤完成:
2025-12-12 11:00:00 [INFO] :   📥 原始数量: 4
2025-12-12 11:00:00 [INFO] :   📤 过滤后数量: 4
2025-12-12 11:00:00 [INFO] :   🗑️ 移除数量: 0
2025-12-12 11:00:00 [INFO] :   📊 过滤率: 0.0%
2025-12-12 11:00:00 [INFO] : ✅ 创建批次记录: batch_20251212_110000_8077aa40, 工单数: 1
2025-12-12 11:00:00 [INFO] : ✅ 更新批次统计: batch_20251212_110000_8077aa40, 状态: COMPLETED
2025-12-12 11:00:00 [INFO] : ✅ 保存工单 1949313705585934337 去噪记录成功，批次: batch_20251212_110000_8077aa40
2025-12-12 11:00:00 [INFO] : ✅ 工单 1949313705585934337 去噪完成: 4 -> 4 条评论
2025-12-12 11:00:00 [INFO] : 🧾 工单 1949313705585934337 首响开关: work_type=REPAIR_CHU_JIU, work_table_name=t_work_2025, is_after_sale=False, raw_comments=5, valid_comments=4
2025-12-12 11:00:00 [INFO] : ✅ 工单 1949313705585934337 有 4 条有效评论，构建完成对话数据
2025-12-12 11:00:00 [INFO] : 工单 1949313705585934337 AI状态更新为: PENDING
2025-12-12 11:00:00 [INFO] : 📋 处理工单 1949313685960785921 (30/50) - 评论表: t_work_comment_2025
2025-12-12 11:00:00 [INFO] : 从表 t_work_comment_2025 获取工单 1949313685960785921 的 3 条完整对话记录（包含客户和客服）
2025-12-12 11:00:00 [INFO] : 💭 工单 1949313685960785921 获取到 3 条原始评论
2025-12-12 11:00:00 [INFO] : 🔍 工单 1949313685960785921 开始去噪处理 2 条有效评论...
2025-12-12 11:00:00 [INFO] : 🔍 开始过滤评论，原始数量: 2
2025-12-12 11:00:00 [INFO] : ✅ 评论过滤完成:
2025-12-12 11:00:00 [INFO] :   📥 原始数量: 2
2025-12-12 11:00:00 [INFO] :   📤 过滤后数量: 2
2025-12-12 11:00:00 [INFO] :   🗑️ 移除数量: 0
2025-12-12 11:00:00 [INFO] :   📊 过滤率: 0.0%
2025-12-12 11:00:00 [INFO] : ✅ 创建批次记录: batch_20251212_110000_cbd65c01, 工单数: 1
2025-12-12 11:00:00 [INFO] : ✅ 更新批次统计: batch_20251212_110000_cbd65c01, 状态: COMPLETED
2025-12-12 11:00:00 [INFO] : ✅ 保存工单 1949313685960785921 去噪记录成功，批次: batch_20251212_110000_cbd65c01
2025-12-12 11:00:00 [INFO] : ✅ 工单 1949313685960785921 去噪完成: 2 -> 2 条评论
2025-12-12 11:00:00 [INFO] : 🧾 工单 1949313685960785921 首响开关: work_type=URGE_INSTALL, work_table_name=t_work_2025, is_after_sale=False, raw_comments=3, valid_comments=2
2025-12-12 11:00:00 [INFO] : ✅ 工单 1949313685960785921 有 2 条有效评论，构建完成对话数据
2025-12-12 11:00:00 [INFO] : 工单 1949313685960785921 AI状态更新为: PENDING
2025-12-12 11:00:00 [INFO] : 📋 处理工单 1949313678385872897 (31/50) - 评论表: t_work_comment_2025
2025-12-12 11:00:00 [INFO] : 从表 t_work_comment_2025 获取工单 1949313678385872897 的 3 条完整对话记录（包含客户和客服）
2025-12-12 11:00:00 [INFO] : 💭 工单 1949313678385872897 获取到 3 条原始评论
2025-12-12 11:00:00 [INFO] : 🔍 工单 1949313678385872897 开始去噪处理 3 条有效评论...
2025-12-12 11:00:00 [INFO] : 🔍 开始过滤评论，原始数量: 3
2025-12-12 11:00:00 [INFO] : ✅ 评论过滤完成:
2025-12-12 11:00:00 [INFO] :   📥 原始数量: 3
2025-12-12 11:00:00 [INFO] :   📤 过滤后数量: 3
2025-12-12 11:00:00 [INFO] :   🗑️ 移除数量: 0
2025-12-12 11:00:00 [INFO] :   📊 过滤率: 0.0%
2025-12-12 11:00:00 [INFO] : ✅ 创建批次记录: batch_20251212_110000_41f440d4, 工单数: 1
2025-12-12 11:00:00 [INFO] : ✅ 更新批次统计: batch_20251212_110000_41f440d4, 状态: COMPLETED
2025-12-12 11:00:00 [INFO] : ✅ 保存工单 1949313678385872897 去噪记录成功，批次: batch_20251212_110000_41f440d4
2025-12-12 11:00:00 [INFO] : ✅ 工单 1949313678385872897 去噪完成: 3 -> 3 条评论
2025-12-12 11:00:00 [INFO] : 🧾 工单 1949313678385872897 首响开关: work_type=URGE_PAYMENT, work_table_name=t_work_2025, is_after_sale=False, raw_comments=3, valid_comments=3
2025-12-12 11:00:00 [INFO] : ✅ 工单 1949313678385872897 有 3 条有效评论，构建完成对话数据
2025-12-12 11:00:00 [INFO] : 工单 1949313678385872897 AI状态更新为: PENDING
2025-12-12 11:00:00 [INFO] : 📋 处理工单 1949313636954537985 (32/50) - 评论表: t_work_comment_2025
2025-12-12 11:00:00 [INFO] : 从表 t_work_comment_2025 获取工单 1949313636954537985 的 3 条完整对话记录（包含客户和客服）
2025-12-12 11:00:00 [INFO] : 💭 工单 1949313636954537985 获取到 3 条原始评论
2025-12-12 11:00:00 [INFO] : 🔍 工单 1949313636954537985 开始去噪处理 3 条有效评论...
2025-12-12 11:00:00 [INFO] : 🔍 开始过滤评论，原始数量: 3
2025-12-12 11:00:00 [INFO] : ✅ 评论过滤完成:
2025-12-12 11:00:00 [INFO] :   📥 原始数量: 3
2025-12-12 11:00:00 [INFO] :   📤 过滤后数量: 3
2025-12-12 11:00:00 [INFO] :   🗑️ 移除数量: 0
2025-12-12 11:00:00 [INFO] :   📊 过滤率: 0.0%
2025-12-12 11:00:00 [INFO] : ✅ 创建批次记录: batch_20251212_110000_3fb79748, 工单数: 1
2025-12-12 11:00:00 [INFO] : ✅ 更新批次统计: batch_20251212_110000_3fb79748, 状态: COMPLETED
2025-12-12 11:00:00 [INFO] : ✅ 保存工单 1949313636954537985 去噪记录成功，批次: batch_20251212_110000_3fb79748
2025-12-12 11:00:00 [INFO] : ✅ 工单 1949313636954537985 去噪完成: 3 -> 3 条评论
2025-12-12 11:00:00 [INFO] : 🧾 工单 1949313636954537985 首响开关: work_type=REVOKE, work_table_name=t_work_2025, is_after_sale=False, raw_comments=3, valid_comments=3
2025-12-12 11:00:00 [INFO] : ✅ 工单 1949313636954537985 有 3 条有效评论，构建完成对话数据
2025-12-12 11:00:00 [INFO] : 工单 1949313636954537985 AI状态更新为: PENDING
2025-12-12 11:00:00 [INFO] : 📋 处理工单 1949313613072171008 (33/50) - 评论表: t_work_comment_2025
2025-12-12 11:00:00 [INFO] : 从表 t_work_comment_2025 获取工单 1949313613072171008 的 3 条完整对话记录（包含客户和客服）
2025-12-12 11:00:00 [INFO] : 💭 工单 1949313613072171008 获取到 3 条原始评论
2025-12-12 11:00:00 [INFO] : 🔍 工单 1949313613072171008 开始去噪处理 3 条有效评论...
2025-12-12 11:00:00 [INFO] : 🔍 开始过滤评论，原始数量: 3
2025-12-12 11:00:00 [INFO] : ✅ 评论过滤完成:
2025-12-12 11:00:00 [INFO] :   📥 原始数量: 3
2025-12-12 11:00:00 [INFO] :   📤 过滤后数量: 3
2025-12-12 11:00:00 [INFO] :   🗑️ 移除数量: 0
2025-12-12 11:00:00 [INFO] :   📊 过滤率: 0.0%
2025-12-12 11:00:00 [INFO] : ✅ 创建批次记录: batch_20251212_110000_c569d490, 工单数: 1
2025-12-12 11:00:00 [INFO] : ✅ 更新批次统计: batch_20251212_110000_c569d490, 状态: COMPLETED
2025-12-12 11:00:00 [INFO] : ✅ 保存工单 1949313613072171008 去噪记录成功，批次: batch_20251212_110000_c569d490
2025-12-12 11:00:00 [INFO] : ✅ 工单 1949313613072171008 去噪完成: 3 -> 3 条评论
2025-12-12 11:00:00 [INFO] : 🧾 工单 1949313613072171008 首响开关: work_type=REFUSE, work_table_name=t_work_2025, is_after_sale=False, raw_comments=3, valid_comments=3
2025-12-12 11:00:00 [INFO] : ✅ 工单 1949313613072171008 有 3 条有效评论，构建完成对话数据
2025-12-12 11:00:00 [INFO] : 工单 1949313613072171008 AI状态更新为: PENDING
2025-12-12 11:00:00 [INFO] : 📋 处理工单 1949313353780297729 (34/50) - 评论表: t_work_comment_2025
2025-12-12 11:00:00 [INFO] : 从表 t_work_comment_2025 获取工单 1949313353780297729 的 22 条完整对话记录（包含客户和客服）
2025-12-12 11:00:00 [INFO] : 💭 工单 1949313353780297729 获取到 22 条原始评论
2025-12-12 11:00:00 [INFO] : 🔍 工单 1949313353780297729 开始去噪处理 21 条有效评论...
2025-12-12 11:00:00 [INFO] : 🔍 开始过滤评论，原始数量: 21
2025-12-12 11:00:00 [INFO] : ✅ 评论过滤完成:
2025-12-12 11:00:00 [INFO] :   📥 原始数量: 21
2025-12-12 11:00:00 [INFO] :   📤 过滤后数量: 21
2025-12-12 11:00:00 [INFO] :   🗑️ 移除数量: 0
2025-12-12 11:00:00 [INFO] :   📊 过滤率: 0.0%
2025-12-12 11:00:00 [INFO] : ✅ 创建批次记录: batch_20251212_110000_edd2464a, 工单数: 1
2025-12-12 11:00:00 [INFO] : ✅ 更新批次统计: batch_20251212_110000_edd2464a, 状态: COMPLETED
2025-12-12 11:00:00 [INFO] : ✅ 保存工单 1949313353780297729 去噪记录成功，批次: batch_20251212_110000_edd2464a
2025-12-12 11:00:00 [INFO] : ✅ 工单 1949313353780297729 去噪完成: 21 -> 21 条评论
2025-12-12 11:00:00 [INFO] : ⏳ 工单 1949313353780297729 首响计算开始，评论总数=22
2025-12-12 11:00:00 [INFO] : 👀 工单 1949313353780297729 评论巡检: id=1949313354019373056, user_type=SELLER, oper_raw=True, is_service=False, is_customer=True, create_time=2025-07-27 11:38:14
2025-12-12 11:00:00 [INFO] : 🎯 工单 1949313353780297729 首条客户消息锁定: 2025-07-27 11:38:14
2025-12-12 11:00:00 [INFO] : 👀 工单 1949313353780297729 评论巡检: id=1949313404615262208, user_type=EMPLOYEE, oper_raw=True, is_service=True, is_customer=False, create_time=2025-07-27 11:38:26
2025-12-12 11:00:00 [INFO] : 🎯 工单 1949313353780297729 首条客服回复锁定: 2025-07-27 11:38:26
2025-12-12 11:00:00 [INFO] : ⏱️ 工单 1949313353780297729 首响计算: first_customer_message_time=2025-07-27 11:38:14, first_service_reply_time=2025-07-27 11:38:26, response_seconds=12, threshold_seconds=120, is_timeout=False
2025-12-12 11:00:00 [INFO] : 🧾 工单 1949313353780297729 首响开关: work_type=AFTER_SALE, work_table_name=t_work_2025, is_after_sale=True, raw_comments=22, valid_comments=21
2025-12-12 11:00:00 [INFO] : ✅ 工单 1949313353780297729 有 21 条有效评论，构建完成对话数据
2025-12-12 11:00:00 [INFO] : 工单 1949313353780297729 AI状态更新为: PENDING
2025-12-12 11:00:00 [INFO] : 📋 处理工单 1949313251380559873 (35/50) - 评论表: t_work_comment_2025
2025-12-12 11:00:00 [INFO] : 从表 t_work_comment_2025 获取工单 1949313251380559873 的 4 条完整对话记录（包含客户和客服）
2025-12-12 11:00:00 [INFO] : 💭 工单 1949313251380559873 获取到 4 条原始评论
2025-12-12 11:00:00 [INFO] : 🔍 工单 1949313251380559873 开始去噪处理 4 条有效评论...
2025-12-12 11:00:00 [INFO] : 🔍 开始过滤评论，原始数量: 4
2025-12-12 11:00:00 [INFO] : ✅ 评论过滤完成:
2025-12-12 11:00:00 [INFO] :   📥 原始数量: 4
2025-12-12 11:00:00 [INFO] :   📤 过滤后数量: 4
2025-12-12 11:00:00 [INFO] :   🗑️ 移除数量: 0
2025-12-12 11:00:00 [INFO] :   📊 过滤率: 0.0%
2025-12-12 11:00:00 [INFO] : ✅ 创建批次记录: batch_20251212_110000_74825f98, 工单数: 1
2025-12-12 11:00:00 [INFO] : ✅ 更新批次统计: batch_20251212_110000_74825f98, 状态: COMPLETED
2025-12-12 11:00:00 [INFO] : ✅ 保存工单 1949313251380559873 去噪记录成功，批次: batch_20251212_110000_74825f98
2025-12-12 11:00:00 [INFO] : ✅ 工单 1949313251380559873 去噪完成: 4 -> 4 条评论
2025-12-12 11:00:00 [INFO] : ⏳ 工单 1949313251380559873 首响计算开始，评论总数=4
2025-12-12 11:00:00 [INFO] : 👀 工单 1949313251380559873 评论巡检: id=1949313251607052288, user_type=EMPLOYEE, oper_raw=True, is_service=True, is_customer=False, create_time=2025-07-27 11:37:50
2025-12-12 11:00:00 [INFO] : 👀 工单 1949313251380559873 评论巡检: id=1949313276739321856, user_type=EMPLOYEE, oper_raw=True, is_service=True, is_customer=False, create_time=2025-07-27 11:37:56
2025-12-12 11:00:00 [INFO] : 👀 工单 1949313251380559873 评论巡检: id=1949316644618633216, user_type=EMPLOYEE, oper_raw=True, is_service=True, is_customer=False, create_time=2025-07-27 11:51:19
2025-12-12 11:00:00 [INFO] : 👀 工单 1949313251380559873 评论巡检: id=1949318145705508864, user_type=EMPLOYEE, oper_raw=True, is_service=True, is_customer=False, create_time=2025-07-27 11:57:17
2025-12-12 11:00:00 [INFO] : ⏱️ 工单 1949313251380559873 首响计算: first_customer_message_time=None, first_service_reply_time=None, response_seconds=None, threshold_seconds=120, is_timeout=False
2025-12-12 11:00:00 [INFO] : 🧾 工单 1949313251380559873 首响开关: work_type=AFTER_SALE, work_table_name=t_work_2025, is_after_sale=True, raw_comments=4, valid_comments=4
2025-12-12 11:00:00 [INFO] : ✅ 工单 1949313251380559873 有 4 条有效评论，构建完成对话数据
2025-12-12 11:00:00 [INFO] : 工单 1949313251380559873 AI状态更新为: PENDING
2025-12-12 11:00:00 [INFO] : 📋 处理工单 1949313153678442497 (36/50) - 评论表: t_work_comment_2025
2025-12-12 11:00:00 [INFO] : 从表 t_work_comment_2025 获取工单 1949313153678442497 的 3 条完整对话记录（包含客户和客服）
2025-12-12 11:00:00 [INFO] : 💭 工单 1949313153678442497 获取到 3 条原始评论
2025-12-12 11:00:00 [INFO] : 🔍 工单 1949313153678442497 开始去噪处理 3 条有效评论...
2025-12-12 11:00:00 [INFO] : 🔍 开始过滤评论，原始数量: 3
2025-12-12 11:00:00 [INFO] : ✅ 评论过滤完成:
2025-12-12 11:00:00 [INFO] :   📥 原始数量: 3
2025-12-12 11:00:00 [INFO] :   📤 过滤后数量: 3
2025-12-12 11:00:00 [INFO] :   🗑️ 移除数量: 0
2025-12-12 11:00:00 [INFO] :   📊 过滤率: 0.0%
2025-12-12 11:00:00 [INFO] : ✅ 创建批次记录: batch_20251212_110000_d955b82c, 工单数: 1
2025-12-12 11:00:00 [INFO] : ✅ 更新批次统计: batch_20251212_110000_d955b82c, 状态: COMPLETED
2025-12-12 11:00:00 [INFO] : ✅ 保存工单 1949313153678442497 去噪记录成功，批次: batch_20251212_110000_d955b82c
2025-12-12 11:00:00 [INFO] : ✅ 工单 1949313153678442497 去噪完成: 3 -> 3 条评论
2025-12-12 11:00:00 [INFO] : 🧾 工单 1949313153678442497 首响开关: work_type=URGE_PAYMENT, work_table_name=t_work_2025, is_after_sale=False, raw_comments=3, valid_comments=3
2025-12-12 11:00:00 [INFO] : ✅ 工单 1949313153678442497 有 3 条有效评论，构建完成对话数据
2025-12-12 11:00:00 [INFO] : 工单 1949313153678442497 AI状态更新为: PENDING
2025-12-12 11:00:00 [INFO] : 📋 处理工单 1949313147739308033 (37/50) - 评论表: t_work_comment_2025
2025-12-12 11:00:00 [INFO] : 从表 t_work_comment_2025 获取工单 1949313147739308033 的 4 条完整对话记录（包含客户和客服）
2025-12-12 11:00:00 [INFO] : 💭 工单 1949313147739308033 获取到 4 条原始评论
2025-12-12 11:00:00 [INFO] : 🔍 工单 1949313147739308033 开始去噪处理 3 条有效评论...
2025-12-12 11:00:00 [INFO] : 🔍 开始过滤评论，原始数量: 3
2025-12-12 11:00:00 [INFO] : ✅ 评论过滤完成:
2025-12-12 11:00:00 [INFO] :   📥 原始数量: 3
2025-12-12 11:00:00 [INFO] :   📤 过滤后数量: 3
2025-12-12 11:00:00 [INFO] :   🗑️ 移除数量: 0
2025-12-12 11:00:00 [INFO] :   📊 过滤率: 0.0%
2025-12-12 11:00:00 [INFO] : ✅ 创建批次记录: batch_20251212_110000_3cbd3c56, 工单数: 1
2025-12-12 11:00:00 [INFO] : ✅ 更新批次统计: batch_20251212_110000_3cbd3c56, 状态: COMPLETED
2025-12-12 11:00:00 [INFO] : ✅ 保存工单 1949313147739308033 去噪记录成功，批次: batch_20251212_110000_3cbd3c56
2025-12-12 11:00:00 [INFO] : ✅ 工单 1949313147739308033 去噪完成: 3 -> 3 条评论
2025-12-12 11:00:00 [INFO] : ⏳ 工单 1949313147739308033 首响计算开始，评论总数=4
2025-12-12 11:00:00 [INFO] : 👀 工单 1949313147739308033 评论巡检: id=1949313147957411840, user_type=SELLER, oper_raw=True, is_service=False, is_customer=True, create_time=2025-07-27 11:37:25
2025-12-12 11:00:00 [INFO] : 🎯 工单 1949313147739308033 首条客户消息锁定: 2025-07-27 11:37:25
2025-12-12 11:00:00 [INFO] : 👀 工单 1949313147739308033 评论巡检: id=1949313173416837120, user_type=EMPLOYEE, oper_raw=True, is_service=True, is_customer=False, create_time=2025-07-27 11:37:31
2025-12-12 11:00:00 [INFO] : 🎯 工单 1949313147739308033 首条客服回复锁定: 2025-07-27 11:37:31
2025-12-12 11:00:00 [INFO] : ⏱️ 工单 1949313147739308033 首响计算: first_customer_message_time=2025-07-27 11:37:25, first_service_reply_time=2025-07-27 11:37:31, response_seconds=6, threshold_seconds=120, is_timeout=False
2025-12-12 11:00:00 [INFO] : 🧾 工单 1949313147739308033 首响开关: work_type=AFTER_SALE, work_table_name=t_work_2025, is_after_sale=True, raw_comments=4, valid_comments=3
2025-12-12 11:00:00 [INFO] : ✅ 工单 1949313147739308033 有 3 条有效评论，构建完成对话数据
2025-12-12 11:00:00 [INFO] : 工单 1949313147739308033 AI状态更新为: PENDING
2025-12-12 11:00:00 [INFO] : 📋 处理工单 1949312802032189441 (38/50) - 评论表: t_work_comment_2025
2025-12-12 11:00:00 [INFO] : 从表 t_work_comment_2025 获取工单 1949312802032189441 的 4 条完整对话记录（包含客户和客服）
2025-12-12 11:00:00 [INFO] : 💭 工单 1949312802032189441 获取到 4 条原始评论
2025-12-12 11:00:00 [INFO] : 🔍 工单 1949312802032189441 开始去噪处理 4 条有效评论...
2025-12-12 11:00:00 [INFO] : 🔍 开始过滤评论，原始数量: 4
2025-12-12 11:00:00 [INFO] : ✅ 评论过滤完成:
2025-12-12 11:00:00 [INFO] :   📥 原始数量: 4
2025-12-12 11:00:00 [INFO] :   📤 过滤后数量: 4
2025-12-12 11:00:00 [INFO] :   🗑️ 移除数量: 0
2025-12-12 11:00:00 [INFO] :   📊 过滤率: 0.0%
2025-12-12 11:00:00 [INFO] : ✅ 创建批次记录: batch_20251212_110000_46407bfd, 工单数: 1
2025-12-12 11:00:00 [INFO] : ✅ 更新批次统计: batch_20251212_110000_46407bfd, 状态: COMPLETED
2025-12-12 11:00:00 [INFO] : ✅ 保存工单 1949312802032189441 去噪记录成功，批次: batch_20251212_110000_46407bfd
2025-12-12 11:00:00 [INFO] : ✅ 工单 1949312802032189441 去噪完成: 4 -> 4 条评论
2025-12-12 11:00:00 [INFO] : 🧾 工单 1949312802032189441 首响开关: work_type=EXCHANGE, work_table_name=t_work_2025, is_after_sale=False, raw_comments=4, valid_comments=4
2025-12-12 11:00:00 [INFO] : ✅ 工单 1949312802032189441 有 4 条有效评论，构建完成对话数据
2025-12-12 11:00:00 [INFO] : 工单 1949312802032189441 AI状态更新为: PENDING
2025-12-12 11:00:00 [INFO] : 📋 处理工单 1949312752040280065 (39/50) - 评论表: t_work_comment_2025
2025-12-12 11:00:00 [INFO] : 从表 t_work_comment_2025 获取工单 1949312752040280065 的 4 条完整对话记录（包含客户和客服）
2025-12-12 11:00:00 [INFO] : 💭 工单 1949312752040280065 获取到 4 条原始评论
2025-12-12 11:00:00 [INFO] : 🔍 工单 1949312752040280065 开始去噪处理 4 条有效评论...
2025-12-12 11:00:00 [INFO] : 🔍 开始过滤评论，原始数量: 4
2025-12-12 11:00:00 [INFO] : ✅ 评论过滤完成:
2025-12-12 11:00:00 [INFO] :   📥 原始数量: 4
2025-12-12 11:00:00 [INFO] :   📤 过滤后数量: 4
2025-12-12 11:00:00 [INFO] :   🗑️ 移除数量: 0
2025-12-12 11:00:00 [INFO] :   📊 过滤率: 0.0%
2025-12-12 11:00:00 [INFO] : ✅ 创建批次记录: batch_20251212_110000_38b64f0f, 工单数: 1
2025-12-12 11:00:00 [INFO] : ✅ 更新批次统计: batch_20251212_110000_38b64f0f, 状态: COMPLETED
2025-12-12 11:00:00 [INFO] : ✅ 保存工单 1949312752040280065 去噪记录成功，批次: batch_20251212_110000_38b64f0f
2025-12-12 11:00:00 [INFO] : ✅ 工单 1949312752040280065 去噪完成: 4 -> 4 条评论
2025-12-12 11:00:00 [INFO] : ⏳ 工单 1949312752040280065 首响计算开始，评论总数=4
2025-12-12 11:00:00 [INFO] : 👀 工单 1949312752040280065 评论巡检: id=1949312752254189568, user_type=EMPLOYEE, oper_raw=True, is_service=True, is_customer=False, create_time=2025-07-27 11:35:51
2025-12-12 11:00:00 [INFO] : 👀 工单 1949312752040280065 评论巡检: id=1949312781266190336, user_type=EMPLOYEE, oper_raw=True, is_service=True, is_customer=False, create_time=2025-07-27 11:35:58
2025-12-12 11:00:00 [INFO] : 👀 工单 1949312752040280065 评论巡检: id=1949313384457437184, user_type=EMPLOYEE, oper_raw=True, is_service=True, is_customer=False, create_time=2025-07-27 11:38:22
2025-12-12 11:00:00 [INFO] : 👀 工单 1949312752040280065 评论巡检: id=1951134375592591360, user_type=EMPLOYEE, oper_raw=True, is_service=True, is_customer=False, create_time=2025-08-01 12:14:20
2025-12-12 11:00:00 [INFO] : ⏱️ 工单 1949312752040280065 首响计算: first_customer_message_time=None, first_service_reply_time=None, response_seconds=None, threshold_seconds=120, is_timeout=False
2025-12-12 11:00:00 [INFO] : 🧾 工单 1949312752040280065 首响开关: work_type=AFTER_SALE, work_table_name=t_work_2025, is_after_sale=True, raw_comments=4, valid_comments=4
2025-12-12 11:00:00 [INFO] : ✅ 工单 1949312752040280065 有 4 条有效评论，构建完成对话数据
2025-12-12 11:00:00 [INFO] : 工单 1949312752040280065 AI状态更新为: PENDING
2025-12-12 11:00:00 [INFO] : 📋 处理工单 1949312603033436161 (40/50) - 评论表: t_work_comment_2025
2025-12-12 11:00:00 [INFO] : 从表 t_work_comment_2025 获取工单 1949312603033436161 的 5 条完整对话记录（包含客户和客服）
2025-12-12 11:00:00 [INFO] : 💭 工单 1949312603033436161 获取到 5 条原始评论
2025-12-12 11:00:00 [INFO] : 🔍 工单 1949312603033436161 开始去噪处理 5 条有效评论...
2025-12-12 11:00:00 [INFO] : 🔍 开始过滤评论，原始数量: 5
2025-12-12 11:00:00 [INFO] : ✅ 评论过滤完成:
2025-12-12 11:00:00 [INFO] :   📥 原始数量: 5
2025-12-12 11:00:00 [INFO] :   📤 过滤后数量: 5
2025-12-12 11:00:00 [INFO] :   🗑️ 移除数量: 0
2025-12-12 11:00:00 [INFO] :   📊 过滤率: 0.0%
2025-12-12 11:00:00 [INFO] : ✅ 创建批次记录: batch_20251212_110000_8cc5cef5, 工单数: 1
2025-12-12 11:00:00 [INFO] : ✅ 更新批次统计: batch_20251212_110000_8cc5cef5, 状态: COMPLETED
2025-12-12 11:00:00 [INFO] : ✅ 保存工单 1949312603033436161 去噪记录成功，批次: batch_20251212_110000_8cc5cef5
2025-12-12 11:00:00 [INFO] : ✅ 工单 1949312603033436161 去噪完成: 5 -> 5 条评论
2025-12-12 11:00:00 [INFO] : ⏳ 工单 1949312603033436161 首响计算开始，评论总数=5
2025-12-12 11:00:00 [INFO] : 👀 工单 1949312603033436161 评论巡检: id=1949312603251539968, user_type=EMPLOYEE, oper_raw=True, is_service=True, is_customer=False, create_time=2025-07-27 11:35:15
2025-12-12 11:00:00 [INFO] : 👀 工单 1949312603033436161 评论巡检: id=1949312637720330240, user_type=EMPLOYEE, oper_raw=True, is_service=True, is_customer=False, create_time=2025-07-27 11:35:23
2025-12-12 11:00:00 [INFO] : 👀 工单 1949312603033436161 评论巡检: id=1949314113171619840, user_type=EMPLOYEE, oper_raw=True, is_service=True, is_customer=False, create_time=2025-07-27 11:41:15
2025-12-12 11:00:00 [INFO] : 👀 工单 1949312603033436161 评论巡检: id=1949318298193625088, user_type=EMPLOYEE, oper_raw=True, is_service=True, is_customer=False, create_time=2025-07-27 11:57:53
2025-12-12 11:00:00 [INFO] : 👀 工单 1949312603033436161 评论巡检: id=1949318371698802688, user_type=EMPLOYEE, oper_raw=True, is_service=True, is_customer=False, create_time=2025-07-27 11:58:11
2025-12-12 11:00:00 [INFO] : ⏱️ 工单 1949312603033436161 首响计算: first_customer_message_time=None, first_service_reply_time=None, response_seconds=None, threshold_seconds=120, is_timeout=False
2025-12-12 11:00:00 [INFO] : 🧾 工单 1949312603033436161 首响开关: work_type=AFTER_SALE, work_table_name=t_work_2025, is_after_sale=True, raw_comments=5, valid_comments=5
2025-12-12 11:00:00 [INFO] : ✅ 工单 1949312603033436161 有 5 条有效评论，构建完成对话数据
2025-12-12 11:00:00 [INFO] : 工单 1949312603033436161 AI状态更新为: PENDING
2025-12-12 11:00:00 [INFO] : 📋 处理工单 1949312550629801985 (41/50) - 评论表: t_work_comment_2025
2025-12-12 11:00:00 [INFO] : 从表 t_work_comment_2025 获取工单 1949312550629801985 的 3 条完整对话记录（包含客户和客服）
2025-12-12 11:00:00 [INFO] : 💭 工单 1949312550629801985 获取到 3 条原始评论
2025-12-12 11:00:00 [INFO] : 🔍 工单 1949312550629801985 开始去噪处理 3 条有效评论...
2025-12-12 11:00:00 [INFO] : 🔍 开始过滤评论，原始数量: 3
2025-12-12 11:00:00 [INFO] : ✅ 评论过滤完成:
2025-12-12 11:00:00 [INFO] :   📥 原始数量: 3
2025-12-12 11:00:00 [INFO] :   📤 过滤后数量: 3
2025-12-12 11:00:00 [INFO] :   🗑️ 移除数量: 0
2025-12-12 11:00:00 [INFO] :   📊 过滤率: 0.0%
2025-12-12 11:00:00 [INFO] : ✅ 创建批次记录: batch_20251212_110000_70035a1f, 工单数: 1
2025-12-12 11:00:00 [INFO] : ✅ 更新批次统计: batch_20251212_110000_70035a1f, 状态: COMPLETED
2025-12-12 11:00:00 [INFO] : ✅ 保存工单 1949312550629801985 去噪记录成功，批次: batch_20251212_110000_70035a1f
2025-12-12 11:00:00 [INFO] : ✅ 工单 1949312550629801985 去噪完成: 3 -> 3 条评论
2025-12-12 11:00:00 [INFO] : 🧾 工单 1949312550629801985 首响开关: work_type=URGE_PAYMENT, work_table_name=t_work_2025, is_after_sale=False, raw_comments=3, valid_comments=3
2025-12-12 11:00:00 [INFO] : ✅ 工单 1949312550629801985 有 3 条有效评论，构建完成对话数据
2025-12-12 11:00:00 [INFO] : 工单 1949312550629801985 AI状态更新为: PENDING
2025-12-12 11:00:00 [INFO] : 📋 处理工单 1949312459974115329 (42/50) - 评论表: t_work_comment_2025
2025-12-12 11:00:00 [INFO] : 从表 t_work_comment_2025 获取工单 1949312459974115329 的 11 条完整对话记录（包含客户和客服）
2025-12-12 11:00:00 [INFO] : 💭 工单 1949312459974115329 获取到 11 条原始评论
2025-12-12 11:00:00 [INFO] : 🔍 工单 1949312459974115329 开始去噪处理 11 条有效评论...
2025-12-12 11:00:00 [INFO] : 🔍 开始过滤评论，原始数量: 11
2025-12-12 11:00:00 [INFO] : ✅ 评论过滤完成:
2025-12-12 11:00:00 [INFO] :   📥 原始数量: 11
2025-12-12 11:00:00 [INFO] :   📤 过滤后数量: 11
2025-12-12 11:00:00 [INFO] :   🗑️ 移除数量: 0
2025-12-12 11:00:00 [INFO] :   📊 过滤率: 0.0%
2025-12-12 11:00:00 [INFO] : ✅ 创建批次记录: batch_20251212_110000_12c87131, 工单数: 1
2025-12-12 11:00:00 [INFO] : ✅ 更新批次统计: batch_20251212_110000_12c87131, 状态: COMPLETED
2025-12-12 11:00:00 [INFO] : ✅ 保存工单 1949312459974115329 去噪记录成功，批次: batch_20251212_110000_12c87131
2025-12-12 11:00:00 [INFO] : ✅ 工单 1949312459974115329 去噪完成: 11 -> 11 条评论
2025-12-12 11:00:00 [INFO] : ⏳ 工单 1949312459974115329 首响计算开始，评论总数=11
2025-12-12 11:00:00 [INFO] : 👀 工单 1949312459974115329 评论巡检: id=1949312460192219136, user_type=EMPLOYEE, oper_raw=True, is_service=True, is_customer=False, create_time=2025-07-27 11:34:41
2025-12-12 11:00:00 [INFO] : 👀 工单 1949312459974115329 评论巡检: id=1949312486784106496, user_type=EMPLOYEE, oper_raw=True, is_service=True, is_customer=False, create_time=2025-07-27 11:34:47
2025-12-12 11:00:00 [INFO] : 👀 工单 1949312459974115329 评论巡检: id=1949314247766835200, user_type=EMPLOYEE, oper_raw=True, is_service=True, is_customer=False, create_time=2025-07-27 11:41:47
2025-12-12 11:00:00 [INFO] : 👀 工单 1949312459974115329 评论巡检: id=1949384657615192064, user_type=EMPLOYEE, oper_raw=True, is_service=True, is_customer=False, create_time=2025-07-27 16:21:34
2025-12-12 11:00:00 [INFO] : 👀 工单 1949312459974115329 评论巡检: id=1949384696848711680, user_type=EMPLOYEE, oper_raw=True, is_service=True, is_customer=False, create_time=2025-07-27 16:21:44
2025-12-12 11:00:00 [INFO] : 👀 工单 1949312459974115329 评论巡检: id=1949386917850120192, user_type=EMPLOYEE, oper_raw=True, is_service=True, is_customer=False, create_time=2025-07-27 16:30:33
2025-12-12 11:00:00 [INFO] : 👀 工单 1949312459974115329 评论巡检: id=1949387090596724736, user_type=EMPLOYEE, oper_raw=True, is_service=True, is_customer=False, create_time=2025-07-27 16:31:14
2025-12-12 11:00:00 [INFO] : 👀 工单 1949312459974115329 评论巡检: id=1949389124347625472, user_type=EMPLOYEE, oper_raw=True, is_service=True, is_customer=False, create_time=2025-07-27 16:39:19
2025-12-12 11:00:00 [INFO] : 👀 工单 1949312459974115329 评论巡检: id=1949389343781027840, user_type=EMPLOYEE, oper_raw=True, is_service=True, is_customer=False, create_time=2025-07-27 16:40:12
2025-12-12 11:00:00 [INFO] : 👀 工单 1949312459974115329 评论巡检: id=1949390270378278912, user_type=EMPLOYEE, oper_raw=True, is_service=True, is_customer=False, create_time=2025-07-27 16:43:53
2025-12-12 11:00:00 [INFO] : 👀 工单 1949312459974115329 评论巡检: id=1950889069349175296, user_type=EMPLOYEE, oper_raw=True, is_service=True, is_customer=False, create_time=2025-07-31 19:59:34
2025-12-12 11:00:00 [INFO] : ⏱️ 工单 1949312459974115329 首响计算: first_customer_message_time=None, first_service_reply_time=None, response_seconds=None, threshold_seconds=120, is_timeout=False
2025-12-12 11:00:00 [INFO] : 🧾 工单 1949312459974115329 首响开关: work_type=AFTER_SALE, work_table_name=t_work_2025, is_after_sale=True, raw_comments=11, valid_comments=11
2025-12-12 11:00:00 [INFO] : ✅ 工单 1949312459974115329 有 11 条有效评论，构建完成对话数据
2025-12-12 11:00:00 [INFO] : 工单 1949312459974115329 AI状态更新为: PENDING
2025-12-12 11:00:00 [INFO] : 📋 处理工单 1949312457264594944 (43/50) - 评论表: t_work_comment_2025
2025-12-12 11:00:00 [INFO] : 从表 t_work_comment_2025 获取工单 1949312457264594944 的 5 条完整对话记录（包含客户和客服）
2025-12-12 11:00:00 [INFO] : 💭 工单 1949312457264594944 获取到 5 条原始评论
2025-12-12 11:00:00 [INFO] : 🔍 工单 1949312457264594944 开始去噪处理 5 条有效评论...
2025-12-12 11:00:00 [INFO] : 🔍 开始过滤评论，原始数量: 5
2025-12-12 11:00:00 [INFO] : ✅ 评论过滤完成:
2025-12-12 11:00:00 [INFO] :   📥 原始数量: 5
2025-12-12 11:00:00 [INFO] :   📤 过滤后数量: 5
2025-12-12 11:00:00 [INFO] :   🗑️ 移除数量: 0
2025-12-12 11:00:00 [INFO] :   📊 过滤率: 0.0%
2025-12-12 11:00:00 [INFO] : ✅ 创建批次记录: batch_20251212_110000_883706dc, 工单数: 1
2025-12-12 11:00:00 [INFO] : ✅ 更新批次统计: batch_20251212_110000_883706dc, 状态: COMPLETED
2025-12-12 11:00:00 [INFO] : ✅ 保存工单 1949312457264594944 去噪记录成功，批次: batch_20251212_110000_883706dc
2025-12-12 11:00:00 [INFO] : ✅ 工单 1949312457264594944 去噪完成: 5 -> 5 条评论
2025-12-12 11:00:00 [INFO] : 🧾 工单 1949312457264594944 首响开关: work_type=URGE_INSTALL, work_table_name=t_work_2025, is_after_sale=False, raw_comments=5, valid_comments=5
2025-12-12 11:00:00 [INFO] : ✅ 工单 1949312457264594944 有 5 条有效评论，构建完成对话数据
2025-12-12 11:00:00 [INFO] : 工单 1949312457264594944 AI状态更新为: PENDING
2025-12-12 11:00:00 [INFO] : 📋 处理工单 1949312347969421313 (44/50) - 评论表: t_work_comment_2025
2025-12-12 11:00:00 [INFO] : 从表 t_work_comment_2025 获取工单 1949312347969421313 的 7 条完整对话记录（包含客户和客服）
2025-12-12 11:00:00 [INFO] : 💭 工单 1949312347969421313 获取到 7 条原始评论
2025-12-12 11:00:00 [INFO] : 🔍 工单 1949312347969421313 开始去噪处理 5 条有效评论...
2025-12-12 11:00:00 [INFO] : 🔍 开始过滤评论，原始数量: 5
2025-12-12 11:00:00 [INFO] : ✅ 评论过滤完成:
2025-12-12 11:00:00 [INFO] :   📥 原始数量: 5
2025-12-12 11:00:00 [INFO] :   📤 过滤后数量: 5
2025-12-12 11:00:00 [INFO] :   🗑️ 移除数量: 0
2025-12-12 11:00:00 [INFO] :   📊 过滤率: 0.0%
2025-12-12 11:00:00 [INFO] : ✅ 创建批次记录: batch_20251212_110000_599500d4, 工单数: 1
2025-12-12 11:00:00 [INFO] : ✅ 更新批次统计: batch_20251212_110000_599500d4, 状态: COMPLETED
2025-12-12 11:00:00 [INFO] : ✅ 保存工单 1949312347969421313 去噪记录成功，批次: batch_20251212_110000_599500d4
2025-12-12 11:00:00 [INFO] : ✅ 工单 1949312347969421313 去噪完成: 5 -> 5 条评论
2025-12-12 11:00:00 [INFO] : 🧾 工单 1949312347969421313 首响开关: work_type=EXCHANGE, work_table_name=t_work_2025, is_after_sale=False, raw_comments=7, valid_comments=5
2025-12-12 11:00:00 [INFO] : ✅ 工单 1949312347969421313 有 5 条有效评论，构建完成对话数据
2025-12-12 11:00:00 [INFO] : 工单 1949312347969421313 AI状态更新为: PENDING
2025-12-12 11:00:00 [INFO] : 📋 处理工单 1949312328411381761 (45/50) - 评论表: t_work_comment_2025
2025-12-12 11:00:00 [INFO] : 从表 t_work_comment_2025 获取工单 1949312328411381761 的 6 条完整对话记录（包含客户和客服）
2025-12-12 11:00:00 [INFO] : 💭 工单 1949312328411381761 获取到 6 条原始评论
2025-12-12 11:00:00 [INFO] : 🔍 工单 1949312328411381761 开始去噪处理 5 条有效评论...
2025-12-12 11:00:00 [INFO] : 🔍 开始过滤评论，原始数量: 5
2025-12-12 11:00:00 [INFO] : ✅ 评论过滤完成:
2025-12-12 11:00:00 [INFO] :   📥 原始数量: 5
2025-12-12 11:00:00 [INFO] :   📤 过滤后数量: 5
2025-12-12 11:00:00 [INFO] :   🗑️ 移除数量: 0
2025-12-12 11:00:00 [INFO] :   📊 过滤率: 0.0%
2025-12-12 11:00:00 [INFO] : ✅ 创建批次记录: batch_20251212_110000_35261dd0, 工单数: 1
2025-12-12 11:00:00 [INFO] : ✅ 更新批次统计: batch_20251212_110000_35261dd0, 状态: COMPLETED
2025-12-12 11:00:00 [INFO] : ✅ 保存工单 1949312328411381761 去噪记录成功，批次: batch_20251212_110000_35261dd0
2025-12-12 11:00:00 [INFO] : ✅ 工单 1949312328411381761 去噪完成: 5 -> 5 条评论
2025-12-12 11:00:00 [INFO] : 🧾 工单 1949312328411381761 首响开关: work_type=URGE_HF, work_table_name=t_work_2025, is_after_sale=False, raw_comments=6, valid_comments=5
2025-12-12 11:00:00 [INFO] : ✅ 工单 1949312328411381761 有 5 条有效评论，构建完成对话数据
2025-12-12 11:00:00 [INFO] : 工单 1949312328411381761 AI状态更新为: PENDING
2025-12-12 11:00:00 [INFO] : 📋 处理工单 1949312324619730945 (46/50) - 评论表: t_work_comment_2025
2025-12-12 11:00:00 [INFO] : 从表 t_work_comment_2025 获取工单 1949312324619730945 的 6 条完整对话记录（包含客户和客服）
2025-12-12 11:00:00 [INFO] : 💭 工单 1949312324619730945 获取到 6 条原始评论
2025-12-12 11:00:00 [INFO] : 🔍 工单 1949312324619730945 开始去噪处理 6 条有效评论...
2025-12-12 11:00:00 [INFO] : 🔍 开始过滤评论，原始数量: 6
2025-12-12 11:00:00 [INFO] : ✅ 评论过滤完成:
2025-12-12 11:00:00 [INFO] :   📥 原始数量: 6
2025-12-12 11:00:00 [INFO] :   📤 过滤后数量: 6
2025-12-12 11:00:00 [INFO] :   🗑️ 移除数量: 0
2025-12-12 11:00:00 [INFO] :   📊 过滤率: 0.0%
2025-12-12 11:00:00 [INFO] : ✅ 创建批次记录: batch_20251212_110000_2ce7374a, 工单数: 1
2025-12-12 11:00:01 [INFO] : ✅ 更新批次统计: batch_20251212_110000_2ce7374a, 状态: COMPLETED
2025-12-12 11:00:01 [INFO] : ✅ 保存工单 1949312324619730945 去噪记录成功，批次: batch_20251212_110000_2ce7374a
2025-12-12 11:00:01 [INFO] : ✅ 工单 1949312324619730945 去噪完成: 6 -> 6 条评论
2025-12-12 11:00:01 [INFO] : ⏳ 工单 1949312324619730945 首响计算开始，评论总数=6
2025-12-12 11:00:01 [INFO] : 👀 工单 1949312324619730945 评论巡检: id=1949312324854611968, user_type=SELLER, oper_raw=True, is_service=False, is_customer=True, create_time=2025-07-27 11:34:09
2025-12-12 11:00:01 [INFO] : 🎯 工单 1949312324619730945 首条客户消息锁定: 2025-07-27 11:34:09
2025-12-12 11:00:01 [INFO] : 👀 工单 1949312324619730945 评论巡检: id=1949312345851297792, user_type=EMPLOYEE, oper_raw=True, is_service=True, is_customer=False, create_time=2025-07-27 11:34:14
2025-12-12 11:00:01 [INFO] : 🎯 工单 1949312324619730945 首条客服回复锁定: 2025-07-27 11:34:14
2025-12-12 11:00:01 [INFO] : ⏱️ 工单 1949312324619730945 首响计算: first_customer_message_time=2025-07-27 11:34:09, first_service_reply_time=2025-07-27 11:34:14, response_seconds=5, threshold_seconds=120, is_timeout=False
2025-12-12 11:00:01 [INFO] : 🧾 工单 1949312324619730945 首响开关: work_type=AFTER_SALE, work_table_name=t_work_2025, is_after_sale=True, raw_comments=6, valid_comments=6
2025-12-12 11:00:01 [INFO] : ✅ 工单 1949312324619730945 有 6 条有效评论，构建完成对话数据
2025-12-12 11:00:01 [INFO] : 工单 1949312324619730945 AI状态更新为: PENDING
2025-12-12 11:00:01 [INFO] : 📋 处理工单 1949312286740971521 (47/50) - 评论表: t_work_comment_2025
2025-12-12 11:00:01 [INFO] : 从表 t_work_comment_2025 获取工单 1949312286740971521 的 3 条完整对话记录（包含客户和客服）
2025-12-12 11:00:01 [INFO] : 💭 工单 1949312286740971521 获取到 3 条原始评论
2025-12-12 11:00:01 [INFO] : 🔍 工单 1949312286740971521 开始去噪处理 3 条有效评论...
2025-12-12 11:00:01 [INFO] : 🔍 开始过滤评论，原始数量: 3
2025-12-12 11:00:01 [INFO] : ✅ 评论过滤完成:
2025-12-12 11:00:01 [INFO] :   📥 原始数量: 3
2025-12-12 11:00:01 [INFO] :   📤 过滤后数量: 3
2025-12-12 11:00:01 [INFO] :   🗑️ 移除数量: 0
2025-12-12 11:00:01 [INFO] :   📊 过滤率: 0.0%
2025-12-12 11:00:01 [INFO] : ✅ 创建批次记录: batch_20251212_110001_93a6c9ab, 工单数: 1
2025-12-12 11:00:01 [INFO] : ✅ 更新批次统计: batch_20251212_110001_93a6c9ab, 状态: COMPLETED
2025-12-12 11:00:01 [INFO] : ✅ 保存工单 1949312286740971521 去噪记录成功，批次: batch_20251212_110001_93a6c9ab
2025-12-12 11:00:01 [INFO] : ✅ 工单 1949312286740971521 去噪完成: 3 -> 3 条评论
2025-12-12 11:00:01 [INFO] : 🧾 工单 1949312286740971521 首响开关: work_type=EXCHANGE, work_table_name=t_work_2025, is_after_sale=False, raw_comments=3, valid_comments=3
2025-12-12 11:00:01 [INFO] : ✅ 工单 1949312286740971521 有 3 条有效评论，构建完成对话数据
2025-12-12 11:00:01 [INFO] : 工单 1949312286740971521 AI状态更新为: PENDING
2025-12-12 11:00:01 [INFO] : 📋 处理工单 1949312278381723649 (48/50) - 评论表: t_work_comment_2025
2025-12-12 11:00:01 [INFO] : 从表 t_work_comment_2025 获取工单 1949312278381723649 的 29 条完整对话记录（包含客户和客服）
2025-12-12 11:00:01 [INFO] : 💭 工单 1949312278381723649 获取到 29 条原始评论
2025-12-12 11:00:01 [INFO] : 🔍 工单 1949312278381723649 开始去噪处理 26 条有效评论...
2025-12-12 11:00:01 [INFO] : 🔍 开始过滤评论，原始数量: 26
2025-12-12 11:00:01 [INFO] : ✅ 评论过滤完成:
2025-12-12 11:00:01 [INFO] :   📥 原始数量: 26
2025-12-12 11:00:01 [INFO] :   📤 过滤后数量: 26
2025-12-12 11:00:01 [INFO] :   🗑️ 移除数量: 0
2025-12-12 11:00:01 [INFO] :   📊 过滤率: 0.0%
2025-12-12 11:00:01 [INFO] : ✅ 创建批次记录: batch_20251212_110001_eca41b97, 工单数: 1
2025-12-12 11:00:01 [INFO] : ✅ 更新批次统计: batch_20251212_110001_eca41b97, 状态: COMPLETED
2025-12-12 11:00:01 [INFO] : ✅ 保存工单 1949312278381723649 去噪记录成功，批次: batch_20251212_110001_eca41b97
2025-12-12 11:00:01 [INFO] : ✅ 工单 1949312278381723649 去噪完成: 26 -> 26 条评论
2025-12-12 11:00:01 [INFO] : 🧾 工单 1949312278381723649 首响开关: work_type=EXCHANGE, work_table_name=t_work_2025, is_after_sale=False, raw_comments=29, valid_comments=26
2025-12-12 11:00:01 [INFO] : ✅ 工单 1949312278381723649 有 26 条有效评论，构建完成对话数据
2025-12-12 11:00:01 [INFO] : 工单 1949312278381723649 AI状态更新为: PENDING
2025-12-12 11:00:01 [INFO] : 📋 处理工单 1949312235830509569 (49/50) - 评论表: t_work_comment_2025
2025-12-12 11:00:01 [INFO] : 从表 t_work_comment_2025 获取工单 1949312235830509569 的 5 条完整对话记录（包含客户和客服）
2025-12-12 11:00:01 [INFO] : 💭 工单 1949312235830509569 获取到 5 条原始评论
2025-12-12 11:00:01 [INFO] : 🔍 工单 1949312235830509569 开始去噪处理 5 条有效评论...
2025-12-12 11:00:01 [INFO] : 🔍 开始过滤评论，原始数量: 5
2025-12-12 11:00:01 [INFO] : ✅ 评论过滤完成:
2025-12-12 11:00:01 [INFO] :   📥 原始数量: 5
2025-12-12 11:00:01 [INFO] :   📤 过滤后数量: 5
2025-12-12 11:00:01 [INFO] :   🗑️ 移除数量: 0
2025-12-12 11:00:01 [INFO] :   📊 过滤率: 0.0%
2025-12-12 11:00:01 [INFO] : ✅ 创建批次记录: batch_20251212_110001_1a1a0653, 工单数: 1
2025-12-12 11:00:01 [INFO] : ✅ 更新批次统计: batch_20251212_110001_1a1a0653, 状态: COMPLETED
2025-12-12 11:00:01 [INFO] : ✅ 保存工单 1949312235830509569 去噪记录成功，批次: batch_20251212_110001_1a1a0653
2025-12-12 11:00:01 [INFO] : ✅ 工单 1949312235830509569 去噪完成: 5 -> 5 条评论
2025-12-12 11:00:01 [INFO] : ⏳ 工单 1949312235830509569 首响计算开始，评论总数=5
2025-12-12 11:00:01 [INFO] : 👀 工单 1949312235830509569 评论巡检: id=1949312236044419072, user_type=SELLER, oper_raw=True, is_service=False, is_customer=True, create_time=2025-07-27 11:33:48
2025-12-12 11:00:01 [INFO] : 🎯 工单 1949312235830509569 首条客户消息锁定: 2025-07-27 11:33:48
2025-12-12 11:00:01 [INFO] : 👀 工单 1949312235830509569 评论巡检: id=1949312251768864768, user_type=EMPLOYEE, oper_raw=True, is_service=True, is_customer=False, create_time=2025-07-27 11:33:51
2025-12-12 11:00:01 [INFO] : 🎯 工单 1949312235830509569 首条客服回复锁定: 2025-07-27 11:33:51
2025-12-12 11:00:01 [INFO] : ⏱️ 工单 1949312235830509569 首响计算: first_customer_message_time=2025-07-27 11:33:48, first_service_reply_time=2025-07-27 11:33:51, response_seconds=3, threshold_seconds=120, is_timeout=False
2025-12-12 11:00:01 [INFO] : 🧾 工单 1949312235830509569 首响开关: work_type=AFTER_SALE, work_table_name=t_work_2025, is_after_sale=True, raw_comments=5, valid_comments=5
2025-12-12 11:00:01 [INFO] : ✅ 工单 1949312235830509569 有 5 条有效评论，构建完成对话数据
2025-12-12 11:00:01 [INFO] : 工单 1949312235830509569 AI状态更新为: PENDING
2025-12-12 11:00:01 [INFO] : 📋 处理工单 1949312169107521537 (50/50) - 评论表: t_work_comment_2025
2025-12-12 11:00:01 [INFO] : 从表 t_work_comment_2025 获取工单 1949312169107521537 的 6 条完整对话记录（包含客户和客服）
2025-12-12 11:00:01 [INFO] : 💭 工单 1949312169107521537 获取到 6 条原始评论
2025-12-12 11:00:01 [INFO] : 🔍 工单 1949312169107521537 开始去噪处理 5 条有效评论...
2025-12-12 11:00:01 [INFO] : 🔍 开始过滤评论，原始数量: 5
2025-12-12 11:00:01 [INFO] : ✅ 评论过滤完成:
2025-12-12 11:00:01 [INFO] :   📥 原始数量: 5
2025-12-12 11:00:01 [INFO] :   📤 过滤后数量: 5
2025-12-12 11:00:01 [INFO] :   🗑️ 移除数量: 0
2025-12-12 11:00:01 [INFO] :   📊 过滤率: 0.0%
2025-12-12 11:00:01 [INFO] : ✅ 创建批次记录: batch_20251212_110001_ac9a459d, 工单数: 1
2025-12-12 11:00:01 [INFO] : ✅ 更新批次统计: batch_20251212_110001_ac9a459d, 状态: COMPLETED
2025-12-12 11:00:01 [INFO] : ✅ 保存工单 1949312169107521537 去噪记录成功，批次: batch_20251212_110001_ac9a459d
2025-12-12 11:00:01 [INFO] : ✅ 工单 1949312169107521537 去噪完成: 5 -> 5 条评论
2025-12-12 11:00:01 [INFO] : 🧾 工单 1949312169107521537 首响开关: work_type=EXCHANGE, work_table_name=t_work_2025, is_after_sale=False, raw_comments=6, valid_comments=5
2025-12-12 11:00:01 [INFO] : ✅ 工单 1949312169107521537 有 5 条有效评论，构建完成对话数据
2025-12-12 11:00:01 [INFO] : 工单 1949312169107521537 AI状态更新为: PENDING
2025-12-12 11:00:01 [INFO] : ============================================================
2025-12-12 11:00:01 [INFO] : 📋 pending工单数据拉取完成总结:
2025-12-12 11:00:01 [INFO] :   📥 查询到工单总数: 50
2025-12-12 11:00:01 [INFO] :   💬 有评论可分析: 50
2025-12-12 11:00:01 [INFO] :   💭 无评论已完成: 0
2025-12-12 11:00:01 [INFO] :   🔍 执行去噪处理: 0
2025-12-12 11:00:01 [INFO] : ============================================================
2025-12-12 11:00:01 [INFO] : 📊 步骤1: pending数据拉取结果 - success: True
2025-12-12 11:00:01 [INFO] : ✅ 步骤1完成: 拉取pending数据成功，获取到 50 个工单
2025-12-12 11:00:01 [INFO] : 📊 pending工单统计详情:
2025-12-12 11:00:01 [INFO] :   📥 拉取工单总数: 50
2025-12-12 11:00:01 [INFO] :   💬 有评论待分析: 50
2025-12-12 11:00:01 [INFO] :   💭 无评论已处理: 0
2025-12-12 11:00:01 [INFO] :   🔍 去噪处理数量: 0
2025-12-12 11:00:01 [INFO] : 🔄 步骤2: 开始批量AI分析处理...
2025-12-12 11:00:01 [INFO] : ================================================================================
2025-12-12 11:00:01 [INFO] : 🧠 开始批量分析处理 50 个工单
2025-12-12 11:00:01 [INFO] : 📊 批量分析前预处理统计:
2025-12-12 11:00:01 [INFO] :   📥 输入工单总数: 50
2025-12-12 11:00:01 [INFO] :   🔄 去重后工单数: 50
2025-12-12 11:00:01 [INFO] :   💬 有评论可分析: 50
2025-12-12 11:00:01 [INFO] :   💭 无评论跳过: 0
2025-12-12 11:00:01 [INFO] : 🔒 开始原子性标记 50 个工单为处理中状态...
2025-12-12 11:00:01 [INFO] : ✅ 工单 1949311761450532865 成功标记为处理中 (1/50)
2025-12-12 11:00:01 [INFO] : ✅ 工单 1949312109728759809 成功标记为处理中 (2/50)
2025-12-12 11:00:01 [INFO] : ✅ 工单 1949312102061572097 成功标记为处理中 (3/50)
2025-12-12 11:00:01 [INFO] : ✅ 工单 1949312048101851137 成功标记为处理中 (4/50)
2025-12-12 11:00:01 [INFO] : ✅ 工单 1949312036647206913 成功标记为处理中 (5/50)
2025-12-12 11:00:01 [INFO] : ✅ 工单 1949312003134717952 成功标记为处理中 (6/50)
2025-12-12 11:00:01 [INFO] : ✅ 工单 1949311989532590081 成功标记为处理中 (7/50)
2025-12-12 11:00:01 [INFO] : ✅ 工单 1949311949456015361 成功标记为处理中 (8/50)
2025-12-12 11:00:01 [INFO] : ✅ 工单 1949311928681627649 成功标记为处理中 (9/50)
2025-12-12 11:00:01 [INFO] : ✅ 工单 1949311911468204033 成功标记为处理中 (10/50)
2025-12-12 11:00:01 [INFO] : ✅ 工单 1949311879180451841 成功标记为处理中 (11/50)
2025-12-12 11:00:01 [INFO] : ✅ 工单 1949311872817692673 成功标记为处理中 (12/50)
2025-12-12 11:00:01 [INFO] : ✅ 工单 1949311866404601857 成功标记为处理中 (13/50)
2025-12-12 11:00:01 [INFO] : ✅ 工单 1949313974063333376 成功标记为处理中 (14/50)
2025-12-12 11:00:01 [INFO] : ✅ 工单 1949311732899905537 成功标记为处理中 (15/50)
2025-12-12 11:00:01 [INFO] : ✅ 工单 1949311721516564481 成功标记为处理中 (16/50)
2025-12-12 11:00:01 [INFO] : ✅ 工单 1949311694572355584 成功标记为处理中 (17/50)
2025-12-12 11:00:01 [INFO] : ✅ 工单 1949311671302356993 成功标记为处理中 (18/50)
2025-12-12 11:00:01 [INFO] : ✅ 工单 1949311647721979904 成功标记为处理中 (19/50)
2025-12-12 11:00:01 [INFO] : ✅ 工单 1949311469677969409 成功标记为处理中 (20/50)
2025-12-12 11:00:01 [INFO] : ✅ 工单 1949311435611832321 成功标记为处理中 (21/50)
2025-12-12 11:00:01 [INFO] : ✅ 工单 1949311361947271169 成功标记为处理中 (22/50)
2025-12-12 11:00:01 [INFO] : ✅ 工单 1949311351373430785 成功标记为处理中 (23/50)
2025-12-12 11:00:01 [INFO] : ✅ 工单 1949311344335388673 成功标记为处理中 (24/50)
2025-12-12 11:00:01 [INFO] : ✅ 工单 1949311332612308993 成功标记为处理中 (25/50)
2025-12-12 11:00:01 [INFO] : ✅ 工单 1949312219518861313 成功标记为处理中 (26/50)
2025-12-12 11:00:01 [INFO] : ✅ 工单 1949313976915460097 成功标记为处理中 (27/50)
2025-12-12 11:00:01 [INFO] : ✅ 工单 1949313892760944640 成功标记为处理中 (28/50)
2025-12-12 11:00:01 [INFO] : ✅ 工单 1949313705585934337 成功标记为处理中 (29/50)
2025-12-12 11:00:01 [INFO] : ✅ 工单 1949313685960785921 成功标记为处理中 (30/50)
2025-12-12 11:00:01 [INFO] : ✅ 工单 1949313678385872897 成功标记为处理中 (31/50)
2025-12-12 11:00:01 [INFO] : ✅ 工单 1949313636954537985 成功标记为处理中 (32/50)
2025-12-12 11:00:01 [INFO] : ✅ 工单 1949313613072171008 成功标记为处理中 (33/50)
2025-12-12 11:00:01 [INFO] : ✅ 工单 1949313353780297729 成功标记为处理中 (34/50)
2025-12-12 11:00:01 [INFO] : ✅ 工单 1949313251380559873 成功标记为处理中 (35/50)
2025-12-12 11:00:01 [INFO] : ✅ 工单 1949313153678442497 成功标记为处理中 (36/50)
2025-12-12 11:00:01 [INFO] : ✅ 工单 1949313147739308033 成功标记为处理中 (37/50)
2025-12-12 11:00:01 [INFO] : ✅ 工单 1949312802032189441 成功标记为处理中 (38/50)
2025-12-12 11:00:01 [INFO] : ✅ 工单 1949312752040280065 成功标记为处理中 (39/50)
2025-12-12 11:00:01 [INFO] : ✅ 工单 1949312603033436161 成功标记为处理中 (40/50)
2025-12-12 11:00:01 [INFO] : ✅ 工单 1949312550629801985 成功标记为处理中 (41/50)
2025-12-12 11:00:01 [INFO] : ✅ 工单 1949312459974115329 成功标记为处理中 (42/50)
2025-12-12 11:00:01 [INFO] : ✅ 工单 1949312457264594944 成功标记为处理中 (43/50)
2025-12-12 11:00:01 [INFO] : ✅ 工单 1949312347969421313 成功标记为处理中 (44/50)
2025-12-12 11:00:01 [INFO] : ✅ 工单 1949312328411381761 成功标记为处理中 (45/50)
2025-12-12 11:00:01 [INFO] : ✅ 工单 1949312324619730945 成功标记为处理中 (46/50)
2025-12-12 11:00:01 [INFO] : ✅ 工单 1949312286740971521 成功标记为处理中 (47/50)
2025-12-12 11:00:01 [INFO] : ✅ 工单 1949312278381723649 成功标记为处理中 (48/50)
2025-12-12 11:00:01 [INFO] : ✅ 工单 1949312235830509569 成功标记为处理中 (49/50)
2025-12-12 11:00:01 [INFO] : ✅ 工单 1949312169107521537 成功标记为处理中 (50/50)
2025-12-12 11:00:01 [INFO] : 🔒 批量状态标记完成: 50/50 个工单成功标记为处理中状态
2025-12-12 11:00:01 [INFO] : 📋 工单 #1: ID=1949311761450532865, 评论数=2
2025-12-12 11:00:01 [INFO] : 📋 工单 #2: ID=1949312109728759809, 评论数=4
2025-12-12 11:00:01 [INFO] : 📋 工单 #3: ID=1949312102061572097, 评论数=6
2025-12-12 11:00:01 [INFO] : 🔄 准备创建 50 个分析任务，并发数: 5
2025-12-12 11:00:01 [INFO] : ⚡ 开始执行批量分析任务 - 目标工单数: 50, 并发数: 5
2025-12-12 11:00:01 [INFO] : 🔍 开始分析工单 1949311761450532865 的对话
2025-12-12 11:00:01 [INFO] : 从数据库加载分析关键词配置
2025-12-12 11:00:01 [INFO] : 成功加载 1 个分析关键词配置分类
2025-12-12 11:00:01 [INFO] : 成功从数据库加载 1 个关键词配置分类
2025-12-12 11:00:01 [INFO] : 📊 工单 1949311761450532865 关键词筛选结果: 可疑=False, 置信度=0.000
2025-12-12 11:00:01 [INFO] : ⏭️ 工单 1949311761450532865 未命中关键词阈值（置信度: 0.000），判定为低风险，不保存
2025-12-12 11:00:01 [INFO] : 🔍 开始分析工单 1949312109728759809 的对话
2025-12-12 11:00:01 [INFO] : 成功从数据库加载 1 个关键词配置分类
2025-12-12 11:00:01 [INFO] : 📊 工单 1949312109728759809 关键词筛选结果: 可疑=False, 置信度=0.000
2025-12-12 11:00:01 [INFO] : ⏭️ 工单 1949312109728759809 未命中关键词阈值（置信度: 0.000），判定为低风险，不保存
2025-12-12 11:00:01 [INFO] : 🔍 开始分析工单 1949312102061572097 的对话
2025-12-12 11:00:01 [INFO] : 成功从数据库加载 1 个关键词配置分类
2025-12-12 11:00:01 [INFO] : 📊 工单 1949312102061572097 关键词筛选结果: 可疑=False, 置信度=0.000
2025-12-12 11:00:01 [INFO] : ⏭️ 工单 1949312102061572097 未命中关键词阈值（置信度: 0.000），判定为低风险，不保存
2025-12-12 11:00:01 [INFO] : 🔍 开始分析工单 1949312048101851137 的对话
2025-12-12 11:00:01 [INFO] : 成功从数据库加载 1 个关键词配置分类
2025-12-12 11:00:01 [INFO] : 📊 工单 1949312048101851137 关键词筛选结果: 可疑=False, 置信度=0.000
2025-12-12 11:00:01 [INFO] : ⏭️ 工单 1949312048101851137 未命中关键词阈值（置信度: 0.000），判定为低风险，不保存
2025-12-12 11:00:01 [INFO] : 🔍 开始分析工单 1949312036647206913 的对话
2025-12-12 11:00:01 [INFO] : 成功从数据库加载 1 个关键词配置分类
2025-12-12 11:00:01 [INFO] : 📊 工单 1949312036647206913 关键词筛选结果: 可疑=False, 置信度=0.000
2025-12-12 11:00:01 [INFO] : ⏭️ 工单 1949312036647206913 未命中关键词阈值（置信度: 0.000），判定为低风险，不保存
2025-12-12 11:00:01 [INFO] : 🔍 开始分析工单 1949312003134717952 的对话
2025-12-12 11:00:01 [INFO] : 成功从数据库加载 1 个关键词配置分类
2025-12-12 11:00:01 [INFO] : 📊 工单 1949312003134717952 关键词筛选结果: 可疑=False, 置信度=0.000
2025-12-12 11:00:01 [INFO] : ⏭️ 工单 1949312003134717952 未命中关键词阈值（置信度: 0.000），判定为低风险，不保存
2025-12-12 11:00:01 [INFO] : 🔍 开始分析工单 1949311989532590081 的对话
2025-12-12 11:00:01 [INFO] : 成功从数据库加载 1 个关键词配置分类
2025-12-12 11:00:01 [INFO] : 📊 工单 1949311989532590081 关键词筛选结果: 可疑=False, 置信度=0.200
2025-12-12 11:00:01 [INFO] : ⏭️ 工单 1949311989532590081 未命中关键词阈值（置信度: 0.200），判定为低风险，不保存
2025-12-12 11:00:01 [INFO] : 🔍 开始分析工单 1949311949456015361 的对话
2025-12-12 11:00:01 [INFO] : 成功从数据库加载 1 个关键词配置分类
2025-12-12 11:00:01 [INFO] : 📊 工单 1949311949456015361 关键词筛选结果: 可疑=False, 置信度=0.000
2025-12-12 11:00:01 [INFO] : ⏭️ 工单 1949311949456015361 未命中关键词阈值（置信度: 0.000），判定为低风险，不保存
2025-12-12 11:00:01 [INFO] : 🔍 开始分析工单 1949311928681627649 的对话
2025-12-12 11:00:01 [INFO] : 成功从数据库加载 1 个关键词配置分类
2025-12-12 11:00:01 [INFO] : 📊 工单 1949311928681627649 关键词筛选结果: 可疑=False, 置信度=0.000
2025-12-12 11:00:01 [INFO] : ⏭️ 工单 1949311928681627649 未命中关键词阈值（置信度: 0.000），判定为低风险，不保存
2025-12-12 11:00:01 [INFO] : 🔍 开始分析工单 1949311911468204033 的对话
2025-12-12 11:00:01 [INFO] : 成功从数据库加载 1 个关键词配置分类
2025-12-12 11:00:01 [INFO] : 📊 工单 1949311911468204033 关键词筛选结果: 可疑=False, 置信度=0.000
2025-12-12 11:00:01 [INFO] : ⏭️ 工单 1949311911468204033 未命中关键词阈值（置信度: 0.000），判定为低风险，不保存
2025-12-12 11:00:01 [INFO] : 🔍 开始分析工单 1949311879180451841 的对话
2025-12-12 11:00:01 [INFO] : 成功从数据库加载 1 个关键词配置分类
2025-12-12 11:00:01 [INFO] : 📊 工单 1949311879180451841 关键词筛选结果: 可疑=False, 置信度=0.000
2025-12-12 11:00:01 [INFO] : ⏭️ 工单 1949311879180451841 未命中关键词阈值（置信度: 0.000），判定为低风险，不保存
2025-12-12 11:00:01 [INFO] : 🔍 开始分析工单 1949311872817692673 的对话
2025-12-12 11:00:01 [INFO] : 成功从数据库加载 1 个关键词配置分类
2025-12-12 11:00:01 [INFO] : 📊 工单 1949311872817692673 关键词筛选结果: 可疑=False, 置信度=0.000
2025-12-12 11:00:01 [INFO] : ⏭️ 工单 1949311872817692673 未命中关键词阈值（置信度: 0.000），判定为低风险，不保存
2025-12-12 11:00:01 [INFO] : 🔍 开始分析工单 1949311866404601857 的对话
2025-12-12 11:00:01 [INFO] : 成功从数据库加载 1 个关键词配置分类
2025-12-12 11:00:01 [INFO] : 📊 工单 1949311866404601857 关键词筛选结果: 可疑=False, 置信度=0.000
2025-12-12 11:00:01 [INFO] : ⏭️ 工单 1949311866404601857 未命中关键词阈值（置信度: 0.000），判定为低风险，不保存
2025-12-12 11:00:01 [INFO] : 🔍 开始分析工单 1949313974063333376 的对话
2025-12-12 11:00:01 [INFO] : 成功从数据库加载 1 个关键词配置分类
2025-12-12 11:00:01 [INFO] : 📊 工单 1949313974063333376 关键词筛选结果: 可疑=False, 置信度=0.000
2025-12-12 11:00:01 [INFO] : ⏭️ 工单 1949313974063333376 未命中关键词阈值（置信度: 0.000），判定为低风险，不保存
2025-12-12 11:00:01 [INFO] : 🔍 开始分析工单 1949311732899905537 的对话
2025-12-12 11:00:01 [INFO] : 成功从数据库加载 1 个关键词配置分类
2025-12-12 11:00:01 [INFO] : 📊 工单 1949311732899905537 关键词筛选结果: 可疑=False, 置信度=0.000
2025-12-12 11:00:01 [INFO] : ⏭️ 工单 1949311732899905537 未命中关键词阈值（置信度: 0.000），判定为低风险，不保存
2025-12-12 11:00:01 [INFO] : 🔍 开始分析工单 1949311721516564481 的对话
2025-12-12 11:00:01 [INFO] : 成功从数据库加载 1 个关键词配置分类
2025-12-12 11:00:01 [INFO] : 📊 工单 1949311721516564481 关键词筛选结果: 可疑=False, 置信度=0.000
2025-12-12 11:00:01 [INFO] : ⏭️ 工单 1949311721516564481 未命中关键词阈值（置信度: 0.000），判定为低风险，不保存
2025-12-12 11:00:01 [INFO] : 🔍 开始分析工单 1949311694572355584 的对话
2025-12-12 11:00:01 [INFO] : 成功从数据库加载 1 个关键词配置分类
2025-12-12 11:00:01 [INFO] : 📊 工单 1949311694572355584 关键词筛选结果: 可疑=False, 置信度=0.000
2025-12-12 11:00:01 [INFO] : ⏭️ 工单 1949311694572355584 未命中关键词阈值（置信度: 0.000），判定为低风险，不保存
2025-12-12 11:00:01 [INFO] : 🔍 开始分析工单 1949311671302356993 的对话
2025-12-12 11:00:01 [INFO] : 成功从数据库加载 1 个关键词配置分类
2025-12-12 11:00:01 [INFO] : 📊 工单 1949311671302356993 关键词筛选结果: 可疑=True, 置信度=0.400
2025-12-12 11:00:01 [INFO] : 🎯 工单 1949311671302356993 命中关键词类别: ['推卸责任']，置信度: 0.400
2025-12-12 11:00:01 [INFO] : 📊 工单 1949311671302356993 正则匹配结果: 收集到 1 条证据
2025-12-12 11:00:01 [INFO] : 工单 1949311671302356993 匹配分类: ['推卸责任'] -> category_keys: ['responsibility_evasion']
2025-12-12 11:00:01 [WARNING] : 目标分类 ['responsibility_evasion'] 中没有启用的分类
2025-12-12 11:00:01 [INFO] : 🔍 开始分析工单 1949311647721979904 的对话
2025-12-12 11:00:01 [INFO] : 成功从数据库加载 1 个关键词配置分类
2025-12-12 11:00:01 [INFO] : 📊 工单 1949311647721979904 关键词筛选结果: 可疑=False, 置信度=0.000
2025-12-12 11:00:01 [INFO] : ⏭️ 工单 1949311647721979904 未命中关键词阈值（置信度: 0.000），判定为低风险，不保存
2025-12-12 11:00:01 [INFO] : 🔍 开始分析工单 1949311469677969409 的对话
2025-12-12 11:00:01 [INFO] : 成功从数据库加载 1 个关键词配置分类
2025-12-12 11:00:01 [INFO] : 📊 工单 1949311469677969409 关键词筛选结果: 可疑=False, 置信度=0.000
2025-12-12 11:00:01 [INFO] : ⏭️ 工单 1949311469677969409 未命中关键词阈值（置信度: 0.000），判定为低风险，不保存
2025-12-12 11:00:01 [INFO] : 🔍 开始分析工单 1949311435611832321 的对话
2025-12-12 11:00:01 [INFO] : 成功从数据库加载 1 个关键词配置分类
2025-12-12 11:00:01 [INFO] : 📊 工单 1949311435611832321 关键词筛选结果: 可疑=False, 置信度=0.200
2025-12-12 11:00:01 [INFO] : ⏭️ 工单 1949311435611832321 未命中关键词阈值（置信度: 0.200），判定为低风险，不保存
2025-12-12 11:00:01 [INFO] : 🔍 开始分析工单 1949311361947271169 的对话
2025-12-12 11:00:01 [INFO] : 成功从数据库加载 1 个关键词配置分类
2025-12-12 11:00:01 [INFO] : 📊 工单 1949311361947271169 关键词筛选结果: 可疑=False, 置信度=0.200
2025-12-12 11:00:01 [INFO] : ⏭️ 工单 1949311361947271169 未命中关键词阈值（置信度: 0.200），判定为低风险，不保存
2025-12-12 11:00:01 [INFO] : 🔍 开始分析工单 1949311351373430785 的对话
2025-12-12 11:00:01 [INFO] : 成功从数据库加载 1 个关键词配置分类
2025-12-12 11:00:01 [INFO] : 📊 工单 1949311351373430785 关键词筛选结果: 可疑=False, 置信度=0.000
2025-12-12 11:00:01 [INFO] : ⏭️ 工单 1949311351373430785 未命中关键词阈值（置信度: 0.000），判定为低风险，不保存
2025-12-12 11:00:01 [INFO] : 🔍 开始分析工单 1949311344335388673 的对话
2025-12-12 11:00:01 [INFO] : 成功从数据库加载 1 个关键词配置分类
2025-12-12 11:00:01 [INFO] : 📊 工单 1949311344335388673 关键词筛选结果: 可疑=False, 置信度=0.000
2025-12-12 11:00:01 [INFO] : ⏭️ 工单 1949311344335388673 未命中关键词阈值（置信度: 0.000），判定为低风险，不保存
2025-12-12 11:00:01 [INFO] : 🔍 开始分析工单 1949311332612308993 的对话
2025-12-12 11:00:01 [INFO] : 成功从数据库加载 1 个关键词配置分类
2025-12-12 11:00:01 [INFO] : 📊 工单 1949311332612308993 关键词筛选结果: 可疑=False, 置信度=0.000
2025-12-12 11:00:01 [INFO] : ⏭️ 工单 1949311332612308993 未命中关键词阈值（置信度: 0.000），判定为低风险，不保存
2025-12-12 11:00:01 [INFO] : 🔍 开始分析工单 1949312219518861313 的对话
2025-12-12 11:00:01 [INFO] : 成功从数据库加载 1 个关键词配置分类
2025-12-12 11:00:01 [INFO] : 📊 工单 1949312219518861313 关键词筛选结果: 可疑=False, 置信度=0.200
2025-12-12 11:00:01 [INFO] : ⏭️ 工单 1949312219518861313 未命中关键词阈值（置信度: 0.200），判定为低风险，不保存
2025-12-12 11:00:01 [INFO] : 🔍 开始分析工单 1949313976915460097 的对话
2025-12-12 11:00:01 [INFO] : 成功从数据库加载 1 个关键词配置分类
2025-12-12 11:00:01 [INFO] : 📊 工单 1949313976915460097 关键词筛选结果: 可疑=False, 置信度=0.000
2025-12-12 11:00:01 [INFO] : ⏭️ 工单 1949313976915460097 未命中关键词阈值（置信度: 0.000），判定为低风险，不保存
2025-12-12 11:00:01 [INFO] : 🔍 开始分析工单 1949313892760944640 的对话
2025-12-12 11:00:01 [INFO] : 成功从数据库加载 1 个关键词配置分类
2025-12-12 11:00:01 [INFO] : 📊 工单 1949313892760944640 关键词筛选结果: 可疑=False, 置信度=0.000
2025-12-12 11:00:01 [INFO] : ⏭️ 工单 1949313892760944640 未命中关键词阈值（置信度: 0.000），判定为低风险，不保存
2025-12-12 11:00:01 [INFO] : 🔍 开始分析工单 1949313705585934337 的对话
2025-12-12 11:00:01 [INFO] : 成功从数据库加载 1 个关键词配置分类
2025-12-12 11:00:01 [INFO] : 📊 工单 1949313705585934337 关键词筛选结果: 可疑=False, 置信度=0.000
2025-12-12 11:00:01 [INFO] : ⏭️ 工单 1949313705585934337 未命中关键词阈值（置信度: 0.000），判定为低风险，不保存
2025-12-12 11:00:01 [INFO] : 🔍 开始分析工单 1949313685960785921 的对话
2025-12-12 11:00:01 [INFO] : 成功从数据库加载 1 个关键词配置分类
2025-12-12 11:00:01 [INFO] : 📊 工单 1949313685960785921 关键词筛选结果: 可疑=False, 置信度=0.000
2025-12-12 11:00:01 [INFO] : ⏭️ 工单 1949313685960785921 未命中关键词阈值（置信度: 0.000），判定为低风险，不保存
2025-12-12 11:00:01 [INFO] : 🔍 开始分析工单 1949313678385872897 的对话
2025-12-12 11:00:01 [INFO] : 成功从数据库加载 1 个关键词配置分类
2025-12-12 11:00:01 [INFO] : 📊 工单 1949313678385872897 关键词筛选结果: 可疑=False, 置信度=0.000
2025-12-12 11:00:01 [INFO] : ⏭️ 工单 1949313678385872897 未命中关键词阈值（置信度: 0.000），判定为低风险，不保存
2025-12-12 11:00:01 [INFO] : 🔍 开始分析工单 1949313636954537985 的对话
2025-12-12 11:00:01 [INFO] : 成功从数据库加载 1 个关键词配置分类
2025-12-12 11:00:01 [INFO] : 📊 工单 1949313636954537985 关键词筛选结果: 可疑=False, 置信度=0.000
2025-12-12 11:00:01 [INFO] : ⏭️ 工单 1949313636954537985 未命中关键词阈值（置信度: 0.000），判定为低风险，不保存
2025-12-12 11:00:01 [INFO] : 🔍 开始分析工单 1949313613072171008 的对话
2025-12-12 11:00:01 [INFO] : 成功从数据库加载 1 个关键词配置分类
2025-12-12 11:00:01 [INFO] : 📊 工单 1949313613072171008 关键词筛选结果: 可疑=False, 置信度=0.000
2025-12-12 11:00:01 [INFO] : ⏭️ 工单 1949313613072171008 未命中关键词阈值（置信度: 0.000），判定为低风险，不保存
2025-12-12 11:00:01 [INFO] : 🔍 开始分析工单 1949313353780297729 的对话
2025-12-12 11:00:01 [INFO] : 成功从数据库加载 1 个关键词配置分类
2025-12-12 11:00:01 [INFO] : 📊 工单 1949313353780297729 关键词筛选结果: 可疑=False, 置信度=0.200
2025-12-12 11:00:01 [INFO] : ⏭️ 工单 1949313353780297729 未命中关键词阈值（置信度: 0.200），判定为低风险，不保存
2025-12-12 11:00:01 [INFO] : 🔍 开始分析工单 1949313251380559873 的对话
2025-12-12 11:00:01 [INFO] : 成功从数据库加载 1 个关键词配置分类
2025-12-12 11:00:01 [INFO] : 📊 工单 1949313251380559873 关键词筛选结果: 可疑=False, 置信度=0.000
2025-12-12 11:00:01 [INFO] : ⏭️ 工单 1949313251380559873 未命中关键词阈值（置信度: 0.000），判定为低风险，不保存
2025-12-12 11:00:01 [INFO] : 🔍 开始分析工单 1949313153678442497 的对话
2025-12-12 11:00:01 [INFO] : 成功从数据库加载 1 个关键词配置分类
2025-12-12 11:00:01 [INFO] : 📊 工单 1949313153678442497 关键词筛选结果: 可疑=False, 置信度=0.000
2025-12-12 11:00:01 [INFO] : ⏭️ 工单 1949313153678442497 未命中关键词阈值（置信度: 0.000），判定为低风险，不保存
2025-12-12 11:00:01 [INFO] : 🔍 开始分析工单 1949313147739308033 的对话
2025-12-12 11:00:01 [INFO] : 成功从数据库加载 1 个关键词配置分类
2025-12-12 11:00:01 [INFO] : 📊 工单 1949313147739308033 关键词筛选结果: 可疑=False, 置信度=0.200
2025-12-12 11:00:01 [INFO] : ⏭️ 工单 1949313147739308033 未命中关键词阈值（置信度: 0.200），判定为低风险，不保存
2025-12-12 11:00:01 [INFO] : 🔍 开始分析工单 1949312802032189441 的对话
2025-12-12 11:00:01 [INFO] : 成功从数据库加载 1 个关键词配置分类
2025-12-12 11:00:01 [INFO] : 📊 工单 1949312802032189441 关键词筛选结果: 可疑=False, 置信度=0.000
2025-12-12 11:00:01 [INFO] : ⏭️ 工单 1949312802032189441 未命中关键词阈值（置信度: 0.000），判定为低风险，不保存
2025-12-12 11:00:01 [INFO] : 🔍 开始分析工单 1949312752040280065 的对话
2025-12-12 11:00:01 [INFO] : 成功从数据库加载 1 个关键词配置分类
2025-12-12 11:00:01 [INFO] : 📊 工单 1949312752040280065 关键词筛选结果: 可疑=False, 置信度=0.200
2025-12-12 11:00:01 [INFO] : ⏭️ 工单 1949312752040280065 未命中关键词阈值（置信度: 0.200），判定为低风险，不保存
2025-12-12 11:00:01 [INFO] : 🔍 开始分析工单 1949312603033436161 的对话
2025-12-12 11:00:01 [INFO] : 成功从数据库加载 1 个关键词配置分类
2025-12-12 11:00:01 [INFO] : 📊 工单 1949312603033436161 关键词筛选结果: 可疑=False, 置信度=0.000
2025-12-12 11:00:01 [INFO] : ⏭️ 工单 1949312603033436161 未命中关键词阈值（置信度: 0.000），判定为低风险，不保存
2025-12-12 11:00:01 [INFO] : 🔍 开始分析工单 1949312550629801985 的对话
2025-12-12 11:00:01 [INFO] : 成功从数据库加载 1 个关键词配置分类
2025-12-12 11:00:01 [INFO] : 📊 工单 1949312550629801985 关键词筛选结果: 可疑=False, 置信度=0.000
2025-12-12 11:00:01 [INFO] : ⏭️ 工单 1949312550629801985 未命中关键词阈值（置信度: 0.000），判定为低风险，不保存
2025-12-12 11:00:01 [INFO] : 🔍 开始分析工单 1949312459974115329 的对话
2025-12-12 11:00:01 [INFO] : 成功从数据库加载 1 个关键词配置分类
2025-12-12 11:00:01 [INFO] : 📊 工单 1949312459974115329 关键词筛选结果: 可疑=False, 置信度=0.000
2025-12-12 11:00:01 [INFO] : ⏭️ 工单 1949312459974115329 未命中关键词阈值（置信度: 0.000），判定为低风险，不保存
2025-12-12 11:00:01 [INFO] : 🔍 开始分析工单 1949312457264594944 的对话
2025-12-12 11:00:01 [INFO] : 成功从数据库加载 1 个关键词配置分类
2025-12-12 11:00:01 [INFO] : 📊 工单 1949312457264594944 关键词筛选结果: 可疑=False, 置信度=0.000
2025-12-12 11:00:01 [INFO] : ⏭️ 工单 1949312457264594944 未命中关键词阈值（置信度: 0.000），判定为低风险，不保存
2025-12-12 11:00:01 [INFO] : 🔍 开始分析工单 1949312347969421313 的对话
2025-12-12 11:00:01 [INFO] : 成功从数据库加载 1 个关键词配置分类
2025-12-12 11:00:01 [INFO] : 📊 工单 1949312347969421313 关键词筛选结果: 可疑=False, 置信度=0.000
2025-12-12 11:00:01 [INFO] : ⏭️ 工单 1949312347969421313 未命中关键词阈值（置信度: 0.000），判定为低风险，不保存
2025-12-12 11:00:01 [INFO] : 🔍 开始分析工单 1949312328411381761 的对话
2025-12-12 11:00:01 [INFO] : 成功从数据库加载 1 个关键词配置分类
2025-12-12 11:00:01 [INFO] : 📊 工单 1949312328411381761 关键词筛选结果: 可疑=False, 置信度=0.200
2025-12-12 11:00:01 [INFO] : ⏭️ 工单 1949312328411381761 未命中关键词阈值（置信度: 0.200），判定为低风险，不保存
2025-12-12 11:00:01 [INFO] : 🔍 开始分析工单 1949312324619730945 的对话
2025-12-12 11:00:01 [INFO] : 成功从数据库加载 1 个关键词配置分类
2025-12-12 11:00:01 [INFO] : 📊 工单 1949312324619730945 关键词筛选结果: 可疑=False, 置信度=0.000
2025-12-12 11:00:01 [INFO] : ⏭️ 工单 1949312324619730945 未命中关键词阈值（置信度: 0.000），判定为低风险，不保存
2025-12-12 11:00:01 [INFO] : 🔍 开始分析工单 1949312286740971521 的对话
2025-12-12 11:00:01 [INFO] : 成功从数据库加载 1 个关键词配置分类
2025-12-12 11:00:01 [INFO] : 📊 工单 1949312286740971521 关键词筛选结果: 可疑=False, 置信度=0.000
2025-12-12 11:00:01 [INFO] : ⏭️ 工单 1949312286740971521 未命中关键词阈值（置信度: 0.000），判定为低风险，不保存
2025-12-12 11:00:01 [INFO] : 🔍 开始分析工单 1949312278381723649 的对话
2025-12-12 11:00:01 [INFO] : 成功从数据库加载 1 个关键词配置分类
2025-12-12 11:00:01 [INFO] : 📊 工单 1949312278381723649 关键词筛选结果: 可疑=False, 置信度=0.200
2025-12-12 11:00:01 [INFO] : ⏭️ 工单 1949312278381723649 未命中关键词阈值（置信度: 0.200），判定为低风险，不保存
2025-12-12 11:00:01 [INFO] : 🔍 开始分析工单 1949312235830509569 的对话
2025-12-12 11:00:01 [INFO] : 成功从数据库加载 1 个关键词配置分类
2025-12-12 11:00:01 [INFO] : 📊 工单 1949312235830509569 关键词筛选结果: 可疑=False, 置信度=0.000
2025-12-12 11:00:01 [INFO] : ⏭️ 工单 1949312235830509569 未命中关键词阈值（置信度: 0.000），判定为低风险，不保存
2025-12-12 11:00:01 [INFO] : 🔍 开始分析工单 1949312169107521537 的对话
2025-12-12 11:00:01 [INFO] : 成功从数据库加载 1 个关键词配置分类
2025-12-12 11:00:01 [INFO] : 📊 工单 1949312169107521537 关键词筛选结果: 可疑=False, 置信度=0.000
2025-12-12 11:00:01 [INFO] : ⏭️ 工单 1949312169107521537 未命中关键词阈值（置信度: 0.000），判定为低风险，不保存
2025-12-12 11:00:01 [WARNING] : ⚠️ 工单 1949311671302356993 LLM分析失败: HTTP 404: {"error":{"code":"InvalidEndpointOrModel.NotFound","message":"The model or endpoint kimi-k2-250711 does not exist or you do not have access to it. Request id: 021765508401562d522dfe667f11f532747f925ca69749cc16337","param":"","type":"Not Found"}}，降级到正则判定
2025-12-12 11:00:01 [INFO] : ⚡ 批量分析任务执行完成，开始处理和保存结果...
2025-12-12 11:00:01 [INFO] : 📊 开始处理 50 个分析结果...
2025-12-12 11:00:01 [INFO] : 工单 1949311761450532865 AI状态更新为: COMPLETED
2025-12-12 11:00:01 [INFO] : 工单 1949312109728759809 AI状态更新为: COMPLETED
2025-12-12 11:00:01 [INFO] : 工单 1949312102061572097 AI状态更新为: COMPLETED
2025-12-12 11:00:01 [INFO] : 工单 1949312048101851137 AI状态更新为: COMPLETED
2025-12-12 11:00:01 [INFO] : 工单 1949312036647206913 AI状态更新为: COMPLETED
2025-12-12 11:00:01 [INFO] : 工单 1949312003134717952 AI状态更新为: COMPLETED
2025-12-12 11:00:01 [INFO] : 工单 1949311989532590081 AI状态更新为: COMPLETED
2025-12-12 11:00:01 [INFO] : 工单 1949311949456015361 AI状态更新为: COMPLETED
2025-12-12 11:00:01 [INFO] : 工单 1949311928681627649 AI状态更新为: COMPLETED
2025-12-12 11:00:01 [INFO] : 工单 1949311911468204033 AI状态更新为: COMPLETED
2025-12-12 11:00:01 [INFO] : 工单 1949311879180451841 AI状态更新为: COMPLETED
2025-12-12 11:00:01 [INFO] : 工单 1949311872817692673 AI状态更新为: COMPLETED
2025-12-12 11:00:01 [INFO] : 工单 1949311866404601857 AI状态更新为: COMPLETED
2025-12-12 11:00:01 [INFO] : 工单 1949313974063333376 AI状态更新为: COMPLETED
2025-12-12 11:00:01 [INFO] : 工单 1949311732899905537 AI状态更新为: COMPLETED
2025-12-12 11:00:01 [INFO] : 工单 1949311721516564481 AI状态更新为: COMPLETED
2025-12-12 11:00:01 [INFO] : 工单 1949311694572355584 AI状态更新为: COMPLETED
2025-12-12 11:00:01 [INFO] : 💾 保存工单 1949311671302356993 分析结果: 风险级别=high, 规避责任=True
2025-12-12 11:00:01 [INFO] : === 开始发现工单分表 ===
2025-12-12 11:00:01 [INFO] : 执行SQL查询发现工单表，匹配模式: t_work_order_%
2025-12-12 11:00:01 [INFO] : ✓ 查询到 6 个候选工单表: ['t_work_order_problem', 't_work_order_2025', 't_work_order_2024', 't_work_order_2023', 't_work_order_2022', 't_work_order_2010']
2025-12-12 11:00:01 [WARNING] : ⚠️ 表 t_work_order_problem 格式不匹配年份模式，跳过
2025-12-12 11:00:01 [WARNING] : ⚠️ 表 t_work_order_2010 年份 2010 超出有效范围 (2020-2030)
2025-12-12 11:00:01 [INFO] : ✓ 发现 4 个有效工单表: ['t_work_order_2025', 't_work_order_2024', 't_work_order_2023', 't_work_order_2022']
2025-12-12 11:00:01 [INFO] : 📊 保存时统计工单 1949311671302356993: 总10条，客户3条，客服7条
2025-12-12 11:00:01 [ERROR] : ❌ SQL执行失败，工单 1949311671302356993，错误: (pymysql.err.OperationalError) (1054, "Unknown column 'work_create_time' in 'field list'")
[SQL: 
            INSERT INTO ai_work_comment_analysis_results (
                work_id, order_id, order_no, session_id, session_start_time, session_end_time,
                total_comments, customer_comments, service_comments,
                has_evasion, risk_level, confidence_score,
                evasion_types, evidence_sentences, improvement_suggestions,
                keyword_screening_score, matched_categories, matched_keywords, is_suspicious,
                sentiment, sentiment_intensity, conversation_text,
                work_create_time, first_service_reply_name,
                first_response_seconds, first_response_timeout, first_response_rule_seconds,
                first_customer_message_time, first_service_reply_time,
                llm_raw_response, analysis_details, analysis_note,
                llm_provider, llm_model, llm_tokens_used,
                analysis_time, created_at, updated_at
            ) VALUES (
                %(work_id)s, %(order_id)s, %(order_no)s, %(session_id)s, %(session_start_time)s, %(session_end_time)s,
                %(total_comments)s, %(customer_comments)s, %(service_comments)s,
                %(has_evasion)s, %(risk_level)s, %(confidence_score)s,
                %(evasion_types)s, %(evidence_sentences)s, %(improvement_suggestions)s,
                %(keyword_screening_score)s, %(matched_categories)s, %(matched_keywords)s, %(is_suspicious)s,
                %(sentiment)s, %(sentiment_intensity)s, %(conversation_text)s,
                %(work_create_time)s, %(first_service_reply_name)s,
                %(first_response_seconds)s, %(first_response_timeout)s, %(first_response_rule_seconds)s,
                %(first_customer_message_time)s, %(first_service_reply_time)s,
                %(llm_raw_response)s, %(analysis_details)s, %(analysis_note)s,
                %(llm_provider)s, %(llm_model)s, %(llm_tokens_used)s,
                %(analysis_time)s, %(created_at)s, %(updated_at)s
            ) ON DUPLICATE KEY UPDATE
                order_id = VALUES(order_id),
                order_no = VALUES(order_no),
                session_id = VALUES(session_id),
                session_start_time = VALUES(session_start_time),
                session_end_time = VALUES(session_end_time),
                total_comments = VALUES(total_comments),
                customer_comments = VALUES(customer_comments),
                service_comments = VALUES(service_comments),
                has_evasion = VALUES(has_evasion),
                risk_level = VALUES(risk_level),
                confidence_score = VALUES(confidence_score),
                evasion_types = VALUES(evasion_types),
                evidence_sentences = VALUES(evidence_sentences),
                improvement_suggestions = VALUES(improvement_suggestions),
                keyword_screening_score = VALUES(keyword_screening_score),
                matched_categories = VALUES(matched_categories),
                matched_keywords = VALUES(matched_keywords),
                is_suspicious = VALUES(is_suspicious),
                sentiment = VALUES(sentiment),
                sentiment_intensity = VALUES(sentiment_intensity),
                conversation_text = VALUES(conversation_text),
                work_create_time = VALUES(work_create_time),
                first_service_reply_name = VALUES(first_service_reply_name),
                first_response_seconds = VALUES(first_response_seconds),
                first_response_timeout = VALUES(first_response_timeout),
                first_response_rule_seconds = VALUES(first_response_rule_seconds),
                first_customer_message_time = VALUES(first_customer_message_time),
                first_service_reply_time = VALUES(first_service_reply_time),
                llm_raw_response = VALUES(llm_raw_response),
                analysis_details = VALUES(analysis_details),
                analysis_note = VALUES(analysis_note),
                llm_provider = VALUES(llm_provider),
                llm_model = VALUES(llm_model),
                llm_tokens_used = VALUES(llm_tokens_used),
                analysis_time = VALUES(analysis_time),
                updated_at = VALUES(updated_at)
            ]
[parameters: {'work_id': 1949311671302356993, 'order_id': 1944761307374813184, 'order_no': '2827406894665329850', 'session_id': '1949311671302356993', 'session_start_time': datetime.datetime(2025, 7, 27, 11, 31, 33), 'session_end_time': datetime.datetime(2025, 7, 27, 14, 7, 43), 'total_comments': 10, 'customer_comments': 3, 'service_comments': 7, 'has_evasion': 1, 'risk_level': 'high', 'confidence_score': 0.4, 'evasion_types': '"推卸责任"', 'evidence_sentences': '[{"rule_type": "pattern", "rule_name": "推卸责任", "category": "推卸责任", "matched_keyword": null, "matched_pattern": "(找|联系|去问).*(师傅|厂家|供应商|4S店|原厂)", "matc ... (818 characters truncated) ... 模式 \'(找|联系|去问).*(师傅|厂家|供应商|4S店|原厂)\' 在类别 \'推卸责任\' 中匹配成功"}, "analysis_timestamp": "2025-12-12T11:00:01.315124", "evidence_status": "pattern_matched"}]', 'improvement_suggestions': '["检测到 推卸责任 相关行为，建议加强服务质量管控和人员培训"]', 'keyword_screening_score': 0.4, 'matched_categories': '推卸责任', 'matched_keywords': '{"推卸责任": {"keywords": [], "patterns": ["(找|联系|去问).*(师傅|厂家|供应商|4S店|原厂)", "(师傅|安装师傅).*(自己|负责|承担).*(责任|问题)"], "score": 0.4, "risk_level": "high", "excluded": false}}', 'is_suspicious': 1, 'sentiment': 'negative', 'sentiment_intensity': 0.7, 'conversation_text': '[2025-07-27 11:31:33] 客服(春佩-泡芙): 贴个膜，还给我车划了\n\n[2025-07-27 11:31:45] 客服(酒鬼队-徐莲花): 收到，马上处理\n[2025-07-27 11:35:17] 客服(酒鬼队-徐莲花): 联系车主核实主驾驶玻璃没有摇下来直接关门，结果 ... (213 characters truncated) ... ): 我看客户好评追加了，是处理好了吗\n[2025-07-27 13:55:26] 客服(酒鬼队-徐莲花): 是的呢，门店给点漆处理好了，里外全部清洗干净又送了玻璃水，\n[2025-07-27 14:07:43] 客服(酒鬼队-徐莲花): 【完结】回访车主已经没有问题了哦，师傅正常结算先完结了', 'work_create_time': None, 'first_service_reply_name': '酒鬼队-徐莲花', 'first_response_seconds': 12, 'first_response_timeout': 0, 'first_response_rule_seconds': 120, 'first_customer_message_time': datetime.datetime(2025, 7, 27, 11, 31, 33), 'first_service_reply_time': datetime.datetime(2025, 7, 27, 11, 31, 45), 'llm_raw_response': None, 'analysis_details': '{"has_evasion": true, "risk_level": "high", "confidence_score": 0.4, "evasion_types": "推卸责任", "evidence_sentences": [{"rule_type": "pattern", "rule_n ... (3610 characters truncated) ... 7T11:31:33", "first_service_reply_time": "2025-07-27T11:31:45", "first_service_reply_name": "酒鬼队-徐莲花", "customer_messages": 3, "service_messages": 7}', 'analysis_note': '风险级别: high, 置信度: 0.400 | 问题类型: 推卸责任 | 证据条数: 1 | 主要证据: 1. [推卸责任-正则] 联系门店现在车主还在门店，还在处理呢，师傅 | 对话统计: 总10条(客户0条,服务9条) | 基于关键词规则直接判定', 'llm_provider': 'volcengine', 'llm_model': 'kimi-k2-250711', 'llm_tokens_used': 0, 'analysis_time': datetime.datetime(2025, 12, 12, 11, 0, 1, 593909), 'created_at': datetime.datetime(2025, 12, 12, 11, 0, 1, 593911), 'updated_at': datetime.datetime(2025, 12, 12, 11, 0, 1, 593912)}]
(Background on this error at: https://sqlalche.me/e/20/e3q8)
2025-12-12 11:00:01 [ERROR] : 📊 参数类型统计: evidence_sentences=<class 'str'>, matched_keywords=<class 'str'>, analysis_details=<class 'str'>
2025-12-12 11:00:01 [ERROR] : 🔍 SQL语句片段: 
            INSERT INTO ai_work_comment_analysis_results (
                work_id, order_id, order_no, session_id, session_start_time, session_end_time,
                total_comments, customer_comm...
2025-12-12 11:00:01 [INFO] : 🔄 修复参数类型后重试保存工单 1949311671302356993
2025-12-12 11:00:01 [ERROR] : 保存工单 1949311671302356993 分析结果失败: (pymysql.err.OperationalError) (1054, "Unknown column 'work_create_time' in 'field list'")
[SQL: 
            INSERT INTO ai_work_comment_analysis_results (
                work_id, order_id, order_no, session_id, session_start_time, session_end_time,
                total_comments, customer_comments, service_comments,
                has_evasion, risk_level, confidence_score,
                evasion_types, evidence_sentences, improvement_suggestions,
                keyword_screening_score, matched_categories, matched_keywords, is_suspicious,
                sentiment, sentiment_intensity, conversation_text,
                work_create_time, first_service_reply_name,
                first_response_seconds, first_response_timeout, first_response_rule_seconds,
                first_customer_message_time, first_service_reply_time,
                llm_raw_response, analysis_details, analysis_note,
                llm_provider, llm_model, llm_tokens_used,
                analysis_time, created_at, updated_at
            ) VALUES (
                %(work_id)s, %(order_id)s, %(order_no)s, %(session_id)s, %(session_start_time)s, %(session_end_time)s,
                %(total_comments)s, %(customer_comments)s, %(service_comments)s,
                %(has_evasion)s, %(risk_level)s, %(confidence_score)s,
                %(evasion_types)s, %(evidence_sentences)s, %(improvement_suggestions)s,
                %(keyword_screening_score)s, %(matched_categories)s, %(matched_keywords)s, %(is_suspicious)s,
                %(sentiment)s, %(sentiment_intensity)s, %(conversation_text)s,
                %(work_create_time)s, %(first_service_reply_name)s,
                %(first_response_seconds)s, %(first_response_timeout)s, %(first_response_rule_seconds)s,
                %(first_customer_message_time)s, %(first_service_reply_time)s,
                %(llm_raw_response)s, %(analysis_details)s, %(analysis_note)s,
                %(llm_provider)s, %(llm_model)s, %(llm_tokens_used)s,
                %(analysis_time)s, %(created_at)s, %(updated_at)s
            ) ON DUPLICATE KEY UPDATE
                order_id = VALUES(order_id),
                order_no = VALUES(order_no),
                session_id = VALUES(session_id),
                session_start_time = VALUES(session_start_time),
                session_end_time = VALUES(session_end_time),
                total_comments = VALUES(total_comments),
                customer_comments = VALUES(customer_comments),
                service_comments = VALUES(service_comments),
                has_evasion = VALUES(has_evasion),
                risk_level = VALUES(risk_level),
                confidence_score = VALUES(confidence_score),
                evasion_types = VALUES(evasion_types),
                evidence_sentences = VALUES(evidence_sentences),
                improvement_suggestions = VALUES(improvement_suggestions),
                keyword_screening_score = VALUES(keyword_screening_score),
                matched_categories = VALUES(matched_categories),
                matched_keywords = VALUES(matched_keywords),
                is_suspicious = VALUES(is_suspicious),
                sentiment = VALUES(sentiment),
                sentiment_intensity = VALUES(sentiment_intensity),
                conversation_text = VALUES(conversation_text),
                work_create_time = VALUES(work_create_time),
                first_service_reply_name = VALUES(first_service_reply_name),
                first_response_seconds = VALUES(first_response_seconds),
                first_response_timeout = VALUES(first_response_timeout),
                first_response_rule_seconds = VALUES(first_response_rule_seconds),
                first_customer_message_time = VALUES(first_customer_message_time),
                first_service_reply_time = VALUES(first_service_reply_time),
                llm_raw_response = VALUES(llm_raw_response),
                analysis_details = VALUES(analysis_details),
                analysis_note = VALUES(analysis_note),
                llm_provider = VALUES(llm_provider),
                llm_model = VALUES(llm_model),
                llm_tokens_used = VALUES(llm_tokens_used),
                analysis_time = VALUES(analysis_time),
                updated_at = VALUES(updated_at)
            ]
[parameters: {'work_id': 1949311671302356993, 'order_id': 1944761307374813184, 'order_no': '2827406894665329850', 'session_id': '1949311671302356993', 'session_start_time': datetime.datetime(2025, 7, 27, 11, 31, 33), 'session_end_time': datetime.datetime(2025, 7, 27, 14, 7, 43), 'total_comments': 10, 'customer_comments': 3, 'service_comments': 7, 'has_evasion': 1, 'risk_level': 'high', 'confidence_score': 0.4, 'evasion_types': '"推卸责任"', 'evidence_sentences': '[{"rule_type": "pattern", "rule_name": "推卸责任", "category": "推卸责任", "matched_keyword": null, "matched_pattern": "(找|联系|去问).*(师傅|厂家|供应商|4S店|原厂)", "matc ... (818 characters truncated) ... 模式 \'(找|联系|去问).*(师傅|厂家|供应商|4S店|原厂)\' 在类别 \'推卸责任\' 中匹配成功"}, "analysis_timestamp": "2025-12-12T11:00:01.315124", "evidence_status": "pattern_matched"}]', 'improvement_suggestions': '["检测到 推卸责任 相关行为，建议加强服务质量管控和人员培训"]', 'keyword_screening_score': 0.4, 'matched_categories': '推卸责任', 'matched_keywords': '{"推卸责任": {"keywords": [], "patterns": ["(找|联系|去问).*(师傅|厂家|供应商|4S店|原厂)", "(师傅|安装师傅).*(自己|负责|承担).*(责任|问题)"], "score": 0.4, "risk_level": "high", "excluded": false}}', 'is_suspicious': 1, 'sentiment': 'negative', 'sentiment_intensity': 0.7, 'conversation_text': '[2025-07-27 11:31:33] 客服(春佩-泡芙): 贴个膜，还给我车划了\n\n[2025-07-27 11:31:45] 客服(酒鬼队-徐莲花): 收到，马上处理\n[2025-07-27 11:35:17] 客服(酒鬼队-徐莲花): 联系车主核实主驾驶玻璃没有摇下来直接关门，结果 ... (213 characters truncated) ... ): 我看客户好评追加了，是处理好了吗\n[2025-07-27 13:55:26] 客服(酒鬼队-徐莲花): 是的呢，门店给点漆处理好了，里外全部清洗干净又送了玻璃水，\n[2025-07-27 14:07:43] 客服(酒鬼队-徐莲花): 【完结】回访车主已经没有问题了哦，师傅正常结算先完结了', 'work_create_time': None, 'first_service_reply_name': '酒鬼队-徐莲花', 'first_response_seconds': 12, 'first_response_timeout': 0, 'first_response_rule_seconds': 120, 'first_customer_message_time': datetime.datetime(2025, 7, 27, 11, 31, 33), 'first_service_reply_time': datetime.datetime(2025, 7, 27, 11, 31, 45), 'llm_raw_response': None, 'analysis_details': '{"has_evasion": true, "risk_level": "high", "confidence_score": 0.4, "evasion_types": "推卸责任", "evidence_sentences": [{"rule_type": "pattern", "rule_n ... (3610 characters truncated) ... 7T11:31:33", "first_service_reply_time": "2025-07-27T11:31:45", "first_service_reply_name": "酒鬼队-徐莲花", "customer_messages": 3, "service_messages": 7}', 'analysis_note': '风险级别: high, 置信度: 0.400 | 问题类型: 推卸责任 | 证据条数: 1 | 主要证据: 1. [推卸责任-正则] 联系门店现在车主还在门店，还在处理呢，师傅 | 对话统计: 总10条(客户0条,服务9条) | 基于关键词规则直接判定', 'llm_provider': 'volcengine', 'llm_model': 'kimi-k2-250711', 'llm_tokens_used': 0, 'analysis_time': datetime.datetime(2025, 12, 12, 11, 0, 1, 593909), 'created_at': datetime.datetime(2025, 12, 12, 11, 0, 1, 593911), 'updated_at': datetime.datetime(2025, 12, 12, 11, 0, 1, 593912)}]
(Background on this error at: https://sqlalche.me/e/20/e3q8)
2025-12-12 11:00:01 [INFO] : 工单 1949311671302356993 AI状态更新为: FAILED
2025-12-12 11:00:01 [INFO] : 工单 1949311671302356993 标记为处理失败: 保存分析结果失败
2025-12-12 11:00:01 [INFO] : 工单 1949311647721979904 AI状态更新为: COMPLETED
2025-12-12 11:00:01 [INFO] : 工单 1949311469677969409 AI状态更新为: COMPLETED
2025-12-12 11:00:01 [INFO] : 工单 1949311435611832321 AI状态更新为: COMPLETED
2025-12-12 11:00:01 [INFO] : 工单 1949311361947271169 AI状态更新为: COMPLETED
2025-12-12 11:00:01 [INFO] : 工单 1949311351373430785 AI状态更新为: COMPLETED
2025-12-12 11:00:01 [INFO] : 工单 1949311344335388673 AI状态更新为: COMPLETED
2025-12-12 11:00:01 [INFO] : 工单 1949311332612308993 AI状态更新为: COMPLETED
2025-12-12 11:00:01 [INFO] : 工单 1949312219518861313 AI状态更新为: COMPLETED
2025-12-12 11:00:01 [INFO] : 工单 1949313976915460097 AI状态更新为: COMPLETED
2025-12-12 11:00:01 [INFO] : 工单 1949313892760944640 AI状态更新为: COMPLETED
2025-12-12 11:00:01 [INFO] : 工单 1949313705585934337 AI状态更新为: COMPLETED
2025-12-12 11:00:01 [INFO] : 工单 1949313685960785921 AI状态更新为: COMPLETED
2025-12-12 11:00:01 [INFO] : 工单 1949313678385872897 AI状态更新为: COMPLETED
2025-12-12 11:00:01 [INFO] : 工单 1949313636954537985 AI状态更新为: COMPLETED
2025-12-12 11:00:01 [INFO] : 工单 1949313613072171008 AI状态更新为: COMPLETED
2025-12-12 11:00:01 [INFO] : 工单 1949313353780297729 AI状态更新为: COMPLETED
2025-12-12 11:00:01 [INFO] : 工单 1949313251380559873 AI状态更新为: COMPLETED
2025-12-12 11:00:01 [INFO] : 工单 1949313153678442497 AI状态更新为: COMPLETED
2025-12-12 11:00:01 [INFO] : 工单 1949313147739308033 AI状态更新为: COMPLETED
2025-12-12 11:00:01 [INFO] : 工单 1949312802032189441 AI状态更新为: COMPLETED
2025-12-12 11:00:01 [INFO] : 工单 1949312752040280065 AI状态更新为: COMPLETED
2025-12-12 11:00:01 [INFO] : 工单 1949312603033436161 AI状态更新为: COMPLETED
2025-12-12 11:00:01 [INFO] : 工单 1949312550629801985 AI状态更新为: COMPLETED
2025-12-12 11:00:01 [INFO] : 工单 1949312459974115329 AI状态更新为: COMPLETED
2025-12-12 11:00:01 [INFO] : 工单 1949312457264594944 AI状态更新为: COMPLETED
2025-12-12 11:00:01 [INFO] : 工单 1949312347969421313 AI状态更新为: COMPLETED
2025-12-12 11:00:01 [INFO] : 工单 1949312328411381761 AI状态更新为: COMPLETED
2025-12-12 11:00:01 [INFO] : 工单 1949312324619730945 AI状态更新为: COMPLETED
2025-12-12 11:00:01 [INFO] : 工单 1949312286740971521 AI状态更新为: COMPLETED
2025-12-12 11:00:01 [INFO] : 工单 1949312278381723649 AI状态更新为: COMPLETED
2025-12-12 11:00:01 [INFO] : 工单 1949312235830509569 AI状态更新为: COMPLETED
2025-12-12 11:00:01 [INFO] : 工单 1949312169107521537 AI状态更新为: COMPLETED
2025-12-12 11:00:01 [INFO] : ========================================
2025-12-12 11:00:01 [INFO] : 🎉 批量分析完成统计:
2025-12-12 11:00:01 [INFO] :   ✅ 成功: 49
2025-12-12 11:00:01 [INFO] :   ❌ 失败: 1
2025-12-12 11:00:01 [INFO] :   📊 成功率: 98.0%
2025-12-12 11:00:01 [INFO] : ========================================
2025-12-12 11:00:01 [INFO] : 📊 步骤2: 批量分析结果 - success: True, 成功: 49, 失败: 1
2025-12-12 11:00:01 [INFO] : ================================================================================
2025-12-12 11:00:01 [INFO] : 🎉 pending分析队列处理完成 - 最终统计:
2025-12-12 11:00:01 [INFO] :   📥 拉取pending工单总数: 50
2025-12-12 11:00:01 [INFO] :   💬 有评论需分析数量: 50
2025-12-12 11:00:01 [INFO] :   🔍 实际分析处理数量: 50
2025-12-12 11:00:01 [INFO] :   ✅ 成功分析完成数量: 49
2025-12-12 11:00:01 [INFO] :   ❌ 分析失败数量: 1
2025-12-12 11:00:01 [INFO] :   ⏭️ 跳过处理数量: 0
2025-12-12 11:00:01 [INFO] :   📊 分析成功率: 98.0%
2025-12-12 11:00:01 [INFO] : ================================================================================
2025-12-12 11:00:01 [INFO] : ✅ 任务完成: SCHED_BATCH_ANALYSIS_20251212_110000_69d89bfe, 状态: completed, 耗时: 1秒
2025-12-12 11:00:01 [INFO] : ✅ 批量分析工作流完成: task_id=SCHED_BATCH_ANALYSIS_20251212_110000_69d89bfe
2025-12-12 11:00:01 [INFO] : ✅ 任务完成: SCHED_BATCH_ANALYSIS_20251212_110000_69d89bfe, 状态: completed, 耗时: 1秒
2025-12-12 11:00:01 [INFO] : ✅ APScheduler任务完成: SCHED_BATCH_ANALYSIS_20251212_110000_69d89bfe
2025-12-12 11:00:01 [INFO] : Job "客服记录分析任务 (trigger: cron[month='*', day='*', day_of_week='*', hour='*', minute='*/5'], next run at: 2025-12-12 11:05:00 CST)" executed successfully
2025-12-12 11:00:01 [INFO] : ✅ 任务执行完成: customer_service_analysis
